<?xml version="1.0" encoding="iso-8859-1" ?>
<newsitem itemid="435095" id="root" date="1997-03-12" xml:lang="en">
<title>USA: RESEARCH ALERT - Noven cut to neutral.</title>
<headline>RESEARCH ALERT - Noven cut to neutral.</headline>
<text>
<p>--Rodman &amp; Renshaw Inc said Wednesday it lowered its rating on Noven Pharmaceuticals Inc to neutral from buy.</p>
<p>--Rodman said Noven management told analysts of a 1996 Q4 shortfall in product sales of estrogen patches due to inventory buildup by two licensees, Novartis AG and Rhone-Poulenc Rorer Inc, that will continue into 1997.</p>
<p>--Rodman's 1997 per share projection on Noven is for a loss of $0.10. It previously had expected a profit of $0.40 per share.</p>
<p>--Noven ended trade down 2-7/16 at 8-9/16.</p>
<p>	   ((Reuters Chicago Newsdesk (312) 408-8787))</p>
</text>
<copyright>(c) Reuters Limited 1997</copyright>
<metadata>
<codes class="bip:countries:1.0">
  <code code="USA">
    <editdetail attribution="Reuters BIP Coding Group" action="confirmed" date="1997-03-12"/>
  </code>
</codes>
<codes class="bip:industries:1.0">
  <code code="I25700">
    <editdetail attribution="Reuters BIP Coding Group" action="confirmed" date="1997-03-12"/>
  </code>
</codes>
<codes class="bip:topics:1.0">
  <code code="C15">
    <editdetail attribution="Reuters BIP Coding Group" action="confirmed" date="1997-03-12"/>
  </code>
  <code code="C152">
    <editdetail attribution="Reuters BIP Coding Group" action="confirmed" date="1997-03-12"/>
  </code>
  <code code="CCAT">
    <editdetail attribution="Reuters BIP Coding Group" action="confirmed" date="1997-03-12"/>
  </code>
</codes>
<dc element="dc.publisher" value="Reuters Holdings Plc"/>
<dc element="dc.date.published" value="1997-03-12"/>
<dc element="dc.source" value="Reuters"/>
<dc element="dc.creator.location.country.name" value="USA"/>
<dc element="dc.source" value="Reuters"/>
</metadata>
</newsitem>
