<?xml version="1.0" encoding="iso-8859-1" ?>
<newsitem itemid="435090" id="root" date="1997-03-12" xml:lang="en">
<title>CANADA: Canada C$1.5 billion 49-day yields avg 2.910 pct.</title>
<headline>Canada C$1.5 billion 49-day yields avg 2.910 pct.</headline>
<dateline>OTTAWA 1997-03-12</dateline>
<text>
<p>The Bank of Canada said its C$1.5 billion auction of 49-day T-bills due May 1 produced the following results:</p>
<p>				 YIELD   PRICE</p>
<p>			  AVG   2.910   N/A     PCT AT</p>
<p>			  LO    2.895   N/A     HI YLD</p>
<p>			  HI    2.940   N/A     55.000</p>
<p>The bills will be issued on March 13. The Bank of Canada bought none.</p>
<p>((Reuters Toronto Bureau (416) 941-8100))</p>
</text>
<copyright>(c) Reuters Limited 1997</copyright>
<metadata>
<codes class="bip:countries:1.0">
  <code code="CANA">
    <editdetail attribution="Reuters BIP Coding Group" action="confirmed" date="1997-03-12"/>
  </code>
</codes>
<codes class="bip:topics:1.0">
  <code code="M13">
    <editdetail attribution="Reuters BIP Coding Group" action="confirmed" date="1997-03-12"/>
  </code>
  <code code="M131">
    <editdetail attribution="Reuters BIP Coding Group" action="confirmed" date="1997-03-12"/>
  </code>
  <code code="MCAT">
    <editdetail attribution="Reuters BIP Coding Group" action="confirmed" date="1997-03-12"/>
  </code>
</codes>
<dc element="dc.date.created" value="1997-03-12"/>
<dc element="dc.publisher" value="Reuters Holdings Plc"/>
<dc element="dc.date.published" value="1997-03-12"/>
<dc element="dc.source" value="Reuters"/>
<dc element="dc.creator.location" value="OTTAWA"/>
<dc element="dc.creator.location.country.name" value="CANADA"/>
<dc element="dc.source" value="Reuters"/>
</metadata>
</newsitem>
