<?xml version="1.0" encoding="iso-8859-1" ?>
<newsitem itemid="435066" id="root" date="1997-03-12" xml:lang="en">
<title>UK: British submariners risk trauma death - study.</title>
<headline>British submariners risk trauma death - study.</headline>
<dateline>LONDON 1996-03-13</dateline>
<text>
<p>Britain's submariners suffer unusually low rates of cancer, despite their exposure to nuclear-powered engines -- but they tend to die more from alcohol abuse or accidents, researchers said on Thursday.</p>
<p>As well as having low rates of cancer, Sailors assigned to submarines have low rates of respiratory disease, but this could be because only the healthiest recruits go onto submarines, Dr Hazel Inskip of the University of Southampton said.</p>
<p>Inskip looked at the records of 15,000 submariners and found to her surprise that they had high rates of death from suicide and accidents such as drowning, as well as from cirrhosis of the liver.</p>
<p>&quot;Risk-taking may have increased when people were freed from the discipline of the services and, as with cirrhosis, alcohol may have played part,&quot; she wrote in a report in the journal of Occupational and Environmental Medicine.</p>
<p>The report was commissioned by the Ministry of Defence, which was concerned about the possible effect of radiation on sailors serving aboard nuclear submarines.</p>
</text>
<copyright>(c) Reuters Limited 1997</copyright>
<metadata>
<codes class="bip:countries:1.0">
  <code code="UK">
    <editdetail attribution="Reuters BIP Coding Group" action="confirmed" date="1997-03-12"/>
  </code>
</codes>
<codes class="bip:topics:1.0">
  <code code="GCAT">
    <editdetail attribution="Reuters BIP Coding Group" action="confirmed" date="1997-03-12"/>
  </code>
  <code code="GDEF">
    <editdetail attribution="Reuters BIP Coding Group" action="confirmed" date="1997-03-12"/>
  </code>
  <code code="GHEA">
    <editdetail attribution="Reuters BIP Coding Group" action="confirmed" date="1997-03-12"/>
  </code>
</codes>
<dc element="dc.date.created" value="1996-03-13"/>
<dc element="dc.publisher" value="Reuters Holdings Plc"/>
<dc element="dc.date.published" value="1997-03-12"/>
<dc element="dc.source" value="Reuters"/>
<dc element="dc.creator.location" value="LONDON"/>
<dc element="dc.creator.location.country.name" value="UK"/>
<dc element="dc.source" value="Reuters"/>
</metadata>
</newsitem>
