<?xml version="1.0" encoding="iso-8859-1" ?>
<newsitem itemid="435078" id="root" date="1997-03-12" xml:lang="en">
<title>USA: Accent Color names Patrick Pedonti as CEO.</title>
<headline>Accent Color names Patrick Pedonti as CEO.</headline>
<dateline>EAST HARTFORD, Conn 1997-03-12</dateline>
<text>
<p>Accent Color Sciences Inc said Wednesday it had appointed Patrick Pedonti as chief financial officer.</p>
<p>Pedonti, who held the same position at Chemprene Inc, will replace Stephen Henn, who has decided to leave the company to pursue other interests, it said.  </p>
<p>Accent Color makes color printing systems for digital, high-speed, black-on-white printers and accessories.</p>
</text>
<copyright>(c) Reuters Limited 1997</copyright>
<metadata>
<codes class="bip:countries:1.0">
  <code code="USA">
    <editdetail attribution="Reuters BIP Coding Group" action="confirmed" date="1997-03-12"/>
  </code>
</codes>
<codes class="bip:industries:1.0">
  <code code="I33010">
    <editdetail attribution="Reuters BIP Coding Group" action="confirmed" date="1997-03-12"/>
  </code>
</codes>
<codes class="bip:topics:1.0">
  <code code="C41">
    <editdetail attribution="Reuters BIP Coding Group" action="confirmed" date="1997-03-12"/>
  </code>
  <code code="C411">
    <editdetail attribution="Reuters BIP Coding Group" action="confirmed" date="1997-03-12"/>
  </code>
  <code code="CCAT">
    <editdetail attribution="Reuters BIP Coding Group" action="confirmed" date="1997-03-12"/>
  </code>
</codes>
<dc element="dc.date.created" value="1997-03-12"/>
<dc element="dc.publisher" value="Reuters Holdings Plc"/>
<dc element="dc.date.published" value="1997-03-12"/>
<dc element="dc.source" value="Reuters"/>
<dc element="dc.creator.location" value="EAST HARTFORD, Conn"/>
<dc element="dc.creator.location.country.name" value="USA"/>
<dc element="dc.source" value="Reuters"/>
</metadata>
</newsitem>
