<?xml version="1.0" encoding="iso-8859-1" ?>
<newsitem itemid="435077" id="root" date="1997-03-12" xml:lang="en">
<title>EU:  OFFICIAL JOURNAL CONTENTS - OJ L 70 OF MARCH 12, 1997.</title>
<headline>OFFICIAL JOURNAL CONTENTS - OJ L 70 OF MARCH 12, 1997.</headline>
<text>
<p>*</p>
<p>(Note - contents are displayed in reverse order to that in the printed Journal)</p>
<p>*</p>
<p>COMMISSION DECISION of 20 February 1997 amending Decision 94/652/EC establishing the inventory and distribution of tasks to be undertaken within the framework of cooperation by Member States in the scientific examination of questions relating to food (Text with EEA relevance) (97/174/EC)</p>
<p>COMMISSION REGULATION (EC) No 466/97 of 11 March 1997 on the issuing of A1 export licences for fruit and vegetables</p>
<p>COMMISSION REGULATION (EC) No 465/97 of 11 March 1997 determining the world market price for unginned cotton and the rate for the aid</p>
<p>COMMISSION REGULATION (EC) No 464/97 of 11 March 1997 amending representative prices and additional duties for the import of certain products in the sugar sector</p>
<p>COMMISSION REGULATION (EC) No 463/97 of 11 March 1997 establishing the standard import values for determining the entry price of certain fruit and vegetables</p>
<p>COMMISSION REGULATION (EC) No 462/97 of 11 March 1997 suspending the preferential customs duties and re-establishing the Common Customs Tariff duty on imports of small-flowered roses originating in Israel END OF DOCUMENT.</p>
</text>
<copyright>(c) Reuters Limited 1997</copyright>
<metadata>
<codes class="bip:countries:1.0">
  <code code="EEC">
    <editdetail attribution="Reuters BIP Coding Group" action="confirmed" date="1997-03-12"/>
  </code>
</codes>
<codes class="bip:topics:1.0">
  <code code="G15">
    <editdetail attribution="Reuters BIP Coding Group" action="confirmed" date="1997-03-12"/>
  </code>
  <code code="GCAT">
    <editdetail attribution="Reuters BIP Coding Group" action="confirmed" date="1997-03-12"/>
  </code>
</codes>
<dc element="dc.publisher" value="Reuters Holdings Plc"/>
<dc element="dc.date.published" value="1997-03-12"/>
<dc element="dc.source" value="Reuters"/>
<dc element="dc.creator.location.country.name" value="EU"/>
<dc element="dc.source" value="Reuters"/>
</metadata>
</newsitem>
