<?xml version="1.0" encoding="iso-8859-1" ?>
<newsitem itemid="435068" id="root" date="1997-03-12" xml:lang="en">
<title>UK: Australians mass-produce embryo clones - magazine.</title>
<headline>Australians mass-produce embryo clones - magazine.</headline>
<dateline>LONDON 1996-03-13</dateline>
<text>
<p>Australian researchers have created more than 400 cattle clones from embryos and say it is a first step towards mass-producing identical farm animals, New Scientist magazine reported on Thursday.</p>
<p>They did not use the technique used to create the controversial Dolly from an adult sheep in Scotland, but slightly older technology involving the duplication of embryos.</p>
<p>But Alan Trounson of Monash University in Clayton, Victoria, told the magazine they might be able to use the method of the Scottish developers of Dolly to clone hundreds of genetically identical adult animals.</p>
<p>&quot;We are developing a production process for genetically identical embryos,&quot; Bernie Harford of Genetics Australia, which is working with Trounson's group, said.</p>
<p>The researchers produce calf embryos using standard test-tube technology and let them grow a bit into a ball of cells known as a blastocyst. They then separate cells out and fuse them with eggs that have had their nucleus removed to create new embryos.</p>
<p>These embryos are grown and separated again and again to create a whole line of little clones -- 470 at last count.</p>
<p>&quot;We don't know of any other group being able to produce that many healthy cloned embryos,&quot; Harford told New Scientist.</p>
<p>None of the Australian embryonic clones has been implanted into a cow and successfully grown into a foetus, let alone a calf. The Dolly researchers have created six sheep clones using this method -- starting with Megan and Moran, born a year ago.</p>
<p>Clone researchers say the technology can benefit medicine and animal science. The Scottish researchers want to use their clones to create genetically engineered animals for use in producing medicine.</p>
<p>The Australian researchers say they want to use their technology to create a reliable herd of prize cattle. Currently farmers will breed from one prize bull over and over again, but offspring vary in quality depending on the mothers.</p>
<p>Cloning would allow for guaranteed elite livestock.</p>
</text>
<copyright>(c) Reuters Limited 1997</copyright>
<metadata>
<codes class="bip:countries:1.0">
  <code code="AUSTR">
    <editdetail attribution="Reuters BIP Coding Group" action="confirmed" date="1997-03-12"/>
  </code>
  <code code="UK">
    <editdetail attribution="Reuters BIP Coding Group" action="confirmed" date="1997-03-12"/>
  </code>
</codes>
<codes class="bip:topics:1.0">
  <code code="GCAT">
    <editdetail attribution="Reuters BIP Coding Group" action="confirmed" date="1997-03-12"/>
  </code>
  <code code="GSCI">
    <editdetail attribution="Reuters BIP Coding Group" action="confirmed" date="1997-03-12"/>
  </code>
</codes>
<dc element="dc.date.created" value="1996-03-13"/>
<dc element="dc.publisher" value="Reuters Holdings Plc"/>
<dc element="dc.date.published" value="1997-03-12"/>
<dc element="dc.source" value="Reuters"/>
<dc element="dc.creator.location" value="LONDON"/>
<dc element="dc.creator.location.country.name" value="UK"/>
<dc element="dc.source" value="Reuters"/>
</metadata>
</newsitem>
