<?xml version="1.0" encoding="iso-8859-1" ?>
<newsitem itemid="435084" id="root" date="1997-03-12" xml:lang="en">
<title>CANADA: Canadian regulator forces TV shows off air.</title>
<headline>Canadian regulator forces TV shows off air.</headline>
<byline>Brendan Kelly</byline>
<text>
<p>MONTREAL (Variety) - In an unprecedented move, the Canadian Radio-Television and Telecommunications Commission has ordered the CBC-controlled all-news network Newsworld to drop two of its most popular shows.</p>
<p>In response to complaints from Baton Broadcasting, CHUM Ltd. and the Canadian Association of Broadcasters, the broadcast regulator ruled that the satirical comedy shows The Royal Canadian Air Farce and This Hour Has 22 Minutes, do not qualify as news programming and fall outside the range of shows the specialty news channel is allowed to air.</p>
<p>It is a controversial decision that is already being hotly contested by CBC executives, and it could have significant implications for the slew of new specialty outlets due in Canada over the next two years.</p>
<p>Jim Byrd, vice-president of CBC's English Television Networks, said there have been no viewer complaints about the airing of Air Farce and This Hour on Newsworld, and the public broadcaster plans to appeal the CRTC ruling.</p>
<p>The CBC's argument to the CRTC was that the two shows, which routinely savagely lampoon the country's politicians, fit within the category of news and information programming because they tackle political issues.</p>
<p>&quot;This issue is going to crop up more and more if the categories are defined narrowly,&quot; said Byrd. &quot;Maybe it's time to revisit the categories.&quot;</p>
<p>Air Farce and This Hour, which also air on the main CBC network, are the two top-rated programs on Newsworld, each drawing weekly audiences of between 250,000 and 300,000 viewers.</p>
<p>This is not the first time Baton execs have shown an interest in the fate of these popular comedy shows. Last year, Baton president Ivan Fecan unsuccessfully tried to convince the producers of Air Farce and This Hour to leave CBC and join the private Baton system.</p>
<p>Baton's new all-comedy channel, due later this year, has already expressed an interest in running old episodes from the Air Farce vaults.</p>
<p>The two shows have been taken off the air on Newsworld, but CBC management is planning to ask the CRTC to modify the channel's license requirements to allow it to bring the shows back.</p>
</text>
<copyright>(c) Reuters Limited 1997</copyright>
<metadata>
<codes class="bip:countries:1.0">
  <code code="CANA">
    <editdetail attribution="Reuters BIP Coding Group" action="confirmed" date="1997-03-12"/>
  </code>
</codes>
<codes class="bip:industries:1.0">
  <code code="I97400">
    <editdetail attribution="Reuters BIP Coding Group" action="confirmed" date="1997-03-12"/>
  </code>
</codes>
<codes class="bip:topics:1.0">
  <code code="C13">
    <editdetail attribution="Reuters BIP Coding Group" action="confirmed" date="1997-03-12"/>
  </code>
  <code code="C21">
    <editdetail attribution="Reuters BIP Coding Group" action="confirmed" date="1997-03-12"/>
  </code>
  <code code="CCAT">
    <editdetail attribution="Reuters BIP Coding Group" action="confirmed" date="1997-03-12"/>
  </code>
</codes>
<dc element="dc.publisher" value="Reuters Holdings Plc"/>
<dc element="dc.date.published" value="1997-03-12"/>
<dc element="dc.source" value="Reuters"/>
<dc element="dc.creator.location.country.name" value="CANADA"/>
<dc element="dc.source" value="Reuters"/>
</metadata>
</newsitem>
