<?xml version="1.0" encoding="iso-8859-1" ?>
<newsitem itemid="435097" id="root" date="1997-03-12" xml:lang="en">
<title>USA: RESEARCH ALERT - Lifetime Hoan cut.</title>
<headline>RESEARCH ALERT - Lifetime Hoan cut.</headline>
<text>
<p>-- Rauscher Pierce Refsnes said it reduced the rating on Lifetime Hoan Corp to buy-market performer from buy-focus.</p>
<p>-- company said earlier Wednesday it expected first quarter net income of $1.3 million compared with $1.7 million for the year-ago quarter.</p>
<p>-- shares dropped two to nine on Wednesday.</p>
</text>
<copyright>(c) Reuters Limited 1997</copyright>
<metadata>
<codes class="bip:countries:1.0">
  <code code="USA">
    <editdetail attribution="Reuters BIP Coding Group" action="confirmed" date="1997-03-12"/>
  </code>
</codes>
<codes class="bip:industries:1.0">
  <code code="I31000">
    <editdetail attribution="Reuters BIP Coding Group" action="confirmed" date="1997-03-12"/>
  </code>
</codes>
<codes class="bip:topics:1.0">
  <code code="C15">
    <editdetail attribution="Reuters BIP Coding Group" action="confirmed" date="1997-03-12"/>
  </code>
  <code code="C152">
    <editdetail attribution="Reuters BIP Coding Group" action="confirmed" date="1997-03-12"/>
  </code>
  <code code="CCAT">
    <editdetail attribution="Reuters BIP Coding Group" action="confirmed" date="1997-03-12"/>
  </code>
</codes>
<dc element="dc.publisher" value="Reuters Holdings Plc"/>
<dc element="dc.date.published" value="1997-03-12"/>
<dc element="dc.source" value="Reuters"/>
<dc element="dc.creator.location.country.name" value="USA"/>
<dc element="dc.source" value="Reuters"/>
</metadata>
</newsitem>
