<?xml version="1.0" encoding="iso-8859-1" ?>
<newsitem itemid="435098" id="root" date="1997-03-12" xml:lang="en">
<title>USA: RESEARCH ALERT - EVEREN cuts Sullivan Dental.</title>
<headline>RESEARCH ALERT - EVEREN cuts Sullivan Dental.</headline>
<text>
<p>-- EVEREN Securities Inc said Wednesday it cut its rating for Sullivan Dental Products Inc to market performer from outperform for the intermediate term.</p>
<p>-- EVEREN said the move is a response to significant gains in the price of the company's stock in the last six months, which stemmed from improving earnings growth and stability.</p>
<p>-- Sullivan is currently slightly ahead of EVEREN's six-month target of $15, EVEREN said.</p>
<p>-- EVEREN said it is also raising its earnings estimate for fiscal 1997 to $1.03 a share from $1.01 and the estimate for fiscal 1998 to $1.15 from $1.13.</p>
<p>-- Sullivan markets dental products and equipment.</p>
<p>-- Its shares were off 3/8 Wednesday at 15-1/4.</p>
<p>((Chicago newsdesk (312) 408-8787))</p>
</text>
<copyright>(c) Reuters Limited 1997</copyright>
<metadata>
<codes class="bip:countries:1.0">
  <code code="USA">
    <editdetail attribution="Reuters BIP Coding Group" action="confirmed" date="1997-03-12"/>
  </code>
</codes>
<codes class="bip:industries:1.0">
  <code code="I37200">
    <editdetail attribution="Reuters BIP Coding Group" action="confirmed" date="1997-03-12"/>
  </code>
</codes>
<codes class="bip:topics:1.0">
  <code code="C15">
    <editdetail attribution="Reuters BIP Coding Group" action="confirmed" date="1997-03-12"/>
  </code>
  <code code="C152">
    <editdetail attribution="Reuters BIP Coding Group" action="confirmed" date="1997-03-12"/>
  </code>
  <code code="CCAT">
    <editdetail attribution="Reuters BIP Coding Group" action="confirmed" date="1997-03-12"/>
  </code>
</codes>
<dc element="dc.publisher" value="Reuters Holdings Plc"/>
<dc element="dc.date.published" value="1997-03-12"/>
<dc element="dc.source" value="Reuters"/>
<dc element="dc.creator.location.country.name" value="USA"/>
<dc element="dc.source" value="Reuters"/>
</metadata>
</newsitem>
