<?xml version="1.0" encoding="iso-8859-1" ?>
<newsitem itemid="435079" id="root" date="1997-03-12" xml:lang="en">
<title>USA: Sylvan to buy National Education for $750 mln.</title>
<headline>Sylvan to buy National Education for $750 mln.</headline>
<dateline>BALTIMORE 1997-03-12</dateline>
<text>
<p>Sylvan Learning Systems Inc said Wednesday it had agreed to buy National Education Corp for $750 million in stock.</p>
<p>Sylvan, which runs 650 tutoring and trade schools, said it will issue 0.58 share for each National Education share.</p>
<p>The deal values National Education at $20.37 a share, a 20 percent premium, Sylvan said.</p>
<p>The transaction, which is expected to be completed by the end of the second quarter, is seen increasing the combined companies' earnings per share in 1997, the companies said.  </p>
<p>The acquisition will create a national network of schools that can help students from kindergarten to adulthood, the companies said.</p>
<p>&quot;This will place the combined company in an excellent position to increase its business in existing markets and to penetrate new markets within the trillion dollar worldwide education services field,&quot; said Doug Becker, Sylvan chief executive.</p>
</text>
<copyright>(c) Reuters Limited 1997</copyright>
<metadata>
<codes class="bip:countries:1.0">
  <code code="USA">
    <editdetail attribution="Reuters BIP Coding Group" action="confirmed" date="1997-03-12"/>
  </code>
</codes>
<codes class="bip:industries:1.0">
  <code code="I83940">
    <editdetail attribution="Reuters BIP Coding Group" action="confirmed" date="1997-03-12"/>
  </code>
</codes>
<codes class="bip:topics:1.0">
  <code code="C18">
    <editdetail attribution="Reuters BIP Coding Group" action="confirmed" date="1997-03-12"/>
  </code>
  <code code="C181">
    <editdetail attribution="Reuters BIP Coding Group" action="confirmed" date="1997-03-12"/>
  </code>
  <code code="CCAT">
    <editdetail attribution="Reuters BIP Coding Group" action="confirmed" date="1997-03-12"/>
  </code>
</codes>
<dc element="dc.date.created" value="1997-03-12"/>
<dc element="dc.publisher" value="Reuters Holdings Plc"/>
<dc element="dc.date.published" value="1997-03-12"/>
<dc element="dc.source" value="Reuters"/>
<dc element="dc.creator.location" value="BALTIMORE"/>
<dc element="dc.creator.location.country.name" value="USA"/>
<dc element="dc.source" value="Reuters"/>
</metadata>
</newsitem>
