<?xml version="1.0" encoding="iso-8859-1" ?>
<newsitem itemid="435099" id="root" date="1997-03-12" xml:lang="en">
<title>USA: RESEARCH ALERT - Jabil Circuit attractive.</title>
<headline>RESEARCH ALERT - Jabil Circuit attractive.</headline>
<text>
<p>-- Robertson, Stephens &amp; Co said its analyst Keith Dunne has started coverage of shares of Jabil Circuit Ltd with a long-term attractive rating and a price target of $45 to $47 a share.</p>
<p>-- In a statment, Dunne said he expects the electronics manufacturing and services company to grow its earnings per share by 30 percent over the next few years.</p>
<p>-- He estimates the company will earn $2.05 a share in 1997 and $2.50 a share in 1998.</p>
</text>
<copyright>(c) Reuters Limited 1997</copyright>
<metadata>
<codes class="bip:countries:1.0">
  <code code="USA">
    <editdetail attribution="Reuters BIP Coding Group" action="confirmed" date="1997-03-12"/>
  </code>
</codes>
<codes class="bip:industries:1.0">
  <code code="I34531">
    <editdetail attribution="Reuters BIP Coding Group" action="confirmed" date="1997-03-12"/>
  </code>
</codes>
<codes class="bip:topics:1.0">
  <code code="C15">
    <editdetail attribution="Reuters BIP Coding Group" action="confirmed" date="1997-03-12"/>
  </code>
  <code code="C152">
    <editdetail attribution="Reuters BIP Coding Group" action="confirmed" date="1997-03-12"/>
  </code>
  <code code="CCAT">
    <editdetail attribution="Reuters BIP Coding Group" action="confirmed" date="1997-03-12"/>
  </code>
</codes>
<dc element="dc.publisher" value="Reuters Holdings Plc"/>
<dc element="dc.date.published" value="1997-03-12"/>
<dc element="dc.source" value="Reuters"/>
<dc element="dc.creator.location.country.name" value="USA"/>
<dc element="dc.source" value="Reuters"/>
</metadata>
</newsitem>
