<?xml version="1.0" encoding="iso-8859-1" ?>
<newsitem itemid="435085" id="root" date="1997-03-12" xml:lang="en">
<title>CANADA: More charges laid in Canada hockey sex scandal.</title>
<headline>More charges laid in Canada hockey sex scandal.</headline>
<byline>Darren Schuettler</byline>
<dateline>TORONTO 1997-03-12</dateline>
<text>
<p>Canadian police said on Wednesday that they laid more charges in the widening sex scandal involving young boys at Maple Leaf Gardens, the fabled home of the Toronto Maple Leafs.</p>
<p>Police on Wednesday filed 50 more charges of sexual abuse against Gordon Stuckless, 47, a former backstage helper at the Gardens.</p>
<p>Stuckless, whose bail hearing was postponed to March 27, now faces 52 charges of indecent assault, gross indecency and buggery.</p>
<p>Stuckless and another former Gardens' employee, John Paul Roby, allegedly lured teen-aged boys to the arena with free tickets and autographs of their hockey heroes.</p>
<p>Roby is currently facing 75 charges of sexual abuse.</p>
<p>Toronto police detective Dave Tredrea said the investigation was not over.</p>
<p>&quot;If enough grounds come up and other suspects come up, then they will be charged accordingly,&quot; Tredrea said in a telephone interview.</p>
<p>Police have said the abuse took place in the back rooms of the arena, sometimes during hockey games or other events.</p>
<p>The sordid tale, which may involve up to 90 victims between the late 1960s and early 1990s, has grabbed newspaper headlines across the country.</p>
<p>The scandal surfaced after 34-year-old Martin Kruze came forward with allegations of sexual abuse. &quot;Maple Leaf Gardens was a sex haven of abused boys, tons of them,&quot; Kruze has said of the abuse he said started when he was 13.</p>
<p>Meanwhile, Gardens management has named a Toronto police veteran to review security at the arena.</p>
<p>Retired deputy police chief Walter Tyrrell has said his review will include how the company screens potential employees.</p>
<p>It's not the only sex abuse case to rock hockey this year.</p>
<p>Graham James, one of Canada's top junior coaches, pleaded guilty in January to sexually assaulting two players in the 1980s and was sentenced to 3-1/2 years in prison.</p>
<p>James admitted to more than 300 instances of sexual assault over six years against Boston Bruins player Sheldon Kennedy, who was 14 when the assaults began in 1984.</p>
<p>The revelations hit hard in a nation where it is traditional for parents of boys with pro hockey aspirations to turn their children over to the care of junior coaches, often far from home.</p>
</text>
<copyright>(c) Reuters Limited 1997</copyright>
<metadata>
<codes class="bip:countries:1.0">
  <code code="CANA">
    <editdetail attribution="Reuters BIP Coding Group" action="confirmed" date="1997-03-12"/>
  </code>
</codes>
<codes class="bip:topics:1.0">
  <code code="GCAT">
    <editdetail attribution="Reuters BIP Coding Group" action="confirmed" date="1997-03-12"/>
  </code>
  <code code="GCRIM">
    <editdetail attribution="Reuters BIP Coding Group" action="confirmed" date="1997-03-12"/>
  </code>
  <code code="GSPO">
    <editdetail attribution="Reuters BIP Coding Group" action="confirmed" date="1997-03-12"/>
  </code>
</codes>
<dc element="dc.date.created" value="1997-03-12"/>
<dc element="dc.publisher" value="Reuters Holdings Plc"/>
<dc element="dc.date.published" value="1997-03-12"/>
<dc element="dc.source" value="Reuters"/>
<dc element="dc.creator.location" value="TORONTO"/>
<dc element="dc.creator.location.country.name" value="CANADA"/>
<dc element="dc.source" value="Reuters"/>
</metadata>
</newsitem>
