<?xml version="1.0" encoding="iso-8859-1" ?>
<newsitem itemid="435082" id="root" date="1997-03-12" xml:lang="en">
<title>CANADA: Toronto stocks end sharply lower on profit taking.</title>
<headline>Toronto stocks end sharply lower on profit taking.</headline>
<dateline>TORONTO 1997-03-12</dateline>
<text>
<p>CHANGE				    CHANGE</p>
<p>TSE	  6257.21    -48.25   HI 6283.58	    LO  6251.49</p>
<p>DJI	  7039.37    -45.79   GOLD (LONDON)   US$351.40 -0.55</p>
<p>FTSE100    4422.50    -21.80   GOLD (NY-COMEX) US$353.50 -1.90</p>
<p>NIKKEI    18183.27    -84.45   LME CASH NICKEL US$7920   -79.0</p>
<p>CANDLR	1.3627		 LME CASH ALUM   US$1645.0 +11.0</p>
<p>CAN 30-YR   110.30     -0.35   APR BRENT CRUDE US$19.62  -0.37</p>
<p>--------------------MARKET COMMENT----------------------------</p>
<p>* Toronto stocks ended sharply lower on Wednesday as investors continued to grab profits * Heavy losses in banks, golds, transportation * 100 million shares traded worth C$1.6 billion  </p>
<p>Toronto stocks ended sharply lower on Wednesday as investors continued to grab profits on Canada's biggest stock market.</p>
<p>The TSE 300 Composite Index sank 48.25 points to close at 6257.21 in brisk turnover of 100 million shares worth C$1.6 billion. The key index hit an all-time, intraday high on Tuesday before profit takers stepped in.</p>
<p>Declining stocks outpaced advances 571 to 406 with 315 issues unchanged. &quot;I think you have to put a lot of this down to good old profit taking,&quot; said Fred Ketchen, director of equity trading for ScotiaMcLeod Inc.  </p>
<p>The financial services group lost 80 points as bank stocks extended their recent correction. High-flying banks have pushed the TSE to record highs in the past several months.</p>
<p>Toronto's 12 weak sectors also included gold and precious metals, transportation, conglomerates and industrial products.</p>
<p>Canadian high-tech stocks were depressed on Wednesday by a selloff in U.S. technology shares which pulled Nasdaq lower.</p>
<p>Ketchen said concern over the timing of a possible U.S. interest rate hike also weighed on stock markets today. But he predicted Toronto has not seen its peak for 1997.</p>
<p>&quot;I don't think we've seen the highs for the year at all. I think there is a lot of good stuff still ahead,&quot; he said.</p>
<p>--- HOT STOCKS --</p>
<p>* Among Canada's big banks, Royal Bank of Canada fell 1.25 to 59.40 on 1.0 million shares. Bank of Montreal dropped 0.50 to finish at 53.75 on 966,000 shares.</p>
<p>* Bombardier Inc class B surrendered 0.45 to 26.15 despite reporting record fourth-quarter profits. Analysts said the earnings came in on target.</p>
<p>* BioChem Pharma Inc jumped 1.10 to 78.60 after the biotechnology firm reported higher fourth quarter profits. BioChem also announced plans for a 2-for-1 stock split.</p>
<p>((Reuters Toronto Bureau (416) 941-8100))</p>
</text>
<copyright>(c) Reuters Limited 1997</copyright>
<metadata>
<codes class="bip:countries:1.0">
  <code code="CANA">
    <editdetail attribution="Reuters BIP Coding Group" action="confirmed" date="1997-03-12"/>
  </code>
</codes>
<codes class="bip:topics:1.0">
  <code code="M11">
    <editdetail attribution="Reuters BIP Coding Group" action="confirmed" date="1997-03-12"/>
  </code>
  <code code="MCAT">
    <editdetail attribution="Reuters BIP Coding Group" action="confirmed" date="1997-03-12"/>
  </code>
</codes>
<dc element="dc.date.created" value="1997-03-12"/>
<dc element="dc.publisher" value="Reuters Holdings Plc"/>
<dc element="dc.date.published" value="1997-03-12"/>
<dc element="dc.source" value="Reuters"/>
<dc element="dc.creator.location" value="TORONTO"/>
<dc element="dc.creator.location.country.name" value="CANADA"/>
<dc element="dc.source" value="Reuters"/>
</metadata>
</newsitem>
