<?xml version="1.0" encoding="iso-8859-1" ?>
<newsitem itemid="435067" id="root" date="1997-03-12" xml:lang="en">
<title>UK: Greenhouse sceptics use bad data, scientists say.</title>
<headline>Greenhouse sceptics use bad data, scientists say.</headline>
<dateline>LONDON 1997-03-12</dateline>
<text>
<p>Global warming sceptics who argue that the &quot;greenhouse effect&quot; is not really happening are using unreliable data, U.S. climate scientists reported on Wednesday.</p>
<p>They said measurements that appeared to contradict data showing the earth has been steadily warming came from one instrument aboard one satellite, and it was subject to several kinds of variation.</p>
<p>&quot;A lot of people have used this data set to offer as proof that global warming is not occurring,&quot; said Jim Hurrell, an atmospheric scientist at the National center for Atmospheric Research in Boulder, Colorado.</p>
<p>But, he added: &quot;It's not reliable for analysis of trends.&quot;</p>
<p>Records show 1995 was the warmest year since the late 19th century. Measurements on the surface indicate a rise of just over one-tenth of a degree centigrade (about two-tenths of a degree F) per decade.</p>
<p>But some satellite measurements show the lower part of the atmosphere has actually been steadily cooling -- by 0.05 of a degree C (nearly one-tenth of a degree F).</p>
<p>&quot;Accordingly, the satellite record has been widely cited by sceptics as evidence against global warming,&quot; Hurrell and colleague Kevin Trenberth wrote in a report in the science journal Nature.</p>
<p>But the measurements, from the Microwave Sounder Unit (MSU) of the National Oceanic and Atmospheric Administration's (NOAA) polar orbiting satellite, designated MSU-2R, were full of &quot;noise&quot;, Hurrell said.</p>
<p>Much of the radiation measured by MSU-2R by satellites came from the Earth's surface, causing interference.</p>
<p>&quot;Soil wetness can reduce a dry land microwave surface emissivity by 20 to 50 percent locally, making the land appear colder,&quot; they wrote. &quot;It points to the need for examining both the surface and satellite and radio sound record and being very careful,&quot; Hurrell said in a telephone interview.</p>
<p>He said he did not want to enter in the argument over global warming. But most atmospheric and climate experts say the evidence of the effect is irrefutable.</p>
</text>
<copyright>(c) Reuters Limited 1997</copyright>
<metadata>
<codes class="bip:countries:1.0">
  <code code="UK">
    <editdetail attribution="Reuters BIP Coding Group" action="confirmed" date="1997-03-12"/>
  </code>
  <code code="USA">
    <editdetail attribution="Reuters BIP Coding Group" action="confirmed" date="1997-03-12"/>
  </code>
</codes>
<codes class="bip:topics:1.0">
  <code code="GCAT">
    <editdetail attribution="Reuters BIP Coding Group" action="confirmed" date="1997-03-12"/>
  </code>
  <code code="GENV">
    <editdetail attribution="Reuters BIP Coding Group" action="confirmed" date="1997-03-12"/>
  </code>
  <code code="GSCI">
    <editdetail attribution="Reuters BIP Coding Group" action="confirmed" date="1997-03-12"/>
  </code>
</codes>
<dc element="dc.date.created" value="1997-03-12"/>
<dc element="dc.publisher" value="Reuters Holdings Plc"/>
<dc element="dc.date.published" value="1997-03-12"/>
<dc element="dc.source" value="Reuters"/>
<dc element="dc.creator.location" value="LONDON"/>
<dc element="dc.creator.location.country.name" value="UK"/>
<dc element="dc.source" value="Reuters"/>
</metadata>
</newsitem>
