<?xml version="1.0" encoding="iso-8859-1" ?>
<newsitem itemid="435075" id="root" date="1997-03-12" xml:lang="en">
<title>EU:  OFFICIAL JOURNAL CONTENTS - OJ L 69 OF MARCH 11, 1997.</title>
<headline>OFFICIAL JOURNAL CONTENTS - OJ L 69 OF MARCH 11, 1997.</headline>
<text>
<p>*</p>
<p>(Note - contents are displayed in reverse order to that in the printed Journal)</p>
<p>*</p>
<p>Information relating to the entry into force of the Agreement between the European Community and the Republic of Peru on precursors and chemical substances frequently used in the illicit manufacture of narcotic drugs or psychotropic substances</p>
<p>Information relating to the entry into force of the Agreement between the European Community and the Republic of Bolivia on precursors and chemical substances frequently used in the illicit manufacture of narcotic drugs or psychotropic substances</p>
<p>COUNCIL DECISION of 3 March 1997 amending the Decision of 4 April 1978 on the application of certain guidelines in the field of officially supported export credits</p>
<p>COMMISSION REGULATION (EC) No 459/97 of 10 March 1997 amending representative prices and additional duties for the import of certain products in the sugar sector</p>
<p>COMMISSION REGULATION (EC) No 458/97 of 10 March 1997 establishing the standard import values for determining the entry price of certain fruit and vegetables</p>
<p>COMMISSION REGULATION (EC) No 457/97 of 10 March 1997 on the issue of import licences for garlic originating in China</p>
<p>COMMISSION REGULATION (EC) No 456/97 of 10 March 1997 on the issue of import licences for high-quality fresh, chilled or frozen beef and veal</p>
<p>COMMISSION REGULATION (EC) No 455/97 of 10 March 1997 laying down detailed rules for the application to milk and milk products of the arrangements provided for in the Interim Agreement between the Community and the Republic of Slovenia</p>
<p>COMMISSION REGULATION (EC) No 454/97 of 10 March 1997 on the issue of import licences for rice falling within CN code 1006 originating in the overseas countries and territories, under the safeguard measures introduced by Council Regulation (EC) No 304/97</p>
<p>COMMISSION REGULATION (EC) No 453/97 of 10 March 1997 amending Regulation (EC) No 199/97 determining the extent to which applications lodged in January 1997 for licences for certain eggs and poultrymeat products under the regime provided for by the Interim Agreements concluded by the Community with the Republic of Poland, the Republic of Hungary, the Czech Republic, the Slovak Republic, Romania and Bulgaria can be accepted</p>
<p>COMMISSION REGULATION (EC) No 452/97 of 10 March 1997 amending Regulation (EC) No 137/97 determining the extent to which applications lodged in January 1997 for import licences for certain egg sector products and poultrymeat pursuant to Regulations (EC) No 1474/95 and (EC) No 1251/96 can be accepted</p>
<p>Information relating to the entry into force of the Agreement between the European Community and the Republic of Venezuela on precursors and chemical substances frequently used in the illicit manufacture of narcotic drugs or psychotropic substances</p>
<p>Information relating to the entry into force of the Agreement between the European Community and the Republic of Colombia on precursors and chemical substances frequently used in the illicit manufacture of narcotic drugs or psychotropic substances END OF DOCUMENT.</p>
</text>
<copyright>(c) Reuters Limited 1997</copyright>
<metadata>
<codes class="bip:countries:1.0">
  <code code="EEC">
    <editdetail attribution="Reuters BIP Coding Group" action="confirmed" date="1997-03-12"/>
  </code>
</codes>
<codes class="bip:topics:1.0">
  <code code="G15">
    <editdetail attribution="Reuters BIP Coding Group" action="confirmed" date="1997-03-12"/>
  </code>
  <code code="GCAT">
    <editdetail attribution="Reuters BIP Coding Group" action="confirmed" date="1997-03-12"/>
  </code>
</codes>
<dc element="dc.publisher" value="Reuters Holdings Plc"/>
<dc element="dc.date.published" value="1997-03-12"/>
<dc element="dc.source" value="Reuters"/>
<dc element="dc.creator.location.country.name" value="EU"/>
<dc element="dc.source" value="Reuters"/>
</metadata>
</newsitem>
