<?xml version="1.0" encoding="iso-8859-1" ?>
<newsitem itemid="435160" id="root" date="1997-03-12" xml:lang="en">
<title>USA: NYMEX says to announce agreement with IPE.</title>
<headline>NYMEX says to announce agreement with IPE.</headline>
<dateline>BOCA RATON, Fla. 1997-03-12</dateline>
<text>
<p>Daniel Rappaport, chairman of the New York Mercantile Exchange, said Wednesday the exchange would announce a link agreement with London's International Petroleum Exchange on March 13.</p>
<p>Asked about recent speculation of a possible link involving the two exchanges, he said, &quot;We are having a press conference tomorrow to discuss that. As all of these inter-exchange agreements go, it's nothing that has been accomplished as of yet. It's an agreement to pursue certain objectives.&quot;</p>
<p>Rappaport was speaking at a news conference at the Futures Industry Association annual conference in Boca Raton.  </p>
<p>Concerning other linkage agreements, NYMEX officials said the exchange's link with the Hong Kong Futures Exchange that was signed in the fall of 1996 should be on line by May.</p>
<p>Pat Thompson, president of NYMEX, said, &quot;We are also going to open our energy products with Hong Kong. We are trying to develop the Chinese oil market.&quot;</p>
<p>Thompson said he expected to have 12 to 15 clearing members who will be trading on the Hong Kong link.  </p>
<p>He said he hoped to develop a crude oil contract designed for delivery in the Asia Pacific region, which he said would be submitted for approval by the Commodity Futures Trading Commission this summer for trading by the end of the year.</p>
<p>&quot;It's going to move along really smoothly,&quot; he said.</p>
<p>NYMEX said it was also developing other products and programs.</p>
<p>&quot;We are seeking to develop a specialist program,&quot; Rappaport said. He said it would be similar to a market maker system in which designated brokers would be required to form a market for a product when volumes were low.  </p>
<p>Rappaport expected the program, which would help boost volume in new products, to get off the ground before the end of the year, but it would need CFTC approval. Products which it would be aimed at would include the exchange's electricity, jet fuel and propane contracts.</p>
<p>He said the specialist program would be an effective way to compete with over-the-counter products and markets.</p>
<p>Rappaport said NYMEX was also in discussions with the New York Cotton Exchange and the Coffee, Sugar and Cocoa Exchange to see if there was room for them to move into NYMEX's new trading facility in Manhattan. The facility is a $228 million project scheduled to be open in May.</p>
<p>((Jacqueline Thorpe and Chris Romans))</p>
</text>
<copyright>(c) Reuters Limited 1997</copyright>
<metadata>
<codes class="bip:countries:1.0">
  <code code="UK">
    <editdetail attribution="Reuters BIP Coding Group" action="confirmed" date="1997-03-12"/>
  </code>
  <code code="USA">
    <editdetail attribution="Reuters BIP Coding Group" action="confirmed" date="1997-03-12"/>
  </code>
</codes>
<codes class="bip:industries:1.0">
  <code code="I63000">
    <editdetail attribution="Reuters BIP Coding Group" action="confirmed" date="1997-03-12"/>
  </code>
</codes>
<codes class="bip:topics:1.0">
  <code code="C11">
    <editdetail attribution="Reuters BIP Coding Group" action="confirmed" date="1997-03-12"/>
  </code>
  <code code="C13">
    <editdetail attribution="Reuters BIP Coding Group" action="confirmed" date="1997-03-12"/>
  </code>
  <code code="CCAT">
    <editdetail attribution="Reuters BIP Coding Group" action="confirmed" date="1997-03-12"/>
  </code>
  <code code="M14">
    <editdetail attribution="Reuters BIP Coding Group" action="confirmed" date="1997-03-12"/>
  </code>
  <code code="M143">
    <editdetail attribution="Reuters BIP Coding Group" action="confirmed" date="1997-03-12"/>
  </code>
  <code code="MCAT">
    <editdetail attribution="Reuters BIP Coding Group" action="confirmed" date="1997-03-12"/>
  </code>
</codes>
<dc element="dc.date.created" value="1997-03-12"/>
<dc element="dc.publisher" value="Reuters Holdings Plc"/>
<dc element="dc.date.published" value="1997-03-12"/>
<dc element="dc.source" value="Reuters"/>
<dc element="dc.creator.location" value="BOCA RATON, Fla."/>
<dc element="dc.creator.location.country.name" value="USA"/>
<dc element="dc.source" value="Reuters"/>
</metadata>
</newsitem>
