<?xml version="1.0" encoding="iso-8859-1" ?>
<newsitem itemid="435154" id="root" date="1997-03-12" xml:lang="en">
<title>USA: Telco Systems Q2 shr profit $0.02.</title>
<headline>Telco Systems Q2 shr profit $0.02.</headline>
<text>
<p>Consolidated Statements of Operations</p>
<p>	  For periods ended Feb. 23, 1997 and February 25, 1996</p>
<p>	     (Dollars in thousands except per share amounts)</p>
<p>				 Three Months Ended  Six Months Ended</p>
<p>				  1997	1996	1997	1996</p>
<p>Sales			$ 27,295  $ 20,577  $ 59,130  $ 41,110</p>
<p>Cost of sales		15,775    12,012    35,137    24,124</p>
<p>Gross profit		 11,520     8,565    23,993    16,986</p>
<p>Percent of sales	    42.2%     41.6%     40.6%     41.3%</p>
<p>Expenses:</p>
<p>Research and development  3,857     4,546     7,738     9,079</p>
<p>Sales, marketing and</p>
<p>   administration	   7,424     6,821    14,805    13,505</p>
<p>(Gain) on sale of investment  -	   -    (1,070)	  -</p>
<p>Amortization of</p>
<p>   intangible assets	  166	 195	 333	 390</p>
<p>Interest (income)	    (183)     (318)     (343)     (689)</p>
<p>Pretax income (loss)	  256    (2,679)    2,530    (5,299)</p>
<p>Income tax provision	    -	   -	   -	   -</p>
<p>Net income (loss)	     256    (2,679)    2,530    (5,299)</p>
<p>Earnings (loss) per share  0.02     (0.26)     0.23     (0.52)</p>
<p>Average shares and</p>
<p>  equivalents (thousands)11,076    10,283    11,060    10,271</p>
<p>	 Full company name is Telco Systems Inc</p>
<p>	 --((New York Newsdesk 212-859-1610))</p>
</text>
<copyright>(c) Reuters Limited 1997</copyright>
<metadata>
<codes class="bip:countries:1.0">
  <code code="USA">
    <editdetail attribution="Reuters BIP Coding Group" action="confirmed" date="1997-03-12"/>
  </code>
</codes>
<codes class="bip:industries:1.0">
  <code code="I34400">
    <editdetail attribution="Reuters BIP Coding Group" action="confirmed" date="1997-03-12"/>
  </code>
</codes>
<codes class="bip:topics:1.0">
  <code code="C15">
    <editdetail attribution="Reuters BIP Coding Group" action="confirmed" date="1997-03-12"/>
  </code>
  <code code="C151">
    <editdetail attribution="Reuters BIP Coding Group" action="confirmed" date="1997-03-12"/>
  </code>
  <code code="CCAT">
    <editdetail attribution="Reuters BIP Coding Group" action="confirmed" date="1997-03-12"/>
  </code>
</codes>
<dc element="dc.publisher" value="Reuters Holdings Plc"/>
<dc element="dc.date.published" value="1997-03-12"/>
<dc element="dc.source" value="Reuters"/>
<dc element="dc.creator.location.country.name" value="USA"/>
<dc element="dc.source" value="Reuters"/>
</metadata>
</newsitem>
