<?xml version="1.0" encoding="iso-8859-1" ?>
<newsitem itemid="435143" id="root" date="1997-03-12" xml:lang="en">
<title>USA: CBOT T-Bond prelim vol/open interest for March 11.</title>
<headline>CBOT T-Bond prelim vol/open interest for March 11.</headline>
<text>
<p>MTH YR   EVE  PROJ A   DAY VOL   CASH  OPEN INT CHANGE</p>
<p>T-BONDS MAR97	10    100    11,217    250   120,026  9,625-</p>
<p>	  JUN97   2,963 10,517   396,300  3,804   384,301  4,841+</p>
<p>	  SEP97	 1		1,127	     14,043    618+</p>
<p>	  DEC97			     64		5,230    261+</p>
<p>	  MAR98			     10		1,449     10+</p>
<p>	  JUN98						    31</p>
<p>	  SEP98						     4</p>
<p>	  DEC98						     3</p>
<p>	  MAR99						    21</p>
<p>	  TOTAL   2,974 10,617   408,718  4,054   525,108  3,895-</p>
<p>Note: All figures in contracts. (Chicago newsdesk 312 408 8720)</p>
</text>
<copyright>(c) Reuters Limited 1997</copyright>
<metadata>
<codes class="bip:countries:1.0">
  <code code="USA">
    <editdetail attribution="Reuters BIP Coding Group" action="confirmed" date="1997-03-12"/>
  </code>
</codes>
<codes class="bip:topics:1.0">
  <code code="M12">
    <editdetail attribution="Reuters BIP Coding Group" action="confirmed" date="1997-03-12"/>
  </code>
  <code code="M13">
    <editdetail attribution="Reuters BIP Coding Group" action="confirmed" date="1997-03-12"/>
  </code>
  <code code="M131">
    <editdetail attribution="Reuters BIP Coding Group" action="confirmed" date="1997-03-12"/>
  </code>
  <code code="MCAT">
    <editdetail attribution="Reuters BIP Coding Group" action="confirmed" date="1997-03-12"/>
  </code>
</codes>
<dc element="dc.publisher" value="Reuters Holdings Plc"/>
<dc element="dc.date.published" value="1997-03-12"/>
<dc element="dc.source" value="Reuters"/>
<dc element="dc.creator.location.country.name" value="USA"/>
<dc element="dc.source" value="Reuters"/>
</metadata>
</newsitem>
