<?xml version="1.0" encoding="iso-8859-1" ?>
<newsitem itemid="435120" id="root" date="1997-03-12" xml:lang="en">
<title>USA: RESEARCH ALERT-Ilog started by Cowen as strong buy.</title>
<headline>RESEARCH ALERT-Ilog started by Cowen as strong buy.</headline>
<text>
<p>-- Cowen &amp; Co analyst Drew Brosseau started coverage of Ilog SA with a strong buy rating on Wednesday.</p>
<p>-- Cowen was the lead underwriter of the company's February 14 initial public offering.</p>
<p>-- Shares slipped 3/8 to 8-1/8.</p>
<p>-- Ilog develops advanced software class libraries for user interface, resource optimization and data service functions.</p>
</text>
<copyright>(c) Reuters Limited 1997</copyright>
<metadata>
<codes class="bip:countries:1.0">
  <code code="FRA">
    <editdetail attribution="Reuters BIP Coding Group" action="confirmed" date="1997-03-12"/>
  </code>
  <code code="USA">
    <editdetail attribution="Reuters BIP Coding Group" action="confirmed" date="1997-03-12"/>
  </code>
</codes>
<codes class="bip:industries:1.0">
  <code code="I33020">
    <editdetail attribution="Reuters BIP Coding Group" action="confirmed" date="1997-03-12"/>
  </code>
  <code code="I3302021">
    <editdetail attribution="Reuters BIP Coding Group" action="confirmed" date="1997-03-12"/>
  </code>
</codes>
<codes class="bip:topics:1.0">
  <code code="C15">
    <editdetail attribution="Reuters BIP Coding Group" action="confirmed" date="1997-03-12"/>
  </code>
  <code code="C152">
    <editdetail attribution="Reuters BIP Coding Group" action="confirmed" date="1997-03-12"/>
  </code>
  <code code="CCAT">
    <editdetail attribution="Reuters BIP Coding Group" action="confirmed" date="1997-03-12"/>
  </code>
</codes>
<dc element="dc.publisher" value="Reuters Holdings Plc"/>
<dc element="dc.date.published" value="1997-03-12"/>
<dc element="dc.source" value="Reuters"/>
<dc element="dc.creator.location.country.name" value="USA"/>
<dc element="dc.source" value="Reuters"/>
</metadata>
</newsitem>
