<?xml version="1.0" encoding="iso-8859-1" ?>
<newsitem itemid="435185" id="root" date="1997-03-12" xml:lang="en">
<title>USA: Environmental Elements names chairman.</title>
<headline>Environmental Elements names chairman.</headline>
<dateline>BALTIMORE 1997-03-12</dateline>
<text>
<p>Environmental Elements Corp said on Wednesday it named E.H. Verdery as chairman.</p>
<p>F. B. Smith, chairman of the board of Environmental Elements Corporation since September 1995, will retire as of March 31, 1997, the company said.</p>
<p>Smith will remain on the board as a director and Verdery will add the role of chairman to his continuing role of president and chief executive officer, the company said.</p>
</text>
<copyright>(c) Reuters Limited 1997</copyright>
<metadata>
<codes class="bip:countries:1.0">
  <code code="USA">
    <editdetail attribution="Reuters BIP Coding Group" action="confirmed" date="1997-03-12"/>
  </code>
</codes>
<codes class="bip:industries:1.0">
  <code code="I32840">
    <editdetail attribution="Reuters BIP Coding Group" action="confirmed" date="1997-03-12"/>
  </code>
</codes>
<codes class="bip:topics:1.0">
  <code code="C41">
    <editdetail attribution="Reuters BIP Coding Group" action="confirmed" date="1997-03-12"/>
  </code>
  <code code="C411">
    <editdetail attribution="Reuters BIP Coding Group" action="confirmed" date="1997-03-12"/>
  </code>
  <code code="CCAT">
    <editdetail attribution="Reuters BIP Coding Group" action="confirmed" date="1997-03-12"/>
  </code>
</codes>
<dc element="dc.date.created" value="1997-03-12"/>
<dc element="dc.publisher" value="Reuters Holdings Plc"/>
<dc element="dc.date.published" value="1997-03-12"/>
<dc element="dc.source" value="Reuters"/>
<dc element="dc.creator.location" value="BALTIMORE"/>
<dc element="dc.creator.location.country.name" value="USA"/>
<dc element="dc.source" value="Reuters"/>
</metadata>
</newsitem>
