<?xml version="1.0" encoding="iso-8859-1" ?>
<newsitem itemid="435147" id="root" date="1997-03-12" xml:lang="en">
<title>USA: RESEARCH ALERT-Western Digital estimates up.</title>
<headline>RESEARCH ALERT-Western Digital estimates up.</headline>
<text>
<p>-- CS First Boston said it raised its 1997 and 1998 earnings estimates on Western Digital Corp.</p>
<p>-- Raised 1997 estimate to $5.16 per share from $4.81.</p>
<p>-- Raised 1998 estimate to $7.02 per share from $6.09.</p>
<p>-- Reiterated buy rating.</p>
<p>-- Shares closed Tuesday at 58-1/4.</p>
<p>((-- Wall Street desk, 212-859-1730))</p>
</text>
<copyright>(c) Reuters Limited 1997</copyright>
<metadata>
<codes class="bip:countries:1.0">
  <code code="USA">
    <editdetail attribution="Reuters BIP Coding Group" action="confirmed" date="1997-03-12"/>
  </code>
</codes>
<codes class="bip:industries:1.0">
  <code code="I34531">
    <editdetail attribution="Reuters BIP Coding Group" action="confirmed" date="1997-03-12"/>
  </code>
</codes>
<codes class="bip:topics:1.0">
  <code code="C15">
    <editdetail attribution="Reuters BIP Coding Group" action="confirmed" date="1997-03-12"/>
  </code>
  <code code="C152">
    <editdetail attribution="Reuters BIP Coding Group" action="confirmed" date="1997-03-12"/>
  </code>
  <code code="CCAT">
    <editdetail attribution="Reuters BIP Coding Group" action="confirmed" date="1997-03-12"/>
  </code>
</codes>
<dc element="dc.publisher" value="Reuters Holdings Plc"/>
<dc element="dc.date.published" value="1997-03-12"/>
<dc element="dc.source" value="Reuters"/>
<dc element="dc.creator.location.country.name" value="USA"/>
<dc element="dc.source" value="Reuters"/>
</metadata>
</newsitem>
