<?xml version="1.0" encoding="iso-8859-1" ?>
<newsitem itemid="435132" id="root" date="1997-03-12" xml:lang="en">
<title>USA: RESEARCH ALERT-First Boston on NL Industries.</title>
<headline>RESEARCH ALERT-First Boston on NL Industries.</headline>
<text>
<p>-- CS First Boston analyst David Silver cited favorable market and industry developments in titanium dioxide for his upgrade of NL Industries Inc to buy from hold.</p>
<p>-- Silver said &quot;there are now strong signs&quot; that the markets for titanium, the company's major product, also known as white pigment, &quot;have bottomed.&quot;</p>
<p>-- said demand is strengthening, producer inventories have fallen, and a price increase &quot;is on the table&quot; for North America at five percent, and Europe at five to eight percent, effective April 1.</p>
<p>-- reduced 1997 earnings estimate to loss $0.40 per share from loss $0.25.</p>
<p>-- believes first quarter 1997 &quot;will be the cyclical earnings trough...and we see substantial upside potential due to very high operating and financial leverage that could be unlocked if a lengthy cyclical upturn in (product) margins is matched with receptive capital markets.&quot;</p>
<p>-- shares rose 5/8 to 10-7/8.</p>
</text>
<copyright>(c) Reuters Limited 1997</copyright>
<metadata>
<codes class="bip:countries:1.0">
  <code code="USA">
    <editdetail attribution="Reuters BIP Coding Group" action="confirmed" date="1997-03-12"/>
  </code>
</codes>
<codes class="bip:industries:1.0">
  <code code="I25000">
    <editdetail attribution="Reuters BIP Coding Group" action="confirmed" date="1997-03-12"/>
  </code>
</codes>
<codes class="bip:topics:1.0">
  <code code="C15">
    <editdetail attribution="Reuters BIP Coding Group" action="confirmed" date="1997-03-12"/>
  </code>
  <code code="C152">
    <editdetail attribution="Reuters BIP Coding Group" action="confirmed" date="1997-03-12"/>
  </code>
  <code code="CCAT">
    <editdetail attribution="Reuters BIP Coding Group" action="confirmed" date="1997-03-12"/>
  </code>
</codes>
<dc element="dc.publisher" value="Reuters Holdings Plc"/>
<dc element="dc.date.published" value="1997-03-12"/>
<dc element="dc.source" value="Reuters"/>
<dc element="dc.creator.location.country.name" value="USA"/>
<dc element="dc.source" value="Reuters"/>
</metadata>
</newsitem>
