<?xml version="1.0" encoding="iso-8859-1" ?>
<newsitem itemid="435159" id="root" date="1997-03-12" xml:lang="en">
<title>USA: Wabash National asset bid a smart move - analysts.</title>
<headline>Wabash National asset bid a smart move - analysts.</headline>
<byline>Chris Scott</byline>
<dateline>CHICAGO 1997-03-12</dateline>
<text>
<p>Wabash National Corp, which plans to bid on Fruehauf Trailer Corp's assets, will gain access to previously underserved markets and reap other benefits if the deal closes, industry analysts said.</p>
<p>&quot;Wabash currently has some distribution programs for non-fleet buyers and this deal puts them in a position to capture a larger share of that market,&quot; Leon Dodge, an analyst at GS2 Securities Inc, said Wednesday.</p>
<p>Wabash said earlier it reached an expense reimbursement agreement with Fruehauf. Bids will be turned in Friday.  </p>
<p>Wabash, a manufacturer of standard and custom truck trailers, hopes to buy the bankrupt competitor's 31-branch sales and distribution network, a manufacturing facility in Scott County, Tennessee and certain intellectual property, a company spokeswoman told Reuters.</p>
<p>Fruehauf's manufacturing plants in Mexico and Ft. Madison, Iowa, are not part of the Wabash proposal, Wabash said.</p>
<p>The current court schedule calls for bids to be submitted Friday, the auction Monday and a court ruling on the bids on March 20, the spokeswoman said.  </p>
<p>The spokeswoman declined to say how much Wabash would bid for the assets, although the company said earlier it will receive $1.5 million and other expenses if the court accepts any other offer.</p>
<p>Fruehauf filed for Chapter 11 protection in October.</p>
<p>&quot;The market seems to be saying that this may not be a good deal, but I think it's a good fit,&quot; Darren Bagwell, an analyst at Robert W. Baird &amp; Co Inc, said.</p>
<p>&quot;Wabash has been looking to do this for some time,&quot; Bagwell said. &quot;(The distribution network) was always profitable for Fruehauf, even in the bad times.&quot;  </p>
<p>Christopher Mecray, an analyst at Alex. Brown, agreed the deal is a smart strategic move for Wabash.</p>
<p>&quot;Wabash has a limited presence in the retail market because of a lack of a distribution network,&quot; he said.</p>
<p>&quot;Wabash can immediately add between $80 million and $90 million in parts,&quot; Mecray said, &quot;and since one out of every five trailers on the road is a Fruehauf, there's a strong customer base out there.&quot;</p>
<p>Mecray said his initial guess was that Wabash would see an earnings benefit of $0.05 and $0.10 a share in 1998.</p>
<p>&quot;It could be more,&quot; he said, &quot;but I see modest accretive impact for the next year or year-and-a-half.&quot;</p>
<p>The company declined to comment on Mecray's projection.</p>
<p>Wabash National reported earnings of $3.6 million, or $0.19 a share, for fiscal 1996.</p>
<p>Its shares were off 1/4 Wednesday at 15-3/4.</p>
<p>((Chicago newsdesk (312) 408-8787))</p>
</text>
<copyright>(c) Reuters Limited 1997</copyright>
<metadata>
<codes class="bip:countries:1.0">
  <code code="USA">
    <editdetail attribution="Reuters BIP Coding Group" action="confirmed" date="1997-03-12"/>
  </code>
</codes>
<codes class="bip:industries:1.0">
  <code code="I35102">
    <editdetail attribution="Reuters BIP Coding Group" action="confirmed" date="1997-03-12"/>
  </code>
  <code code="I36200">
    <editdetail attribution="Reuters BIP Coding Group" action="confirmed" date="1997-03-12"/>
  </code>
</codes>
<codes class="bip:topics:1.0">
  <code code="C16">
    <editdetail attribution="Reuters BIP Coding Group" action="confirmed" date="1997-03-12"/>
  </code>
  <code code="C18">
    <editdetail attribution="Reuters BIP Coding Group" action="confirmed" date="1997-03-12"/>
  </code>
  <code code="C182">
    <editdetail attribution="Reuters BIP Coding Group" action="confirmed" date="1997-03-12"/>
  </code>
  <code code="CCAT">
    <editdetail attribution="Reuters BIP Coding Group" action="confirmed" date="1997-03-12"/>
  </code>
</codes>
<dc element="dc.date.created" value="1997-03-12"/>
<dc element="dc.publisher" value="Reuters Holdings Plc"/>
<dc element="dc.date.published" value="1997-03-12"/>
<dc element="dc.source" value="Reuters"/>
<dc element="dc.creator.location" value="CHICAGO"/>
<dc element="dc.creator.location.country.name" value="USA"/>
<dc element="dc.source" value="Reuters"/>
</metadata>
</newsitem>
