<?xml version="1.0" encoding="iso-8859-1" ?>
<newsitem itemid="435124" id="root" date="1997-03-12" xml:lang="en">
<title>USA: RESEARCH ALERT - Glaxo Wellcome lowered.</title>
<headline>RESEARCH ALERT - Glaxo Wellcome lowered.</headline>
<text>
<p>-- Gruntal said analysts David Saks and Adam Greene cut Glaxo Wellcome Plc to an outperform long-term rating from outperform.  </p>
<p>-- said cut was based on reduced EPS estimates, stock valuation and uncertainty over generic competition.</p>
<p>-- cut 1997 earnings estimate to $1.85 a share from $2.00.</p>
<p>-- cut 1998 estimate to $1.95 a share from $2.30.</p>
<p>-- company earned $1.77 a share in 1996.</p>
<p>-- set two-year target price of $45.</p>
<p>-- stock traded down 5/8 to 36-1/4 in morning trade.</p>
</text>
<copyright>(c) Reuters Limited 1997</copyright>
<metadata>
<codes class="bip:countries:1.0">
  <code code="UK">
    <editdetail attribution="Reuters BIP Coding Group" action="confirmed" date="1997-03-12"/>
  </code>
  <code code="USA">
    <editdetail attribution="Reuters BIP Coding Group" action="confirmed" date="1997-03-12"/>
  </code>
</codes>
<codes class="bip:industries:1.0">
  <code code="I25700">
    <editdetail attribution="Reuters BIP Coding Group" action="confirmed" date="1997-03-12"/>
  </code>
</codes>
<codes class="bip:topics:1.0">
  <code code="C15">
    <editdetail attribution="Reuters BIP Coding Group" action="confirmed" date="1997-03-12"/>
  </code>
  <code code="C152">
    <editdetail attribution="Reuters BIP Coding Group" action="confirmed" date="1997-03-12"/>
  </code>
  <code code="CCAT">
    <editdetail attribution="Reuters BIP Coding Group" action="confirmed" date="1997-03-12"/>
  </code>
</codes>
<dc element="dc.publisher" value="Reuters Holdings Plc"/>
<dc element="dc.date.published" value="1997-03-12"/>
<dc element="dc.source" value="Reuters"/>
<dc element="dc.creator.location.country.name" value="USA"/>
<dc element="dc.source" value="Reuters"/>
</metadata>
</newsitem>
