<?xml version="1.0" encoding="iso-8859-1" ?>
<newsitem itemid="435122" id="root" date="1997-03-12" xml:lang="en">
<title>USA: RESEARCH ALERT - Lehman and Bear Stearns cut.</title>
<headline>RESEARCH ALERT - Lehman and Bear Stearns cut.</headline>
<text>
<p>-- Schroder Wertheim said it downgraded Bear Stearns Cos Inc and Lehman Brothers Holdings Inc to &quot;perform in line&quot; from outperform.  </p>
<p>-- Additional details not immediately available.</p>
<p>-- Lehman shares fell 1/4 to 34-1/4 and Bear Stearns fell 1/4 to 29-7/8.</p>
<p>((-- Wall Street desk, 212-859-1730))</p>
</text>
<copyright>(c) Reuters Limited 1997</copyright>
<metadata>
<codes class="bip:countries:1.0">
  <code code="USA">
    <editdetail attribution="Reuters BIP Coding Group" action="confirmed" date="1997-03-12"/>
  </code>
</codes>
<codes class="bip:industries:1.0">
  <code code="I83100">
    <editdetail attribution="Reuters BIP Coding Group" action="confirmed" date="1997-03-12"/>
  </code>
</codes>
<codes class="bip:topics:1.0">
  <code code="C15">
    <editdetail attribution="Reuters BIP Coding Group" action="confirmed" date="1997-03-12"/>
  </code>
  <code code="C152">
    <editdetail attribution="Reuters BIP Coding Group" action="confirmed" date="1997-03-12"/>
  </code>
  <code code="CCAT">
    <editdetail attribution="Reuters BIP Coding Group" action="confirmed" date="1997-03-12"/>
  </code>
</codes>
<dc element="dc.publisher" value="Reuters Holdings Plc"/>
<dc element="dc.date.published" value="1997-03-12"/>
<dc element="dc.source" value="Reuters"/>
<dc element="dc.creator.location.country.name" value="USA"/>
<dc element="dc.source" value="Reuters"/>
</metadata>
</newsitem>
