<?xml version="1.0" encoding="iso-8859-1" ?>
<newsitem itemid="435131" id="root" date="1997-03-12" xml:lang="en">
<title>USA: RESEARCH ALERT - Schnitzer Steel cut.</title>
<headline>RESEARCH ALERT - Schnitzer Steel cut.</headline>
<text>
<p>-- Goldman Sachs removed Schnitzer Steel Industries Inc from the firm's recommended list, according to market sources.</p>
<p>-- Analyst was not immediately available to comment.</p>
<p>-- Shares fell 2-7/8 to 27-1/8 in early Nasdaq trade.</p>
</text>
<copyright>(c) Reuters Limited 1997</copyright>
<metadata>
<codes class="bip:countries:1.0">
  <code code="USA">
    <editdetail attribution="Reuters BIP Coding Group" action="confirmed" date="1997-03-12"/>
  </code>
</codes>
<codes class="bip:industries:1.0">
  <code code="I22300">
    <editdetail attribution="Reuters BIP Coding Group" action="confirmed" date="1997-03-12"/>
  </code>
</codes>
<codes class="bip:topics:1.0">
  <code code="C15">
    <editdetail attribution="Reuters BIP Coding Group" action="confirmed" date="1997-03-12"/>
  </code>
  <code code="C152">
    <editdetail attribution="Reuters BIP Coding Group" action="confirmed" date="1997-03-12"/>
  </code>
  <code code="CCAT">
    <editdetail attribution="Reuters BIP Coding Group" action="confirmed" date="1997-03-12"/>
  </code>
</codes>
<dc element="dc.publisher" value="Reuters Holdings Plc"/>
<dc element="dc.date.published" value="1997-03-12"/>
<dc element="dc.source" value="Reuters"/>
<dc element="dc.creator.location.country.name" value="USA"/>
<dc element="dc.source" value="Reuters"/>
</metadata>
</newsitem>
