<?xml version="1.0" encoding="iso-8859-1" ?>
<newsitem itemid="435117" id="root" date="1997-03-12" xml:lang="en">
<title>USA: RESEARCH ALERT - Noven lowered to neutral.</title>
<headline>RESEARCH ALERT - Noven lowered to neutral.</headline>
<text>
<p>-- Rodman &amp; Renshaw analyst James Keeney said in a research note he lowered his recommendation on Noven Pharmaceuticals to neutral from buy.</p>
<p>-- &quot;Noven management was informing analysts last night of a shortfall in fourth quarter 1996 product sales of estrogen patches due to inventory buildup by Novartis (AG ) and Rhone-Poulenc Rorer (Inc ). The sales shortfall is approximately $1 million from the approximate $5.5 million in product sales in each of the first three quarters of 1996.&quot;</p>
<p>-- Shares were off three to eight in vigourous Nasdaq trade.  </p>
<p>-- The analyst said he lowered his 1997 revenue estimate to $23 million from $38 million.</p>
<p>-- He also slashed the 1997 earnings estimate to a loss of $0.10 per share from a profit of $0.40 per share.</p>
<p>((-- Wall Street Desk, 212-859-1734)).</p>
</text>
<copyright>(c) Reuters Limited 1997</copyright>
<metadata>
<codes class="bip:countries:1.0">
  <code code="USA">
    <editdetail attribution="Reuters BIP Coding Group" action="confirmed" date="1997-03-12"/>
  </code>
</codes>
<codes class="bip:industries:1.0">
  <code code="I25000">
    <editdetail attribution="Reuters BIP Coding Group" action="confirmed" date="1997-03-12"/>
  </code>
  <code code="I25700">
    <editdetail attribution="Reuters BIP Coding Group" action="confirmed" date="1997-03-12"/>
  </code>
</codes>
<codes class="bip:topics:1.0">
  <code code="C15">
    <editdetail attribution="Reuters BIP Coding Group" action="confirmed" date="1997-03-12"/>
  </code>
  <code code="C152">
    <editdetail attribution="Reuters BIP Coding Group" action="confirmed" date="1997-03-12"/>
  </code>
  <code code="CCAT">
    <editdetail attribution="Reuters BIP Coding Group" action="confirmed" date="1997-03-12"/>
  </code>
</codes>
<dc element="dc.publisher" value="Reuters Holdings Plc"/>
<dc element="dc.date.published" value="1997-03-12"/>
<dc element="dc.source" value="Reuters"/>
<dc element="dc.creator.location.country.name" value="USA"/>
<dc element="dc.source" value="Reuters"/>
</metadata>
</newsitem>
