<?xml version="1.0" encoding="iso-8859-1" ?>
<newsitem itemid="435156" id="root" date="1997-03-12" xml:lang="en">
<title>USA: U.S. farm tractor sales up 14 pct in February. [CORRECTED 00:50 GMT 13/3]</title>
<headline>U.S. farm tractor sales up 14 pct in February. [CORRECTED 00:50 GMT 13/3]</headline>
<dateline>CHICAGO 1997-03-12</dateline>
<text>
<p>U.S. sales of farm tractors increased 14 percent in February to 7,741 from 6,790 a year earlier, the Equipment Manufacturers Institute reported.</p>
<p>Total two-wheel drive tractor sales rose 14.7 percent in the month to 7,354 from 6,410 and four-wheel drive tractors gained 14 percent to 387 from 380 (corrects both figures),</p>
<p>the trade group said.</p>
<p>Year to date, total farm tractor sales were up 2.6 percent at 14,251 compared with 13,894 in 1996.</p>
<p>((Reuters Chicago Newsdesk (312) 408-8787))</p>
</text>
<copyright>(c) Reuters Limited 1997</copyright>
<metadata>
<codes class="bip:countries:1.0">
  <code code="USA">
    <editdetail attribution="Reuters BIP Coding Group" action="confirmed" date="1997-03-12"/>
  </code>
</codes>
<codes class="bip:industries:1.0">
  <code code="I35102">
    <editdetail attribution="Reuters BIP Coding Group" action="confirmed" date="1997-03-12"/>
  </code>
</codes>
<codes class="bip:topics:1.0">
  <code code="C31">
    <editdetail attribution="Reuters BIP Coding Group" action="confirmed" date="1997-03-12"/>
  </code>
  <code code="CCAT">
    <editdetail attribution="Reuters BIP Coding Group" action="confirmed" date="1997-03-12"/>
  </code>
</codes>
<dc element="dc.date.created" value="1997-03-12"/>
<dc element="dc.publisher" value="Reuters Holdings Plc"/>
<dc element="dc.date.published" value="1997-03-12"/>
<dc element="dc.source" value="Reuters"/>
<dc element="dc.creator.location" value="CHICAGO"/>
<dc element="dc.creator.location.country.name" value="USA"/>
<dc element="dc.source" value="Reuters"/>
</metadata>
</newsitem>
