<?xml version="1.0" encoding="iso-8859-1" ?>
<newsitem itemid="435115" id="root" date="1997-03-12" xml:lang="en">
<title>USA: RESEARCH ALERT -Unibanco cut, Mavesa added to list.</title>
<headline>RESEARCH ALERT -Unibanco cut, Mavesa added to list.</headline>
<text>
<p>-- Bear Stearns &amp; Co said on Wednesday analyst David Chon had cut Brazil's Unibanco from its Top Picks list and added Venezuelan foods group Mavesa to the listing.</p>
<p>-- The changes were made March 11.</p>
<p>-- In a report, Chon said Unibanco was cut because of &quot;price appreciation (up 22.2 percent year to date) and weaker margins in its core business.&quot;</p>
<p>-- Mavesa was added based on value and growth.</p>
<p>((--Ian Simpson, Wall Street desk, (212) 859-1879))</p>
</text>
<copyright>(c) Reuters Limited 1997</copyright>
<metadata>
<codes class="bip:countries:1.0">
  <code code="BRAZ">
    <editdetail attribution="Reuters BIP Coding Group" action="confirmed" date="1997-03-12"/>
  </code>
  <code code="USA">
    <editdetail attribution="Reuters BIP Coding Group" action="confirmed" date="1997-03-12"/>
  </code>
  <code code="VEN">
    <editdetail attribution="Reuters BIP Coding Group" action="confirmed" date="1997-03-12"/>
  </code>
</codes>
<codes class="bip:industries:1.0">
  <code code="I81402">
    <editdetail attribution="Reuters BIP Coding Group" action="confirmed" date="1997-03-12"/>
  </code>
  <code code="I83960">
    <editdetail attribution="Reuters BIP Coding Group" action="confirmed" date="1997-03-12"/>
  </code>
</codes>
<codes class="bip:topics:1.0">
  <code code="C15">
    <editdetail attribution="Reuters BIP Coding Group" action="confirmed" date="1997-03-12"/>
  </code>
  <code code="C152">
    <editdetail attribution="Reuters BIP Coding Group" action="confirmed" date="1997-03-12"/>
  </code>
  <code code="CCAT">
    <editdetail attribution="Reuters BIP Coding Group" action="confirmed" date="1997-03-12"/>
  </code>
</codes>
<dc element="dc.publisher" value="Reuters Holdings Plc"/>
<dc element="dc.date.published" value="1997-03-12"/>
<dc element="dc.source" value="Reuters"/>
<dc element="dc.creator.location.country.name" value="USA"/>
<dc element="dc.source" value="Reuters"/>
</metadata>
</newsitem>
