<?xml version="1.0" encoding="iso-8859-1" ?>
<newsitem itemid="435178" id="root" date="1997-03-12" xml:lang="en">
<title>USA: AFTER THE BELL - Staples, Office Depot unchanged.</title>
<headline>AFTER THE BELL - Staples, Office Depot unchanged.</headline>
<dateline>NEW YORK 1997-03-12</dateline>
<text>
<p>The proposed merger between Staples Inc, and Office Depot Inc was looking more likely late Wednesday, but in after-hours trading both stocks were unchanged from the close, traders said.</p>
<p>&quot;There's some orders out there, but nothing's trading out of line,&quot; one trader said.</p>
<p>Staples closed at 22, down 1-1/4 on the day. Office Depot closed at 22-5/8, up 3-3/8 during regular trading hours.</p>
<p>OfficeMax Inc agreed Wednesday to buy 63 stores from Staples and Office Depot, a Staples bid to help persuade the U.S. Federal Trade Commission to approve the merger.</p>
</text>
<copyright>(c) Reuters Limited 1997</copyright>
<metadata>
<codes class="bip:countries:1.0">
  <code code="USA">
    <editdetail attribution="Reuters BIP Coding Group" action="confirmed" date="1997-03-12"/>
  </code>
</codes>
<codes class="bip:industries:1.0">
  <code code="I61000">
    <editdetail attribution="Reuters BIP Coding Group" action="confirmed" date="1997-03-12"/>
  </code>
  <code code="I65300">
    <editdetail attribution="Reuters BIP Coding Group" action="confirmed" date="1997-03-12"/>
  </code>
  <code code="I65400">
    <editdetail attribution="Reuters BIP Coding Group" action="confirmed" date="1997-03-12"/>
  </code>
</codes>
<codes class="bip:topics:1.0">
  <code code="C15">
    <editdetail attribution="Reuters BIP Coding Group" action="confirmed" date="1997-03-12"/>
  </code>
  <code code="C152">
    <editdetail attribution="Reuters BIP Coding Group" action="confirmed" date="1997-03-12"/>
  </code>
  <code code="CCAT">
    <editdetail attribution="Reuters BIP Coding Group" action="confirmed" date="1997-03-12"/>
  </code>
  <code code="M11">
    <editdetail attribution="Reuters BIP Coding Group" action="confirmed" date="1997-03-12"/>
  </code>
  <code code="MCAT">
    <editdetail attribution="Reuters BIP Coding Group" action="confirmed" date="1997-03-12"/>
  </code>
</codes>
<dc element="dc.date.created" value="1997-03-12"/>
<dc element="dc.publisher" value="Reuters Holdings Plc"/>
<dc element="dc.date.published" value="1997-03-12"/>
<dc element="dc.source" value="Reuters"/>
<dc element="dc.creator.location" value="NEW YORK"/>
<dc element="dc.creator.location.country.name" value="USA"/>
<dc element="dc.source" value="Reuters"/>
</metadata>
</newsitem>
