<?xml version="1.0" encoding="iso-8859-1" ?>
<newsitem itemid="435177" id="root" date="1997-03-12" xml:lang="en">
<title>USA: Summit Medical names interim chairman.</title>
<headline>Summit Medical names interim chairman.</headline>
<dateline>MINNEAPOLIS 1997-03-12</dateline>
<text>
<p>Summit Medical Systems Inc said Wednesday that its board of directors appointed W. Hudson Connery Jr., an outside director of the company, as interim chairman of the board.</p>
<p>Last week, Summit said 1996 revenues would be &quot;substantially less&quot; than the $19.5 million originally reported because of accounting discrepancies discovered by its new chief financial officer, who resigned after less than a week on the job.  </p>
<p>Edward Sweeney, the former chairman, will remain a member of the company's board, the medical information systems company said.</p>
<p>Summit Medical also said that it plans to hire an interim chief financial officer who will report directly to the interim chairman with respect to Securities and Exchange Commission filings and financial statement restatements.</p>
<p>As interim chairman, Connery will oversee the preparation and filing of the company's Form 1O-K for 1996 and the anticipated restatement of the company's financial statements for certain prior periods, the company said.</p>
<p>Summit shares fell 1/16 to 3-1/4 Wednesday.</p>
<p>((Chicago newsdesk, 312-408-8787))</p>
</text>
<copyright>(c) Reuters Limited 1997</copyright>
<metadata>
<codes class="bip:countries:1.0">
  <code code="USA">
    <editdetail attribution="Reuters BIP Coding Group" action="confirmed" date="1997-03-12"/>
  </code>
</codes>
<codes class="bip:industries:1.0">
  <code code="I33020">
    <editdetail attribution="Reuters BIP Coding Group" action="confirmed" date="1997-03-12"/>
  </code>
  <code code="I3302021">
    <editdetail attribution="Reuters BIP Coding Group" action="confirmed" date="1997-03-12"/>
  </code>
</codes>
<codes class="bip:topics:1.0">
  <code code="C41">
    <editdetail attribution="Reuters BIP Coding Group" action="confirmed" date="1997-03-12"/>
  </code>
  <code code="C411">
    <editdetail attribution="Reuters BIP Coding Group" action="confirmed" date="1997-03-12"/>
  </code>
  <code code="CCAT">
    <editdetail attribution="Reuters BIP Coding Group" action="confirmed" date="1997-03-12"/>
  </code>
</codes>
<dc element="dc.date.created" value="1997-03-12"/>
<dc element="dc.publisher" value="Reuters Holdings Plc"/>
<dc element="dc.date.published" value="1997-03-12"/>
<dc element="dc.source" value="Reuters"/>
<dc element="dc.creator.location" value="MINNEAPOLIS"/>
<dc element="dc.creator.location.country.name" value="USA"/>
<dc element="dc.source" value="Reuters"/>
</metadata>
</newsitem>
