<?xml version="1.0" encoding="iso-8859-1" ?>
<newsitem itemid="435153" id="root" date="1997-03-12" xml:lang="en">
<title>USA: RESEARCH ALERT - Coca-Cola FEMSA started.</title>
<headline>RESEARCH ALERT - Coca-Cola FEMSA started.</headline>
<text>
<p>-- ING Barings said analyst Marla Marron had started coverage of Mexican bottler Coca-Cola FEMSA SA with a rating of buy.</p>
<p>-- &quot;We forecast a five-six percent volume rebound in the Mexican and Argentine soft drink markets in 1997,&quot; Marron wrote in a March 11 report.</p>
<p>-- Pricing in Argentina has begun to improve and the company should &quot;garner economies of scale from the addition of a new territory in 1998,&quot; she said.</p>
<p>-- She set a 12-month price target for the stock of $42.</p>
<p>-- American Depositary Receipts in the company closed Tuesday at 35-5/8.</p>
<p>((--Ian Simpson, Wall Street Desk, (212) 859-1879))</p>
</text>
<copyright>(c) Reuters Limited 1997</copyright>
<metadata>
<codes class="bip:countries:1.0">
  <code code="MEX">
    <editdetail attribution="Reuters BIP Coding Group" action="confirmed" date="1997-03-12"/>
  </code>
  <code code="USA">
    <editdetail attribution="Reuters BIP Coding Group" action="confirmed" date="1997-03-12"/>
  </code>
</codes>
<codes class="bip:industries:1.0">
  <code code="I42800">
    <editdetail attribution="Reuters BIP Coding Group" action="confirmed" date="1997-03-12"/>
  </code>
</codes>
<codes class="bip:topics:1.0">
  <code code="C15">
    <editdetail attribution="Reuters BIP Coding Group" action="confirmed" date="1997-03-12"/>
  </code>
  <code code="C152">
    <editdetail attribution="Reuters BIP Coding Group" action="confirmed" date="1997-03-12"/>
  </code>
  <code code="CCAT">
    <editdetail attribution="Reuters BIP Coding Group" action="confirmed" date="1997-03-12"/>
  </code>
</codes>
<dc element="dc.publisher" value="Reuters Holdings Plc"/>
<dc element="dc.date.published" value="1997-03-12"/>
<dc element="dc.source" value="Reuters"/>
<dc element="dc.creator.location.country.name" value="USA"/>
<dc element="dc.source" value="Reuters"/>
</metadata>
</newsitem>
