<?xml version="1.0" encoding="iso-8859-1" ?>
<newsitem itemid="435112" id="root" date="1997-03-12" xml:lang="en">
<title>USA: RESEARCH ALERT-Patient Infosystems started.</title>
<headline>RESEARCH ALERT-Patient Infosystems started.</headline>
<text>
<p>-- Vector Securities International Inc said Wednesday it initiated coverage of Patient Infosystems Inc with an attractive rating and a price target of $13 a share.</p>
<p>-- Vector said the company's services are aimed at reducing the costs associated with chronic medical conditions, which total an estimated $425 billion annually. Patient Infosystems has 15 contracts in place for seven disease states so far and is well on its way to becoming a major player in the intersection between disease management and healthcare information technology, Vector said.</p>
<p>-- Patient Infosystems programs monitor patient progress between treatment and recovery away from the point of care.</p>
<p>-- Its shares were down 1/4 Wednesday at 8-3/4.</p>
<p>((Chicago newsdesk (312) 408-8787))</p>
</text>
<copyright>(c) Reuters Limited 1997</copyright>
<metadata>
<codes class="bip:countries:1.0">
  <code code="USA">
    <editdetail attribution="Reuters BIP Coding Group" action="confirmed" date="1997-03-12"/>
  </code>
</codes>
<codes class="bip:topics:1.0">
  <code code="C15">
    <editdetail attribution="Reuters BIP Coding Group" action="confirmed" date="1997-03-12"/>
  </code>
  <code code="C152">
    <editdetail attribution="Reuters BIP Coding Group" action="confirmed" date="1997-03-12"/>
  </code>
  <code code="CCAT">
    <editdetail attribution="Reuters BIP Coding Group" action="confirmed" date="1997-03-12"/>
  </code>
</codes>
<dc element="dc.publisher" value="Reuters Holdings Plc"/>
<dc element="dc.date.published" value="1997-03-12"/>
<dc element="dc.source" value="Reuters"/>
<dc element="dc.creator.location.country.name" value="USA"/>
<dc element="dc.source" value="Reuters"/>
</metadata>
</newsitem>
