<?xml version="1.0" encoding="iso-8859-1" ?>
<newsitem itemid="435173" id="root" date="1997-03-12" xml:lang="en">
<title>USA: J. Baker names Weinstein CEO.</title>
<headline>J. Baker names Weinstein CEO.</headline>
<dateline>CANTON, Mass. 1997-03-12</dateline>
<text>
<p>J. Baker Inc said Wednesday that its board of directors has elected Alan Weinstein as chief executive officer.</p>
<p>Weinstein has served as acting chief executive officer since the resignation of Jerry Socal in September.</p>
<p>In addition to his new position, Weinstein will retain his title as president of the company.</p>
<p>Additionally, the company confirmed the appointments of Philip Rosenberg to the position of chief financial officer and Mark Beaudouin to first senior vice president and secretary of the company.</p>
</text>
<copyright>(c) Reuters Limited 1997</copyright>
<metadata>
<codes class="bip:countries:1.0">
  <code code="USA">
    <editdetail attribution="Reuters BIP Coding Group" action="confirmed" date="1997-03-12"/>
  </code>
</codes>
<codes class="bip:industries:1.0">
  <code code="I65400">
    <editdetail attribution="Reuters BIP Coding Group" action="confirmed" date="1997-03-12"/>
  </code>
</codes>
<codes class="bip:topics:1.0">
  <code code="C41">
    <editdetail attribution="Reuters BIP Coding Group" action="confirmed" date="1997-03-12"/>
  </code>
  <code code="C411">
    <editdetail attribution="Reuters BIP Coding Group" action="confirmed" date="1997-03-12"/>
  </code>
  <code code="CCAT">
    <editdetail attribution="Reuters BIP Coding Group" action="confirmed" date="1997-03-12"/>
  </code>
</codes>
<dc element="dc.date.created" value="1997-03-12"/>
<dc element="dc.publisher" value="Reuters Holdings Plc"/>
<dc element="dc.date.published" value="1997-03-12"/>
<dc element="dc.source" value="Reuters"/>
<dc element="dc.creator.location" value="CANTON, Mass."/>
<dc element="dc.creator.location.country.name" value="USA"/>
<dc element="dc.source" value="Reuters"/>
</metadata>
</newsitem>
