<?xml version="1.0" encoding="iso-8859-1" ?>
<newsitem itemid="435118" id="root" date="1997-03-12" xml:lang="en">
<title>USA: RESEARCH ALERT - Banacci started.</title>
<headline>RESEARCH ALERT - Banacci started.</headline>
<text>
<p>-- J.P. Morgan analyst Brian Pearl started coverage of Grupo Financiero Banacci on Wednesday with a rating of market underperformer.</p>
<p>-- &quot;Banamex, Grupo Financiero Banacci's banking subsidiary, should suffer a sharp decline in earnings before provisions and taxes (EBPT) over the next several quarters,&quot; he wrote in a report.</p>
<p>-- &quot;... This decline in expected EBPT should be the result of a year-over-year compression in net interest margin from 4.5 percent in 1996 to 2.9 percent in 1997.&quot;</p>
<p>-- He set a 12-month price target for the company's B shares of 12.04 pesos.</p>
<p>-- The shares were off 0.28 peso to 18.20 in Mexico City.</p>
<p>((--Ian Simpson, Wall Street desk, (212) 859-1879))i</p>
</text>
<copyright>(c) Reuters Limited 1997</copyright>
<metadata>
<codes class="bip:countries:1.0">
  <code code="USA">
    <editdetail attribution="Reuters BIP Coding Group" action="confirmed" date="1997-03-12"/>
  </code>
</codes>
<codes class="bip:industries:1.0">
  <code code="I81402">
    <editdetail attribution="Reuters BIP Coding Group" action="confirmed" date="1997-03-12"/>
  </code>
</codes>
<codes class="bip:topics:1.0">
  <code code="C15">
    <editdetail attribution="Reuters BIP Coding Group" action="confirmed" date="1997-03-12"/>
  </code>
  <code code="C152">
    <editdetail attribution="Reuters BIP Coding Group" action="confirmed" date="1997-03-12"/>
  </code>
  <code code="CCAT">
    <editdetail attribution="Reuters BIP Coding Group" action="confirmed" date="1997-03-12"/>
  </code>
</codes>
<dc element="dc.publisher" value="Reuters Holdings Plc"/>
<dc element="dc.date.published" value="1997-03-12"/>
<dc element="dc.source" value="Reuters"/>
<dc element="dc.creator.location.country.name" value="USA"/>
<dc element="dc.source" value="Reuters"/>
</metadata>
</newsitem>
