<?xml version="1.0" encoding="iso-8859-1" ?>
<newsitem itemid="435116" id="root" date="1997-03-12" xml:lang="en">
<title>USA: RESEARCH ALERT-ILOG started at SoundView.</title>
<headline>RESEARCH ALERT-ILOG started at SoundView.</headline>
<text>
<p>-- SoundView Financial Group Inc analyst Kris Tuttle started coverage of ILOG with both short-term and long-term buy ratings on Wednesday.</p>
<p>-- Tuttle expects the company to lose $0.10 a share in fiscal 1997, earn $0.22 a share in fiscal 1998, and earn $0.14 a share in fiscal 1998 with fiscal 1998 earnings on a fully-taxed basis, according to a research report.</p>
<p>-- SoundView was a co-manager of ILOG's initial public offering in February. The stock went public at $11 a share.</p>
<p>-- Shares slipped 1/8 to 8-3/8 in early trading.</p>
</text>
<copyright>(c) Reuters Limited 1997</copyright>
<metadata>
<codes class="bip:countries:1.0">
  <code code="USA">
    <editdetail attribution="Reuters BIP Coding Group" action="confirmed" date="1997-03-12"/>
  </code>
</codes>
<codes class="bip:industries:1.0">
  <code code="I33020">
    <editdetail attribution="Reuters BIP Coding Group" action="confirmed" date="1997-03-12"/>
  </code>
  <code code="I3302021">
    <editdetail attribution="Reuters BIP Coding Group" action="confirmed" date="1997-03-12"/>
  </code>
</codes>
<codes class="bip:topics:1.0">
  <code code="C15">
    <editdetail attribution="Reuters BIP Coding Group" action="confirmed" date="1997-03-12"/>
  </code>
  <code code="C152">
    <editdetail attribution="Reuters BIP Coding Group" action="confirmed" date="1997-03-12"/>
  </code>
  <code code="CCAT">
    <editdetail attribution="Reuters BIP Coding Group" action="confirmed" date="1997-03-12"/>
  </code>
</codes>
<dc element="dc.publisher" value="Reuters Holdings Plc"/>
<dc element="dc.date.published" value="1997-03-12"/>
<dc element="dc.source" value="Reuters"/>
<dc element="dc.creator.location.country.name" value="USA"/>
<dc element="dc.source" value="Reuters"/>
</metadata>
</newsitem>
