<?xml version="1.0" encoding="iso-8859-1" ?>
<newsitem itemid="435114" id="root" date="1997-03-12" xml:lang="en">
<title>USA: RESEARCH ALERT - Access Health cut.</title>
<headline>RESEARCH ALERT - Access Health cut.</headline>
<text>
<p>-- Smith Barney downgraded Access Health Inc and PHP Healthcare Corp to neutral from buy, according to a Smith Barney source.</p>
<p>-- Access fell 7-3/4 to 14-3/4.  On Tuesday, Access said it expects full-year 1997 earnings to be $0.15-$0.17 per share below the consensus estimate of $0.99 per share.</p>
<p>-- PHP dropped 1-1/8 to 16.  PHP said late Tuesday it will report a third-quarter loss resulting from charges that include the divestment of the long-term care business within its government managed care division.</p>
</text>
<copyright>(c) Reuters Limited 1997</copyright>
<metadata>
<codes class="bip:countries:1.0">
  <code code="USA">
    <editdetail attribution="Reuters BIP Coding Group" action="confirmed" date="1997-03-12"/>
  </code>
</codes>
<codes class="bip:industries:1.0">
  <code code="I95100">
    <editdetail attribution="Reuters BIP Coding Group" action="confirmed" date="1997-03-12"/>
  </code>
</codes>
<codes class="bip:topics:1.0">
  <code code="C15">
    <editdetail attribution="Reuters BIP Coding Group" action="confirmed" date="1997-03-12"/>
  </code>
  <code code="C152">
    <editdetail attribution="Reuters BIP Coding Group" action="confirmed" date="1997-03-12"/>
  </code>
  <code code="CCAT">
    <editdetail attribution="Reuters BIP Coding Group" action="confirmed" date="1997-03-12"/>
  </code>
</codes>
<dc element="dc.publisher" value="Reuters Holdings Plc"/>
<dc element="dc.date.published" value="1997-03-12"/>
<dc element="dc.source" value="Reuters"/>
<dc element="dc.creator.location.country.name" value="USA"/>
<dc element="dc.source" value="Reuters"/>
</metadata>
</newsitem>
