<?xml version="1.0" encoding="iso-8859-1" ?>
<newsitem itemid="435183" id="root" date="1997-03-12" xml:lang="en">
<title>USA: BEC Group Inc Q4 profit vs loss.</title>
<headline>BEC Group Inc Q4 profit vs loss.</headline>
<dateline>RYE, N.Y. 1997-03-12</dateline>
<text>
<p>1996			1995</p>
<p> Shr profit		 $0.04     loss	 $0.30</p>
<p> Net profit		   619     loss	 5,366</p>
<p> Revs			15,196		   16,153</p>
<p> Avg shrs		  17,677		   17,600</p>
<p>(All data above 000s except per share numbers)  </p>
<p>		 YEAR</p>
<p> Shr profit		 $4.68     loss	 $0.38</p>
<p> Net profit		82,756     loss	 6,760</p>
<p> Revs			66,996		   66,073</p>
<p> Avg shrs primary	17,669		   17,600</p>
<p>(All data above 000s except per share numbers)</p>
<p>NOTE: Q4 net income (loss) from continuing operations: profit $529,000 vs loss $1.07 million.</p>
<p>Year net income (loss) from continuing operations: profit $4.92 million vs loss $1.74 million.</p>
<p>Table includes discontinued operations of Foster Grant Group, which was sold December 1996 and the prescription eyewear business which was sold May 3, 1996.</p>
<p>1995 periods include special charges and merger related expenses of $3.05 million in Q4 and $8.3 million for the year.</p>
</text>
<copyright>(c) Reuters Limited 1997</copyright>
<metadata>
<codes class="bip:countries:1.0">
  <code code="USA">
    <editdetail attribution="Reuters BIP Coding Group" action="confirmed" date="1997-03-12"/>
  </code>
</codes>
<codes class="bip:topics:1.0">
  <code code="C15">
    <editdetail attribution="Reuters BIP Coding Group" action="confirmed" date="1997-03-12"/>
  </code>
  <code code="C151">
    <editdetail attribution="Reuters BIP Coding Group" action="confirmed" date="1997-03-12"/>
  </code>
  <code code="C1511">
    <editdetail attribution="Reuters BIP Coding Group" action="confirmed" date="1997-03-12"/>
  </code>
  <code code="CCAT">
    <editdetail attribution="Reuters BIP Coding Group" action="confirmed" date="1997-03-12"/>
  </code>
</codes>
<dc element="dc.date.created" value="1997-03-12"/>
<dc element="dc.publisher" value="Reuters Holdings Plc"/>
<dc element="dc.date.published" value="1997-03-12"/>
<dc element="dc.source" value="Reuters"/>
<dc element="dc.creator.location" value="RYE, N.Y."/>
<dc element="dc.creator.location.country.name" value="USA"/>
<dc element="dc.source" value="Reuters"/>
</metadata>
</newsitem>
