<?xml version="1.0" encoding="iso-8859-1" ?>
<newsitem itemid="435171" id="root" date="1997-03-12" xml:lang="en">
<title>USA: Bethlehem Steel to close Maryland plant.</title>
<headline>Bethlehem Steel to close Maryland plant.</headline>
<dateline>BETHLEHEM, Pa. 1997-03-12</dateline>
<text>
<p>Bethlehem Steel Corp said on Wednesday it has notified workers of of a planned permanent shutdown of its BethShip Sparrows Point Yard.</p>
<p>Bethlehem said it was issuing this notice at this time because of the breakdown in negotiations between WHX Corp, which is negotiating to buy the Yard, and labor unions.</p>
<p>The company informed the 900 workers about the planned shutdown under the Worker Adjustment and Retraining Act.  </p>
<p>A Bethlehem Steel spokesman said it has issued the notice to employees, which means that  unprofitable shipbuilding and ship repair yard will close sometime after 60 days.</p>
<p>Federal law requires large companies to give workers advance notice for closings, a Bethlehem spokesman said. the plant has been unprofitable</p>
<p>Bethlehem said the ship yard will take no additional orders other than those which could be completed within the timeframe of its current order book, unless the yard can be sold.</p>
<p>Bethlehem announced in October 1996 that it planned to sell the yard as part of a comprehensive restructuring plan and said at that time that if the yard could not be sold it would be shut down.</p>
<p>A restructuring charge for this plan was recorded in the fourth quarter 1996, the company said.</p>
<p>WHX Corp, a prospective buyer, was in talks with the Industrial Union of Marine and Shipbuilding Workers of America and the International Association of Machinists and Aerospace Workers, Bethlehem said.</p>
</text>
<copyright>(c) Reuters Limited 1997</copyright>
<metadata>
<codes class="bip:countries:1.0">
  <code code="USA">
    <editdetail attribution="Reuters BIP Coding Group" action="confirmed" date="1997-03-12"/>
  </code>
</codes>
<codes class="bip:industries:1.0">
  <code code="I22100">
    <editdetail attribution="Reuters BIP Coding Group" action="confirmed" date="1997-03-12"/>
  </code>
</codes>
<codes class="bip:topics:1.0">
  <code code="C24">
    <editdetail attribution="Reuters BIP Coding Group" action="confirmed" date="1997-03-12"/>
  </code>
  <code code="C42">
    <editdetail attribution="Reuters BIP Coding Group" action="confirmed" date="1997-03-12"/>
  </code>
  <code code="CCAT">
    <editdetail attribution="Reuters BIP Coding Group" action="confirmed" date="1997-03-12"/>
  </code>
  <code code="E41">
    <editdetail attribution="Reuters BIP Coding Group" action="confirmed" date="1997-03-12"/>
  </code>
  <code code="ECAT">
    <editdetail attribution="Reuters BIP Coding Group" action="confirmed" date="1997-03-12"/>
  </code>
  <code code="GCAT">
    <editdetail attribution="Reuters BIP Coding Group" action="confirmed" date="1997-03-12"/>
  </code>
  <code code="GJOB">
    <editdetail attribution="Reuters BIP Coding Group" action="confirmed" date="1997-03-12"/>
  </code>
</codes>
<dc element="dc.date.created" value="1997-03-12"/>
<dc element="dc.publisher" value="Reuters Holdings Plc"/>
<dc element="dc.date.published" value="1997-03-12"/>
<dc element="dc.source" value="Reuters"/>
<dc element="dc.creator.location" value="BETHLEHEM, Pa."/>
<dc element="dc.creator.location.country.name" value="USA"/>
<dc element="dc.source" value="Reuters"/>
</metadata>
</newsitem>
