<?xml version="1.0" encoding="iso-8859-1" ?>
<newsitem itemid="435128" id="root" date="1997-03-12" xml:lang="en">
<title>USA: RESEARCH ALERT-CellPro cut, stock falls.</title>
<headline>RESEARCH ALERT-CellPro cut, stock falls.</headline>
<text>
<p>-- UBS Securities analyst Marc Ostro cut his rating of CellPro to hold from buy on Wednesday after a jury ruled late on Tuesday that the company had infringed on patents held by Baxter International Inc, Becton Dickinson and Co and Johns Hopkins School of Medicine.</p>
<p>-- In a research report, Ostro said a ruling in favor of Baxter was expected, but the jury also ruled the infringment was willful, which can result in triple damages.</p>
<p>-- &quot;This was surprising since typically opinions of non-infringement by a qualified qualified patent lawyer (a document which CellPro had obtained) preclude the willful infringment claim,&quot; he wrote in a report.</p>
<p>-- &quot;Given this unpredictability, we are not sure that an injunction is not possible and ... have downgraded the stock ... until the dust settles,&quot; he said in the report.</p>
<p>-- Shares fell sharply, losing 20 percent of their value with the stock off 1-5/8 to 6-1/2 in early trading.</p>
</text>
<copyright>(c) Reuters Limited 1997</copyright>
<metadata>
<codes class="bip:countries:1.0">
  <code code="USA">
    <editdetail attribution="Reuters BIP Coding Group" action="confirmed" date="1997-03-12"/>
  </code>
</codes>
<codes class="bip:industries:1.0">
  <code code="I25670">
    <editdetail attribution="Reuters BIP Coding Group" action="confirmed" date="1997-03-12"/>
  </code>
  <code code="I25700">
    <editdetail attribution="Reuters BIP Coding Group" action="confirmed" date="1997-03-12"/>
  </code>
</codes>
<codes class="bip:topics:1.0">
  <code code="C15">
    <editdetail attribution="Reuters BIP Coding Group" action="confirmed" date="1997-03-12"/>
  </code>
  <code code="C152">
    <editdetail attribution="Reuters BIP Coding Group" action="confirmed" date="1997-03-12"/>
  </code>
  <code code="CCAT">
    <editdetail attribution="Reuters BIP Coding Group" action="confirmed" date="1997-03-12"/>
  </code>
</codes>
<dc element="dc.publisher" value="Reuters Holdings Plc"/>
<dc element="dc.date.published" value="1997-03-12"/>
<dc element="dc.source" value="Reuters"/>
<dc element="dc.creator.location.country.name" value="USA"/>
<dc element="dc.source" value="Reuters"/>
</metadata>
</newsitem>
