<?xml version="1.0" encoding="iso-8859-1" ?>
<newsitem itemid="435129" id="root" date="1997-03-12" xml:lang="en">
<title>USA: RESEARCH ALERT-Lehman starts five biotech/drug cos.</title>
<headline>RESEARCH ALERT-Lehman starts five biotech/drug cos.</headline>
<text>
<p>-- Lehman Brothers said analyst Matthew Murray initiated coverage of two biotechnology/drug companies with outperform ratings and initiated three others with venture ratings.</p>
<p>-- Arris Pharmaceutical Corp and BioCryst Pharmaceuticals Inc were rated outperform.</p>
<p>-- Houghten Pharmaceuticals Inc, Transkaryotic Therapies Inc and Tripos Inc were rated venture.  </p>
<p>-- said Arris's proprietary &quot;Delta&quot; technology offers an important advantage in the discovery of lead compounds against protease targets.</p>
<p>-- said Arris has seven corporate collaborations valued at up to $248 million, allowing the company to maintain a low cash burn rate.</p>
<p>-- said expects large upside potential for BioCryst's lead drug candidate BCX-34 if it is able to safely and effectively inhibit T-cells.</p>
<p>-- said BioCryst is in excellent financial position from its recent public offering.  </p>
<p>-- said believes Houghten's new small molecule combinatorial chemistry technology will drive company's valuation.</p>
<p>-- said Houghten has modest corporate collaborations and modest cash position.</p>
<p>-- said Transkaryotic stock is high risk with potentially high return.</p>
<p>-- sees Transkaryotic battle with Amgen Inc over Epogen patents. Amgen has patent on gene for erythropoietin, but not on the natural erythropoietin protein.</p>
<p>-- said Transkaryotic is in strong financial position.  </p>
<p>-- said Tripos's combinatorial chemistry technology alliance makes use of company's software expertise.</p>
<p>-- said Tripos is profitable but undercapitalized.</p>
</text>
<copyright>(c) Reuters Limited 1997</copyright>
<metadata>
<codes class="bip:countries:1.0">
  <code code="USA">
    <editdetail attribution="Reuters BIP Coding Group" action="confirmed" date="1997-03-12"/>
  </code>
</codes>
<codes class="bip:industries:1.0">
  <code code="I25700">
    <editdetail attribution="Reuters BIP Coding Group" action="confirmed" date="1997-03-12"/>
  </code>
  <code code="I33020">
    <editdetail attribution="Reuters BIP Coding Group" action="confirmed" date="1997-03-12"/>
  </code>
</codes>
<codes class="bip:topics:1.0">
  <code code="C15">
    <editdetail attribution="Reuters BIP Coding Group" action="confirmed" date="1997-03-12"/>
  </code>
  <code code="C152">
    <editdetail attribution="Reuters BIP Coding Group" action="confirmed" date="1997-03-12"/>
  </code>
  <code code="CCAT">
    <editdetail attribution="Reuters BIP Coding Group" action="confirmed" date="1997-03-12"/>
  </code>
</codes>
<dc element="dc.publisher" value="Reuters Holdings Plc"/>
<dc element="dc.date.published" value="1997-03-12"/>
<dc element="dc.source" value="Reuters"/>
<dc element="dc.creator.location.country.name" value="USA"/>
<dc element="dc.source" value="Reuters"/>
</metadata>
</newsitem>
