<?xml version="1.0" encoding="iso-8859-1" ?>
<newsitem itemid="435135" id="root" date="1997-03-12" xml:lang="en">
<title>USA: RESEARCH ALERT - Huntco raised to buy.</title>
<headline>RESEARCH ALERT - Huntco raised to buy.</headline>
<text>
<p>-- Deutsche Morgan Grenfell said it upgraded Huntco Inc to buy from accumulate following a recent 15 percent decline in the price of the shares and the firm's expectation that Huntco will enjoy a strong earnings recovery.</p>
<p>-- Left earnings estimates unchanged at $1.10 per share for 1997 and $2.10 per share for 1998.</p>
<p>-- Said saw &quot;reasonable potential for a doubling of the stock price.&quot;</p>
<p>-- Twelve to 18 month price target is &quot;at least $20.&quot;</p>
<p>-- Shares rose 3/8 to 10-7/8.</p>
<p>((-- Wall Street desk, 212-859-1730))</p>
</text>
<copyright>(c) Reuters Limited 1997</copyright>
<metadata>
<codes class="bip:countries:1.0">
  <code code="USA">
    <editdetail attribution="Reuters BIP Coding Group" action="confirmed" date="1997-03-12"/>
  </code>
</codes>
<codes class="bip:industries:1.0">
  <code code="I22300">
    <editdetail attribution="Reuters BIP Coding Group" action="confirmed" date="1997-03-12"/>
  </code>
</codes>
<codes class="bip:topics:1.0">
  <code code="C15">
    <editdetail attribution="Reuters BIP Coding Group" action="confirmed" date="1997-03-12"/>
  </code>
  <code code="C152">
    <editdetail attribution="Reuters BIP Coding Group" action="confirmed" date="1997-03-12"/>
  </code>
  <code code="CCAT">
    <editdetail attribution="Reuters BIP Coding Group" action="confirmed" date="1997-03-12"/>
  </code>
</codes>
<dc element="dc.publisher" value="Reuters Holdings Plc"/>
<dc element="dc.date.published" value="1997-03-12"/>
<dc element="dc.source" value="Reuters"/>
<dc element="dc.creator.location.country.name" value="USA"/>
<dc element="dc.source" value="Reuters"/>
</metadata>
</newsitem>
