<?xml version="1.0" encoding="iso-8859-1" ?>
<newsitem itemid="435137" id="root" date="1997-03-12" xml:lang="en">
<title>USA: RESEARCH ALERT - Merrill upgrades three energy cos.</title>
<headline>RESEARCH ALERT - Merrill upgrades three energy cos.</headline>
<text>
<p>-- Merrill Lynch said upgraded three oil and gas companies, raising near-term ratings on two and its long-term rating on the third.</p>
<p>-- Raised Vastar Resources Inc to near-term accumulate from neutral. Kept long-term rating at buy.</p>
<p>-- Raised Enserch Exploration Inc to near-term accumulate from neutral. Kept long-term rating at accumulate.</p>
<p>-- Raised HS Resources to long-term buy from accumulate. Kept near-term rating at accumulate.  </p>
<p>-- Shares in Vastar rose 3/8 to 29-1/2, Enserch Exploration rose 1/4 to 9-1/2 and HS Resources rose 1/2 to 13-3/4, all in early activity.</p>
<p>((-- Wall Street desk, 212-859-1730))</p>
</text>
<copyright>(c) Reuters Limited 1997</copyright>
<metadata>
<codes class="bip:countries:1.0">
  <code code="USA">
    <editdetail attribution="Reuters BIP Coding Group" action="confirmed" date="1997-03-12"/>
  </code>
</codes>
<codes class="bip:industries:1.0">
  <code code="I13000">
    <editdetail attribution="Reuters BIP Coding Group" action="confirmed" date="1997-03-12"/>
  </code>
  <code code="I1300003">
    <editdetail attribution="Reuters BIP Coding Group" action="confirmed" date="1997-03-12"/>
  </code>
</codes>
<codes class="bip:topics:1.0">
  <code code="C15">
    <editdetail attribution="Reuters BIP Coding Group" action="confirmed" date="1997-03-12"/>
  </code>
  <code code="C152">
    <editdetail attribution="Reuters BIP Coding Group" action="confirmed" date="1997-03-12"/>
  </code>
  <code code="CCAT">
    <editdetail attribution="Reuters BIP Coding Group" action="confirmed" date="1997-03-12"/>
  </code>
</codes>
<dc element="dc.publisher" value="Reuters Holdings Plc"/>
<dc element="dc.date.published" value="1997-03-12"/>
<dc element="dc.source" value="Reuters"/>
<dc element="dc.creator.location.country.name" value="USA"/>
<dc element="dc.source" value="Reuters"/>
</metadata>
</newsitem>
