<?xml version="1.0" encoding="iso-8859-1" ?>
<newsitem itemid="435167" id="root" date="1997-03-12" xml:lang="en">
<title>USA: Broader Liggett tobacco pact expected soon.</title>
<headline>Broader Liggett tobacco pact expected soon.</headline>
<dateline>NEW YORK 1997-03-12</dateline>
<text>
<p>By Gail Appleson, Law Correspondent</p>
<p>Talks aimed at a broader settlement of smoking lawsuits between Liggett Group Inc. and nearly two dozen states have intensified and a deal could be reached soon, sources familiar with negotiations said Wednesday.</p>
<p>The talks, which involve Liggett's proposal to turn over highly sensitive industry documents, have picked up ahead of the first anniversary of Liggett's break with the industry to become the first cigarette maker to settle smoking litigation.</p>
<p>On March 13, 1996, Liggett, the smallest of the nation's major tobacco companies, agreed to settle a federal class-action lawsuit in New Orleans and two days later reached an accord with five states that had sued the industry to recoup the costs of providing health care for poor smokers.</p>
<p>But 22 state attorneys general and the lieutenant governor of Alabama have now sued the industry to recoup Medicaid costs for treating smokers and Liggett wants a broader pact that would satisfy a larger number of states.</p>
<p>&quot;Talks with Liggett have been ongoing,&quot; said Mike Moore, Mississippi's attorney general who is a leader in the negotiations.</p>
<p>Still, a settlement between more states and Liggett, owned by Bennett LeBow's Brooke Group Inc., would not necessarily point to an industrywide settlement that would include other tobacco companies.</p>
<p>Last year Liggett broke ranks by settling with Mississippi, Florida, Massachusetts, West Virginia and Louisiana. It paid them a total of $1 million immediately and agreed to pay a total of $4 million to be split by the states over the next nine years.</p>
<p>It also agreed to pay the five settling states 2.5 percent of its annual pretax income over the next 25 years.</p>
<p>Moore said Liggett's second payment to Mississippi was due by Saturday. Neither he nor a LeBow spokesman would discuss the talks further.</p>
<p>Sources close to the negotiations involving Liggett said the parties were close to an agreement. They said they had hoped to reach a deal before the anniversary of last year's settlement but now an accord was not expected until after the end of next week.</p>
<p>&quot;The documents are key,&quot; said one source. &quot;I understand they could be quite damaging.&quot;</p>
<p>LeBow would want as many states as possible to agree to drop their suits against Liggett before he would turn over the papers. Some states, in particular Minnesota, previously have raised doubts about a proposed settlement.</p>
<p>While the sources expressed optimism a settlement could be reached between Liggett and most of the states, they said the larger tobacco companies have made no effort to settle with the states or lawyers representing others suing the industry.</p>
<p>They said that if an industrywide settlement could be reached it would not be for quite a long time.</p>
<p>Rumors over a possible industrywide settlement began to swirl last month when the Wall Street brokerage house Sanford C. Bernstein issued a report saying the industry was likely to agree to pay into a settlement fund in exchange for protection against smoking-related lawsuits.</p>
<p>When cigarette companies recently hired two politically connected Washington law firms and a powerful public relations firm to handle tobacco litigation matters, that further fed speculation about a settlement.</p>
<p>The National Journal, a Washington-based publication covering policy issues, reported the firms had been hired specifically to develop plans for a comprehensive settlement of the industry's legal and regulatory problems.</p>
<p>Just last week, when B.A.T Industries Plc released its 1996 earnings, it reiterated a previous statement that it was prepared to evaluate &quot;any sensible proposal&quot; for an industrywide settlement that would end U.S. litigation.</p>
<p>But one source close to the attorneys general said he thought cigarette makers were just trying to bolster their stock prices by dropping hints a settlement was near.</p>
<p>&quot;If investors think a settlement is happening soon they are spinning in the wind. This is all pie in the sky so far,&quot; he said.</p>
<p>Mississippi's Moore said that while he felt the tobacco industry was serious about a settlement, he expected to take his state's Medicaid case to trial in June.</p>
<p>&quot;Time is running out for them,&quot; he said. &quot;My case is 80 days away.&quot;</p>
</text>
<copyright>(c) Reuters Limited 1997</copyright>
<metadata>
<codes class="bip:countries:1.0">
  <code code="USA">
    <editdetail attribution="Reuters BIP Coding Group" action="confirmed" date="1997-03-12"/>
  </code>
</codes>
<codes class="bip:industries:1.0">
  <code code="I42900">
    <editdetail attribution="Reuters BIP Coding Group" action="confirmed" date="1997-03-12"/>
  </code>
  <code code="I83960">
    <editdetail attribution="Reuters BIP Coding Group" action="confirmed" date="1997-03-12"/>
  </code>
</codes>
<codes class="bip:topics:1.0">
  <code code="C12">
    <editdetail attribution="Reuters BIP Coding Group" action="confirmed" date="1997-03-12"/>
  </code>
  <code code="C13">
    <editdetail attribution="Reuters BIP Coding Group" action="confirmed" date="1997-03-12"/>
  </code>
  <code code="CCAT">
    <editdetail attribution="Reuters BIP Coding Group" action="confirmed" date="1997-03-12"/>
  </code>
  <code code="GCAT">
    <editdetail attribution="Reuters BIP Coding Group" action="confirmed" date="1997-03-12"/>
  </code>
  <code code="GCRIM">
    <editdetail attribution="Reuters BIP Coding Group" action="confirmed" date="1997-03-12"/>
  </code>
</codes>
<dc element="dc.date.created" value="1997-03-12"/>
<dc element="dc.publisher" value="Reuters Holdings Plc"/>
<dc element="dc.date.published" value="1997-03-12"/>
<dc element="dc.source" value="Reuters"/>
<dc element="dc.creator.location" value="NEW YORK"/>
<dc element="dc.creator.location.country.name" value="USA"/>
<dc element="dc.source" value="Reuters"/>
</metadata>
</newsitem>
