<?xml version="1.0" encoding="iso-8859-1" ?>
<newsitem itemid="435126" id="root" date="1997-03-12" xml:lang="en">
<title>USA: RESEARCH ALERT - Bancomer started.</title>
<headline>RESEARCH ALERT - Bancomer started.</headline>
<text>
<p>-- J.P. Morgan said analyst Brian Pearl started coverage of Mexico's Banco Financiero Bancomer on Wednesday with a rating of market underperformer.</p>
<p>-- &quot;Bancomer should suffer a sharp decline in earnings before provisions and taxes (EBPT) over the next several years,&quot; Pearl wrote in a report.</p>
<p>-- &quot;... This decline in expected EBPT is a result of year-over-year compression in net interest margin ... from six percent in 1996 to 4.1 percent in 1997.&quot;</p>
<p>-- The company's B shares were off 0.10 peso to 2.83 pesos in Mexico City.</p>
<p>((--Ian Simpson, Wall Street desk, (212) 859-1879))</p>
</text>
<copyright>(c) Reuters Limited 1997</copyright>
<metadata>
<codes class="bip:countries:1.0">
  <code code="MEX">
    <editdetail attribution="Reuters BIP Coding Group" action="confirmed" date="1997-03-12"/>
  </code>
  <code code="USA">
    <editdetail attribution="Reuters BIP Coding Group" action="confirmed" date="1997-03-12"/>
  </code>
</codes>
<codes class="bip:industries:1.0">
  <code code="I81402">
    <editdetail attribution="Reuters BIP Coding Group" action="confirmed" date="1997-03-12"/>
  </code>
</codes>
<codes class="bip:topics:1.0">
  <code code="C15">
    <editdetail attribution="Reuters BIP Coding Group" action="confirmed" date="1997-03-12"/>
  </code>
  <code code="C152">
    <editdetail attribution="Reuters BIP Coding Group" action="confirmed" date="1997-03-12"/>
  </code>
  <code code="CCAT">
    <editdetail attribution="Reuters BIP Coding Group" action="confirmed" date="1997-03-12"/>
  </code>
</codes>
<dc element="dc.publisher" value="Reuters Holdings Plc"/>
<dc element="dc.date.published" value="1997-03-12"/>
<dc element="dc.source" value="Reuters"/>
<dc element="dc.creator.location.country.name" value="USA"/>
<dc element="dc.source" value="Reuters"/>
</metadata>
</newsitem>
