<?xml version="1.0" encoding="iso-8859-1" ?>
<newsitem itemid="435187" id="root" date="1997-03-12" xml:lang="en">
<title>USA: U.S. high-grade debt sells, some junk challenged.</title>
<headline>U.S. high-grade debt sells, some junk challenged.</headline>
<dateline>NEW YORK 1997-03-12</dateline>
<text>
<p>U.S. corporate bond issuance totaling more than $1.0 billion revealed still-strong investor cravings for high-grade bonds on Wednesday, while secondary spreads sat unchanged, dealers said.</p>
<p>The same could not be said for high-yield bonds, however, with a $300 million issue from WinStar Communications Inc called a &quot;workout&quot; situation. The issue, restructured to eliminate a $150 million 10-year senior subordinated deferred interest tranche and hike price talk elsewhere, is now expected to price on Thursday.</p>
<p>Street sources said the deal was slated for Wednesday.  </p>
<p>Some players noted a more cautious market for the more speculative grade bonds has upended deals such as Teleport Communications Group, WinStar and the wireless British telephone company Ionica Plc.</p>
<p>&quot;The WinStar and Ionica are not considered the tier 1 or better quality names, so they would be a hard sales in any market,&quot; said John Bianchi, managing director of Smith Barney Inc's high-yield funds.</p>
<p>Bianchi said he is willing to give up higher yield of such lower quality issues (WinStar was rated CCC-plus by Standard &amp; Poor's in return for the lower spread risk of a BB paper.  </p>
<p>Ionica is also expected to price on Thursday.</p>
<p>Elsewhere, two other high-yield deals found enough demand to prompt increases in size before pricing on Wednesday.</p>
<p>Hollinger International Publishing sold $550 million in notes, up from $400 million, in two tranches through Merrill Lynch &amp; Co. The deal included $260 million 8-5/8 percent Ba3/BB-plus senior notes due 2005 to yield 212.5 basis points over Treasuries and $290 million 9-1/4 percent 10-year B1/BB-minus senior subordinated notes to yield 275 basis points over the curve.  </p>
<p>Also Nortek Inc priced $175 million, up from $150 million, 10-year Ba3/B-plus senior notes as 9-1/4s to yield 275 basis points over the curve via Bear, Stearns &amp; Co.</p>
<p>Some high-grade issues were also increased in size, including $550 million in two-tranche debt from Honeywell Inc via lead manager J.P. Morgan Securities Inc.</p>
<p>The issue included $200 million 6-3/4 percent five-year notes priced to yield 34 basis points over the curve and $350 million seven percent 10-year notes priced to yield 50 basis points over. Both tranches are rated A2/single-A.  </p>
<p>Dave Olsen, vice president of J.P. Morgan's debt capital group, said while corporate demand was perhaps not as fervent as seen two weeks ago, the increase in the 10-year tranche from $200 million to $350 million proved depth to the market.</p>
<p>&quot;Getting more than half a billion (dollars) for a real bread and butter corporate name gave the best indication that there is a lot of strength left in the investor community,&quot; said Olsen. &quot;Particularly for more infrequent issuers.&quot;</p>
<p>Other investment grade issues were:</p>
<p>-- 360 Communications Co's $200 million Ba1/BBB-minus 7.60 percent notes due 2009, priced to yield 103 basis points over the Treasury curve via Salomon Brothers.</p>
<p>-- Westvaco Corp's $150 million A1/single-A 7.65 percent 30-year debentures priced to yield 77 basis points over the Treasury bond.</p>
<p>Corporate bond spreads in the secondary were mostly unchanged, traders said, with most focus geared toward the new issue slate.</p>
<p>The T-bond closed down 11/32 to yield 6.88 percent.</p>
<p>((--Al Yoon, 212-859-1672))</p>
</text>
<copyright>(c) Reuters Limited 1997</copyright>
<metadata>
<codes class="bip:countries:1.0">
  <code code="USA">
    <editdetail attribution="Reuters BIP Coding Group" action="confirmed" date="1997-03-12"/>
  </code>
</codes>
<codes class="bip:topics:1.0">
  <code code="M12">
    <editdetail attribution="Reuters BIP Coding Group" action="confirmed" date="1997-03-12"/>
  </code>
  <code code="MCAT">
    <editdetail attribution="Reuters BIP Coding Group" action="confirmed" date="1997-03-12"/>
  </code>
</codes>
<dc element="dc.date.created" value="1997-03-12"/>
<dc element="dc.publisher" value="Reuters Holdings Plc"/>
<dc element="dc.date.published" value="1997-03-12"/>
<dc element="dc.source" value="Reuters"/>
<dc element="dc.creator.location" value="NEW YORK"/>
<dc element="dc.creator.location.country.name" value="USA"/>
<dc element="dc.source" value="Reuters"/>
</metadata>
</newsitem>
