<?xml version="1.0" encoding="iso-8859-1" ?>
<newsitem itemid="435165" id="root" date="1997-03-12" xml:lang="en">
<title>USA: Oil union chief gets Tosco contract offer.</title>
<headline>Oil union chief gets Tosco contract offer.</headline>
<dateline>LOS ANGELES 1997-03-12</dateline>
<text>
<p>Members of the Oil, Chemical and Atomic Workers Union (OCAW) in California sent a final contract offer from refiner Tosco Corp to their chief for approval, a OCAW official said Wednesday.</p>
<p>Tosco, a refiner based in Stamford, Connecticut, has been negotiating with a team of 17 union officials a new contract for employees at four California refineries it will take over from Unocal Corp at the end of the month.</p>
<p>A union negotiator said he doubted OCAW president Robert Wages would approve the medical or pension plans Tosco is offering in the contract.</p>
<p>&quot;We feel it's not quite what we were willing to settle for,&quot; said OCAW International representative Steve Sullivan.</p>
<p>He did not know how long it would take for Wages to examine the contract. Wages received the contract late Tuesday.</p>
<p>Union officials have said Tosco plans to cut up to 150 refinery jobs, and Sullivan said support runs strong for a strike if Tosco's offer fails to satisfy union members.</p>
<p>A Tosco executive declined to comment on the contract or possible strike.</p>
<p>((David Brinkerhoff, Los Angeles bureau +1 212 859 1620</p>
</text>
<copyright>(c) Reuters Limited 1997</copyright>
<metadata>
<codes class="bip:countries:1.0">
  <code code="USA">
    <editdetail attribution="Reuters BIP Coding Group" action="confirmed" date="1997-03-12"/>
  </code>
</codes>
<codes class="bip:industries:1.0">
  <code code="I13000">
    <editdetail attribution="Reuters BIP Coding Group" action="confirmed" date="1997-03-12"/>
  </code>
  <code code="I14000">
    <editdetail attribution="Reuters BIP Coding Group" action="confirmed" date="1997-03-12"/>
  </code>
</codes>
<codes class="bip:topics:1.0">
  <code code="C42">
    <editdetail attribution="Reuters BIP Coding Group" action="confirmed" date="1997-03-12"/>
  </code>
  <code code="CCAT">
    <editdetail attribution="Reuters BIP Coding Group" action="confirmed" date="1997-03-12"/>
  </code>
  <code code="E41">
    <editdetail attribution="Reuters BIP Coding Group" action="confirmed" date="1997-03-12"/>
  </code>
  <code code="ECAT">
    <editdetail attribution="Reuters BIP Coding Group" action="confirmed" date="1997-03-12"/>
  </code>
  <code code="GCAT">
    <editdetail attribution="Reuters BIP Coding Group" action="confirmed" date="1997-03-12"/>
  </code>
  <code code="GJOB">
    <editdetail attribution="Reuters BIP Coding Group" action="confirmed" date="1997-03-12"/>
  </code>
</codes>
<dc element="dc.date.created" value="1997-03-12"/>
<dc element="dc.publisher" value="Reuters Holdings Plc"/>
<dc element="dc.date.published" value="1997-03-12"/>
<dc element="dc.source" value="Reuters"/>
<dc element="dc.creator.location" value="LOS ANGELES"/>
<dc element="dc.creator.location.country.name" value="USA"/>
<dc element="dc.source" value="Reuters"/>
</metadata>
</newsitem>
