<?xml version="1.0" encoding="iso-8859-1" ?>
<newsitem itemid="435199" id="root" date="1997-03-12" xml:lang="en">
<title>USA: CSCE cocoa ends sharply lower in a correction.</title>
<headline>CSCE cocoa ends sharply lower in a correction.</headline>
<dateline>NEW YORK 1997-03-12</dateline>
<text>
<p>CSCE cocoa futures staged a sharp correction on Wednesday as the commercial sector sold heavy after the market's recent surge to seven-month highs.</p>
<p>After cocoa's dizzying two-day rally, which saw prices spike up some 10 percent, traders said the market appeared overdue for a retracement.</p>
<p>&quot;The market went up about 120 points in two days,&quot; said Refco Inc analyst Ann Prendergast. &quot;And cocoa does not go straight up.&quot;</p>
<p>Most-active May futures slumped $37 a tonne on the day, to close at $1,414, having traded from $1,438 to $1,410. July finished $33 lower, at $1,439, while the rest sagged $33 to $37.</p>
<p>Technically, dealers said a chart gap formed Tuesday between $1,408 and $1,395 basis May would provide good support, while resistance was toward today's high of $1,438, followed by $1,450.</p>
<p>Fundamentally, the latest Ivorian arrival figures which were in line with last year's levels may have weighed on sentiment. Ivorian arrivals were reported to be in a range between 920,000 and 960,000 tonnes by March 7, compared with 940,000 tonnes in the bumper 1995/96 season.</p>
<p>Ivory Coast has forecast a total crop of 950,000 tonnes for 1996/97 but commodities minister Guy-Alain Gauze said this week that it had now sold 800,000 tonnes of cocoa and had no more to sell.</p>
<p>In other news, the Brazilian Trade Commission Comcauba said Bahia 1996/97 cocoa arrivals totalled 2,793,242 million 60-kg bags by the week ending March 9 compared with 2,568,268 bags by March 10 last year.</p>
<p>While most traders and analysts said the market sentiment has turned toward the bullish side in recent days, many participants remained cautious.</p>
<p>&quot;The specs who expect a bull market may be disappointed in a slow bull,&quot; said Prendergast. &quot;Pull backs should be expected unless the trade and manufacturers join in on the buying.&quot;</p>
<p>An estimated 11,231 lots changed hands on the day, less than half Tuesday's official total of 26,737 lots. ((--Patricia Avidan, New York Commodity Desk +1 212 859 1640))</p>
</text>
<copyright>(c) Reuters Limited 1997</copyright>
<metadata>
<codes class="bip:countries:1.0">
  <code code="USA">
    <editdetail attribution="Reuters BIP Coding Group" action="confirmed" date="1997-03-12"/>
  </code>
</codes>
<codes class="bip:topics:1.0">
  <code code="M14">
    <editdetail attribution="Reuters BIP Coding Group" action="confirmed" date="1997-03-12"/>
  </code>
  <code code="M141">
    <editdetail attribution="Reuters BIP Coding Group" action="confirmed" date="1997-03-12"/>
  </code>
  <code code="MCAT">
    <editdetail attribution="Reuters BIP Coding Group" action="confirmed" date="1997-03-12"/>
  </code>
</codes>
<dc element="dc.date.created" value="1997-03-12"/>
<dc element="dc.publisher" value="Reuters Holdings Plc"/>
<dc element="dc.date.published" value="1997-03-12"/>
<dc element="dc.source" value="Reuters"/>
<dc element="dc.creator.location" value="NEW YORK"/>
<dc element="dc.creator.location.country.name" value="USA"/>
<dc element="dc.source" value="Reuters"/>
</metadata>
</newsitem>
