<?xml version="1.0" encoding="iso-8859-1" ?>
<newsitem itemid="435174" id="root" date="1997-03-12" xml:lang="en">
<title>USA: Dow adds Hewlett, Travelers, Wal-Mart to DJIA.</title>
<headline>Dow adds Hewlett, Travelers, Wal-Mart to DJIA.</headline>
<dateline>NEW YORK 1997-03-12</dateline>
<text>
<p>Dow Jones &amp; Co Inc's Wall Street Journal said on Wednesday it would add Travelers Group Inc, Johnson &amp; Johnson, Wal-Mart Stores Inc and Hewlett-Packard Co to the Dow Jones Industrial Average, effective March 17.</p>
<p>Travelers would replace Westinghouse Electric Corp, Hewlett would replace Texaco Inc, Johnson &amp; Johnson would replace Bethlehem Steel Corp, and Wal-Mart would replace Woolworth Corp, Dow Jones said.  </p>
<p>Changes in the components of the 30-stock average were decided by the editors of the Wall Street Journal, which is published by Dow Jones, the company said.</p>
<p>&quot;We've always thought of 'industrials' as meaning more than manufacturing,&quot; said Paul Steiger, managing editor of The Wall Street Journal. &quot;Nowadays, technological innovation and services of all types are major propellants of the U.S. economy.&quot;  </p>
<p>Dow Jones said it decided to replace Westinghouse in the stock average after the company announced plans to spin off its industrial operations later. This would make Westinghouse, which owns the CBS television network, primarily a broadcasting company, Dow Jones noted.</p>
<p>Broadcasting was already well represented in the industrial average by General Electric Co, which owns NBC and Walt Disney Co, which owns American Broadcasting Co ABC, Dow Jones said.  </p>
<p>Dow Jones said the addition of Travelers Group will expand the representation of financial services in the industrial average, Johnson &amp; Johnson, a major pharmaceuticals company, added health-care representation, and Hewlett-Packard expanded technology representation.</p>
<p>The changes would cause the divisor used to calculate the average to rise slightly and the new level would be determined after the close of trading on the New York Stock Exchange on March 14, Dow Jones said.  </p>
<p>The average was originally computed by adding the prices of the stocks and dividing by the number of stocks.</p>
<p>But to avoid the average being distorted by stock splits or substitutions, the divisor is now changed with each alteration to preserve historical continuity, it said.</p>
<p>The most recent changes in the industrial average were made in May 1991, when Caterpillar Inc, Walt Disney Co and J.P. Morgan &amp; Co Inc were substituted for Navistar International Corp, USX-US Steel Group and Primerica Corp, the company said.  </p>
<p>Primerica subsequently bought insurance company Travelers and changed its name to Travelers Group, the company said.</p>
<p>&quot;It's intentional that we don't change the stocks often,&quot; said John Prestbo, markets editor of the Journal. &quot;The Dow Jones Industrial Average isn't a 'hot stock' index, after all, and we believe that stability of composition enhances the trust that many people have in the industrial average.&quot;</p>
<p>The change in components of the industrial average would also require a change in the divisor used to calculate the related composite index of 65 stocks, which also included the 20-stock transportation and the 15-stock utilities averages.</p>
<p>The Dow Jones Industrial Average marked its hundredth anniversary in 1996, but its roots trace to July 3, 1884, when Charles Dow, a co-founder of Dow Jones, produced a stock market average of 11 stocks, nine of which were railroad issues. On May 26, 1896, the Dow Jones Industrial Average, comprised of 12 stocks, made its debut.</p>
<p>Later other stocks were added, and the first publication of an average comparable to today's 30 industrial stocks was October 1, 1928, the company said.</p>
<p>((New York newsdesk 212-859-1610))</p>
</text>
<copyright>(c) Reuters Limited 1997</copyright>
<metadata>
<codes class="bip:countries:1.0">
  <code code="USA">
    <editdetail attribution="Reuters BIP Coding Group" action="confirmed" date="1997-03-12"/>
  </code>
</codes>
<codes class="bip:industries:1.0">
  <code code="I13000">
    <editdetail attribution="Reuters BIP Coding Group" action="confirmed" date="1997-03-12"/>
  </code>
  <code code="I1300003">
    <editdetail attribution="Reuters BIP Coding Group" action="confirmed" date="1997-03-12"/>
  </code>
  <code code="I22100">
    <editdetail attribution="Reuters BIP Coding Group" action="confirmed" date="1997-03-12"/>
  </code>
  <code code="I25000">
    <editdetail attribution="Reuters BIP Coding Group" action="confirmed" date="1997-03-12"/>
  </code>
  <code code="I32540">
    <editdetail attribution="Reuters BIP Coding Group" action="confirmed" date="1997-03-12"/>
  </code>
  <code code="I33020">
    <editdetail attribution="Reuters BIP Coding Group" action="confirmed" date="1997-03-12"/>
  </code>
  <code code="I3302003">
    <editdetail attribution="Reuters BIP Coding Group" action="confirmed" date="1997-03-12"/>
  </code>
  <code code="I34000">
    <editdetail attribution="Reuters BIP Coding Group" action="confirmed" date="1997-03-12"/>
  </code>
  <code code="I35102">
    <editdetail attribution="Reuters BIP Coding Group" action="confirmed" date="1997-03-12"/>
  </code>
  <code code="I65600">
    <editdetail attribution="Reuters BIP Coding Group" action="confirmed" date="1997-03-12"/>
  </code>
  <code code="I83100">
    <editdetail attribution="Reuters BIP Coding Group" action="confirmed" date="1997-03-12"/>
  </code>
  <code code="I97100">
    <editdetail attribution="Reuters BIP Coding Group" action="confirmed" date="1997-03-12"/>
  </code>
</codes>
<codes class="bip:topics:1.0">
  <code code="C15">
    <editdetail attribution="Reuters BIP Coding Group" action="confirmed" date="1997-03-12"/>
  </code>
  <code code="C152">
    <editdetail attribution="Reuters BIP Coding Group" action="confirmed" date="1997-03-12"/>
  </code>
  <code code="CCAT">
    <editdetail attribution="Reuters BIP Coding Group" action="confirmed" date="1997-03-12"/>
  </code>
  <code code="M11">
    <editdetail attribution="Reuters BIP Coding Group" action="confirmed" date="1997-03-12"/>
  </code>
  <code code="MCAT">
    <editdetail attribution="Reuters BIP Coding Group" action="confirmed" date="1997-03-12"/>
  </code>
</codes>
<dc element="dc.date.created" value="1997-03-12"/>
<dc element="dc.publisher" value="Reuters Holdings Plc"/>
<dc element="dc.date.published" value="1997-03-12"/>
<dc element="dc.source" value="Reuters"/>
<dc element="dc.creator.location" value="NEW YORK"/>
<dc element="dc.creator.location.country.name" value="USA"/>
<dc element="dc.source" value="Reuters"/>
</metadata>
</newsitem>
