<?xml version="1.0" encoding="iso-8859-1" ?>
<newsitem itemid="435196" id="root" date="1997-03-12" xml:lang="en">
<title>USA: Woolworth sees higher 1997 cash cap spending.</title>
<headline>Woolworth sees higher 1997 cash cap spending.</headline>
<dateline>NEW YORK 1997-03-12</dateline>
<text>
<p>Retail giant Woolworth Corp said Wednesday it foresaw its cash capital spending reaching $285 million in 1997, more than double the $134 million spent the previous year.  </p>
<p>Woolworth said it would be spending more money to finance a plan to open new stores and remodel old ones.</p>
<p>It also planned to invest money in infrastructure and &quot;strategic&quot; acquisitions.</p>
<p>&quot;The company expects the primary impact of the new store growth to take place during the second half of 1997,&quot; it said.</p>
<p>Woolworth said it expected to open 400 new stores, 250 of which will be in the Athletic Group formats. It said it planned to remodel or relocate about 500 stores, about 300 of them in the Athletic format.  </p>
<p>&quot;Substantial new store openings and remodelings are also planned for the various formats in the Northern Group of apparel stores in the United States and Canada,&quot; it said.</p>
<p>Some Woolworth general merchandise stores, Kinney shoe chain stores and After Thoughts jewelry chain stores will also undergo remodeling.</p>
<p>Woolworth said it planned to seek strategic acquisitions, &quot;like the recent purchase of the Eastbay catalog operation, a combination that provides real benefits for both businesses.&quot;  </p>
<p>It bought the operation for $140 million plus $6 million that become payable if certain post-closing performance targets are achieved.</p>
<p>Woolworth said it would improve its infrastructure by installing new systems and equipment at four service centers, reorganizing its accounting centers and strengthening its real estate organizations and merchandise planning and analysis functions.</p>
<p>The retail giant reported a fourth-quarter profit of $0.74 against a loss of $0.80 for the same period last year. The fourth quarter and full fiscal year ended January 25, 1997.</p>
</text>
<copyright>(c) Reuters Limited 1997</copyright>
<metadata>
<codes class="bip:countries:1.0">
  <code code="USA">
    <editdetail attribution="Reuters BIP Coding Group" action="confirmed" date="1997-03-12"/>
  </code>
</codes>
<codes class="bip:industries:1.0">
  <code code="I65600">
    <editdetail attribution="Reuters BIP Coding Group" action="confirmed" date="1997-03-12"/>
  </code>
</codes>
<codes class="bip:topics:1.0">
  <code code="C11">
    <editdetail attribution="Reuters BIP Coding Group" action="confirmed" date="1997-03-12"/>
  </code>
  <code code="C15">
    <editdetail attribution="Reuters BIP Coding Group" action="confirmed" date="1997-03-12"/>
  </code>
  <code code="C152">
    <editdetail attribution="Reuters BIP Coding Group" action="confirmed" date="1997-03-12"/>
  </code>
  <code code="CCAT">
    <editdetail attribution="Reuters BIP Coding Group" action="confirmed" date="1997-03-12"/>
  </code>
</codes>
<dc element="dc.date.created" value="1997-03-12"/>
<dc element="dc.publisher" value="Reuters Holdings Plc"/>
<dc element="dc.date.published" value="1997-03-12"/>
<dc element="dc.source" value="Reuters"/>
<dc element="dc.creator.location" value="NEW YORK"/>
<dc element="dc.creator.location.country.name" value="USA"/>
<dc element="dc.source" value="Reuters"/>
</metadata>
</newsitem>
