<?xml version="1.0" encoding="iso-8859-1" ?>
<newsitem itemid="435186" id="root" date="1997-03-12" xml:lang="en">
<title>USA: Bridgford Foods Corp Q1 net rises.</title>
<headline>Bridgford Foods Corp Q1 net rises.</headline>
<dateline>ANAHEIM, Calif. 1997-03-12</dateline>
<text>
<p>13 Weeks Ended</p>
<p>					 Jan. 31, 1997     Feb. 2, 1996</p>
<p> Sales				  $ 31,669,311     $ 29,873,247</p>
<p> Income Before Taxes		   1,740,118	  1,514,869</p>
<p> Provision For Taxes		     661,000	    576,000</p>
<p> Net Income				1,079,118	    938,869</p>
<p> Net Income Per Share			 0.11		 0.10</p>
<p> Avg Shares Outstanding		9,396,933	  9,396,933</p>
</text>
<copyright>(c) Reuters Limited 1997</copyright>
<metadata>
<codes class="bip:countries:1.0">
  <code code="USA">
    <editdetail attribution="Reuters BIP Coding Group" action="confirmed" date="1997-03-12"/>
  </code>
</codes>
<codes class="bip:industries:1.0">
  <code code="I41000">
    <editdetail attribution="Reuters BIP Coding Group" action="confirmed" date="1997-03-12"/>
  </code>
</codes>
<codes class="bip:topics:1.0">
  <code code="C15">
    <editdetail attribution="Reuters BIP Coding Group" action="confirmed" date="1997-03-12"/>
  </code>
  <code code="C151">
    <editdetail attribution="Reuters BIP Coding Group" action="confirmed" date="1997-03-12"/>
  </code>
  <code code="CCAT">
    <editdetail attribution="Reuters BIP Coding Group" action="confirmed" date="1997-03-12"/>
  </code>
</codes>
<dc element="dc.date.created" value="1997-03-12"/>
<dc element="dc.publisher" value="Reuters Holdings Plc"/>
<dc element="dc.date.published" value="1997-03-12"/>
<dc element="dc.source" value="Reuters"/>
<dc element="dc.creator.location" value="ANAHEIM, Calif."/>
<dc element="dc.creator.location.country.name" value="USA"/>
<dc element="dc.source" value="Reuters"/>
</metadata>
</newsitem>
