<?xml version="1.0" encoding="iso-8859-1" ?>
<newsitem itemid="435164" id="root" date="1997-03-12" xml:lang="en">
<title>USA: Telmex board to recommend cash dividend.</title>
<headline>Telmex board to recommend cash dividend.</headline>
<dateline>NEW YORK 1997-03-12</dateline>
<text>
<p>Telefonos de Mexico SA de CV said on Wednesday its board decided to recommend to the upcoming meeting of shareholders that Telmex declare a cash dividend of $0.525 pesos per share of out 1996 earnings to holders of AA shares, A shares and L shares.</p>
<p>The dividend was expected to be made in three equal payments of $0.175 pesos per share starting since June 19, September 18 and December 18, 1997, the company said.</p>
<p>In 1996, Telmex paid a cash dividend totalling $0.35 pesos per share, the company said.</p>
<p>The annual meeting would be held on April 29 and the record date for the meeting would be March 21, the company said.</p>
<p>((New York newsdesk 212-859-1610))</p>
</text>
<copyright>(c) Reuters Limited 1997</copyright>
<metadata>
<codes class="bip:countries:1.0">
  <code code="MEX">
    <editdetail attribution="Reuters BIP Coding Group" action="confirmed" date="1997-03-12"/>
  </code>
  <code code="USA">
    <editdetail attribution="Reuters BIP Coding Group" action="confirmed" date="1997-03-12"/>
  </code>
</codes>
<codes class="bip:industries:1.0">
  <code code="I79020">
    <editdetail attribution="Reuters BIP Coding Group" action="confirmed" date="1997-03-12"/>
  </code>
</codes>
<codes class="bip:topics:1.0">
  <code code="C15">
    <editdetail attribution="Reuters BIP Coding Group" action="confirmed" date="1997-03-12"/>
  </code>
  <code code="C151">
    <editdetail attribution="Reuters BIP Coding Group" action="confirmed" date="1997-03-12"/>
  </code>
  <code code="CCAT">
    <editdetail attribution="Reuters BIP Coding Group" action="confirmed" date="1997-03-12"/>
  </code>
</codes>
<dc element="dc.date.created" value="1997-03-12"/>
<dc element="dc.publisher" value="Reuters Holdings Plc"/>
<dc element="dc.date.published" value="1997-03-12"/>
<dc element="dc.source" value="Reuters"/>
<dc element="dc.creator.location" value="NEW YORK"/>
<dc element="dc.creator.location.country.name" value="USA"/>
<dc element="dc.source" value="Reuters"/>
</metadata>
</newsitem>
