<?xml version="1.0" encoding="iso-8859-1" ?>
<newsitem itemid="435181" id="root" date="1997-03-12" xml:lang="en">
<title>USA: Hampton Industries Q3 shr profit vs loss.</title>
<headline>Hampton Industries Q3 shr profit vs loss.</headline>
<dateline>KINSTON, N.C. 1996-03-13</dateline>
<text>
<p>Hampton Industries, Inc.</p>
<p>					 Thirteen Weeks Ended</p>
<p>				    Dec 28, 1996	   Dec 30, 1995</p>
<p> Net sales			 $45,227,000	    $55,361,000</p>
<p> Net income (loss)		 1,439,000		(264,000)</p>
<p> Net income (loss) per share	   .31		    (.05)</p>
<p> Average shares outstanding    4,585,629		4,585,629</p>
<p>					 Thirty-nine Weeks Ended</p>
<p>				    Dec 28, 1996	   Dec 30, 1995</p>
<p> Net sales			 160,684,000	    184,593,000</p>
<p> Net income (loss)		 2,709,000	    (2,164,000)</p>
<p> Net income (loss) per share	   .59		    (.47)</p>
<p> Average shares outstanding    4,585,629		4,585,629</p>
</text>
<copyright>(c) Reuters Limited 1997</copyright>
<metadata>
<codes class="bip:countries:1.0">
  <code code="USA">
    <editdetail attribution="Reuters BIP Coding Group" action="confirmed" date="1997-03-12"/>
  </code>
</codes>
<codes class="bip:industries:1.0">
  <code code="I45300">
    <editdetail attribution="Reuters BIP Coding Group" action="confirmed" date="1997-03-12"/>
  </code>
</codes>
<codes class="bip:topics:1.0">
  <code code="C15">
    <editdetail attribution="Reuters BIP Coding Group" action="confirmed" date="1997-03-12"/>
  </code>
  <code code="C151">
    <editdetail attribution="Reuters BIP Coding Group" action="confirmed" date="1997-03-12"/>
  </code>
  <code code="CCAT">
    <editdetail attribution="Reuters BIP Coding Group" action="confirmed" date="1997-03-12"/>
  </code>
</codes>
<dc element="dc.date.created" value="1996-03-13"/>
<dc element="dc.publisher" value="Reuters Holdings Plc"/>
<dc element="dc.date.published" value="1997-03-12"/>
<dc element="dc.source" value="Reuters"/>
<dc element="dc.creator.location" value="KINSTON, N.C."/>
<dc element="dc.creator.location.country.name" value="USA"/>
<dc element="dc.source" value="Reuters"/>
</metadata>
</newsitem>
