<?xml version="1.0" encoding="iso-8859-1" ?>
<newsitem itemid="435150" id="root" date="1997-03-12" xml:lang="en">
<title>USA: RESEARCH ALERT-AMD price target lifted.</title>
<headline>RESEARCH ALERT-AMD price target lifted.</headline>
<text>
<p>-- Prudential Securites analyst Mark Edelstone confirmed that he reiterated the brokerage's buy rating on Advanced Micro Devices Inc and raised its 12 month price target to $90 a share from $40 a share.</p>
<p>-- Edelstone said he raised the price target based on his 1998 EPS estimate of $5.25.</p>
</text>
<copyright>(c) Reuters Limited 1997</copyright>
<metadata>
<codes class="bip:countries:1.0">
  <code code="USA">
    <editdetail attribution="Reuters BIP Coding Group" action="confirmed" date="1997-03-12"/>
  </code>
</codes>
<codes class="bip:industries:1.0">
  <code code="I34531">
    <editdetail attribution="Reuters BIP Coding Group" action="confirmed" date="1997-03-12"/>
  </code>
</codes>
<codes class="bip:topics:1.0">
  <code code="C15">
    <editdetail attribution="Reuters BIP Coding Group" action="confirmed" date="1997-03-12"/>
  </code>
  <code code="C152">
    <editdetail attribution="Reuters BIP Coding Group" action="confirmed" date="1997-03-12"/>
  </code>
  <code code="CCAT">
    <editdetail attribution="Reuters BIP Coding Group" action="confirmed" date="1997-03-12"/>
  </code>
</codes>
<dc element="dc.publisher" value="Reuters Holdings Plc"/>
<dc element="dc.date.published" value="1997-03-12"/>
<dc element="dc.source" value="Reuters"/>
<dc element="dc.creator.location.country.name" value="USA"/>
<dc element="dc.source" value="Reuters"/>
</metadata>
</newsitem>
