<?xml version="1.0" encoding="iso-8859-1" ?>
<newsitem itemid="435136" id="root" date="1997-03-12" xml:lang="en">
<title>USA: RESEARCH ALERT - Jameson Inns rated buy.</title>
<headline>RESEARCH ALERT - Jameson Inns rated buy.</headline>
<text>
<p>-- Morgan Keegan said it initiated coverage of Jameson Inns with a buy rating.</p>
<p>-- estimated earnings of $1.20 per share for 1997, and $1.38 for 1998 versus $1.08 for 1996.</p>
<p>-- set 12-month price target of $15. Shares opened up 1/8 to 12-1/8.</p>
</text>
<copyright>(c) Reuters Limited 1997</copyright>
<metadata>
<codes class="bip:countries:1.0">
  <code code="USA">
    <editdetail attribution="Reuters BIP Coding Group" action="confirmed" date="1997-03-12"/>
  </code>
</codes>
<codes class="bip:industries:1.0">
  <code code="I66500">
    <editdetail attribution="Reuters BIP Coding Group" action="confirmed" date="1997-03-12"/>
  </code>
</codes>
<codes class="bip:topics:1.0">
  <code code="C15">
    <editdetail attribution="Reuters BIP Coding Group" action="confirmed" date="1997-03-12"/>
  </code>
  <code code="C152">
    <editdetail attribution="Reuters BIP Coding Group" action="confirmed" date="1997-03-12"/>
  </code>
  <code code="CCAT">
    <editdetail attribution="Reuters BIP Coding Group" action="confirmed" date="1997-03-12"/>
  </code>
</codes>
<dc element="dc.publisher" value="Reuters Holdings Plc"/>
<dc element="dc.date.published" value="1997-03-12"/>
<dc element="dc.source" value="Reuters"/>
<dc element="dc.creator.location.country.name" value="USA"/>
<dc element="dc.source" value="Reuters"/>
</metadata>
</newsitem>
