<?xml version="1.0" encoding="iso-8859-1" ?>
<newsitem itemid="435170" id="root" date="1997-03-12" xml:lang="en">
<title>USA: Harrah's opens two casinos in Missouri.</title>
<headline>Harrah's opens two casinos in Missouri.</headline>
<dateline>MEMPHIS, Tenn. 1997-03-12</dateline>
<text>
<p>Harrah's Entertainment Inc said on Tuesday it opened two floating casinos and a hotel in the St. Louis, Mo., suburb of Maryland Heights, Mo.</p>
<p>Harrah's Easy Street and Harrah's Mardi Gras casinos, located on adjoining barges, and a hotel are part of Riverport Casino Center, a 470,000 square-foot resort developed as a joint venture between subsidiaries of Harrah's and Players International Inc.</p>
<p>There are also two Players casinos in the Riverport Casino Center, the company said.</p>
<p>((New York newsdesk 212-859-1610))</p>
</text>
<copyright>(c) Reuters Limited 1997</copyright>
<metadata>
<codes class="bip:countries:1.0">
  <code code="USA">
    <editdetail attribution="Reuters BIP Coding Group" action="confirmed" date="1997-03-12"/>
  </code>
</codes>
<codes class="bip:industries:1.0">
  <code code="I66500">
    <editdetail attribution="Reuters BIP Coding Group" action="confirmed" date="1997-03-12"/>
  </code>
  <code code="I97912">
    <editdetail attribution="Reuters BIP Coding Group" action="confirmed" date="1997-03-12"/>
  </code>
</codes>
<codes class="bip:topics:1.0">
  <code code="C24">
    <editdetail attribution="Reuters BIP Coding Group" action="confirmed" date="1997-03-12"/>
  </code>
  <code code="CCAT">
    <editdetail attribution="Reuters BIP Coding Group" action="confirmed" date="1997-03-12"/>
  </code>
</codes>
<dc element="dc.date.created" value="1997-03-12"/>
<dc element="dc.publisher" value="Reuters Holdings Plc"/>
<dc element="dc.date.published" value="1997-03-12"/>
<dc element="dc.source" value="Reuters"/>
<dc element="dc.creator.location" value="MEMPHIS, Tenn."/>
<dc element="dc.creator.location.country.name" value="USA"/>
<dc element="dc.source" value="Reuters"/>
</metadata>
</newsitem>
