<?xml version="1.0" encoding="iso-8859-1" ?>
<newsitem itemid="435109" id="root" date="1997-03-12" xml:lang="en">
<title>USA: RESEARCH ALERT - NatWest starts coverage on gaming.</title>
<headline>RESEARCH ALERT - NatWest starts coverage on gaming.</headline>
<text>
<p>-- NatWest Securities Ltd analyst Damon Brundage has started coverage on Circus Circus Enterprises Inc, MGM Grand Inc, ITT Corp, Harrah's Entertainment Inc, Primadonna Resorts Inc, Rio Hotel &amp; Casino Inc with hold ratings.</p>
<p>-- He rates Mirage Resorts Inc at accumulate.</p>
<p>-- Brundage told Reuters he based the ratings, in general, on his belief room occupancy levels in Las Vegas are at or near their peak and increases in room rates will start to flatten or decline. Also, he does not think Atlantic City will become a destination and entertainment resort like Las Vegas.</p>
</text>
<copyright>(c) Reuters Limited 1997</copyright>
<metadata>
<codes class="bip:countries:1.0">
  <code code="USA">
    <editdetail attribution="Reuters BIP Coding Group" action="confirmed" date="1997-03-12"/>
  </code>
</codes>
<codes class="bip:industries:1.0">
  <code code="I66500">
    <editdetail attribution="Reuters BIP Coding Group" action="confirmed" date="1997-03-12"/>
  </code>
  <code code="I85000">
    <editdetail attribution="Reuters BIP Coding Group" action="confirmed" date="1997-03-12"/>
  </code>
  <code code="I97912">
    <editdetail attribution="Reuters BIP Coding Group" action="confirmed" date="1997-03-12"/>
  </code>
</codes>
<codes class="bip:topics:1.0">
  <code code="C15">
    <editdetail attribution="Reuters BIP Coding Group" action="confirmed" date="1997-03-12"/>
  </code>
  <code code="C152">
    <editdetail attribution="Reuters BIP Coding Group" action="confirmed" date="1997-03-12"/>
  </code>
  <code code="CCAT">
    <editdetail attribution="Reuters BIP Coding Group" action="confirmed" date="1997-03-12"/>
  </code>
</codes>
<dc element="dc.publisher" value="Reuters Holdings Plc"/>
<dc element="dc.date.published" value="1997-03-12"/>
<dc element="dc.source" value="Reuters"/>
<dc element="dc.creator.location.country.name" value="USA"/>
<dc element="dc.source" value="Reuters"/>
</metadata>
</newsitem>
