<?xml version="1.0" encoding="iso-8859-1" ?>
<newsitem itemid="435197" id="root" date="1997-03-12" xml:lang="en">
<title>USA: MotorVac restates qtly results.</title>
<headline>MotorVac restates qtly results.</headline>
<dateline>SANTA ANA, Calif. 1997-03-12</dateline>
<text>
<p>MotorVac Technologies Inc Wednesday restated financial results for the first three months of 1996 to reflect an adjustment in the company's cost of sales.</p>
<p>In a statement, the maker of engine cleaning machines said it had losses of $491,997 in the first quarter of 1996, $317,407 in the second quarter and $126,902 in the third quarter. That compared with previously reported losses of $297,443 in the first quarter, $254,643 in the second quarter and $65,784 in the third quarter.  </p>
<p>The company said the adjustment reflects a shifting of the cost of sales between the fourth quarter and the first three quarters of 1996.</p>
<p>For the year ended December 31, MotorVac said it lost $1.28 million compared with a loss of $3.1 million in 1995. Sales rose 64 percent to $8.2 million from $5.0 million.</p>
<p>The company said it is on track with its business plan objectives for the first quarter of 1997.</p>
</text>
<copyright>(c) Reuters Limited 1997</copyright>
<metadata>
<codes class="bip:countries:1.0">
  <code code="USA">
    <editdetail attribution="Reuters BIP Coding Group" action="confirmed" date="1997-03-12"/>
  </code>
</codes>
<codes class="bip:industries:1.0">
  <code code="I35300">
    <editdetail attribution="Reuters BIP Coding Group" action="confirmed" date="1997-03-12"/>
  </code>
</codes>
<codes class="bip:topics:1.0">
  <code code="C15">
    <editdetail attribution="Reuters BIP Coding Group" action="confirmed" date="1997-03-12"/>
  </code>
  <code code="C151">
    <editdetail attribution="Reuters BIP Coding Group" action="confirmed" date="1997-03-12"/>
  </code>
  <code code="CCAT">
    <editdetail attribution="Reuters BIP Coding Group" action="confirmed" date="1997-03-12"/>
  </code>
</codes>
<dc element="dc.date.created" value="1997-03-12"/>
<dc element="dc.publisher" value="Reuters Holdings Plc"/>
<dc element="dc.date.published" value="1997-03-12"/>
<dc element="dc.source" value="Reuters"/>
<dc element="dc.creator.location" value="SANTA ANA, Calif."/>
<dc element="dc.creator.location.country.name" value="USA"/>
<dc element="dc.source" value="Reuters"/>
</metadata>
</newsitem>
