<?xml version="1.0" encoding="iso-8859-1" ?>
<newsitem itemid="435104" id="root" date="1997-03-12" xml:lang="en">
<title>USA: RESEARCH ALERT - General Mills EPS cut.</title>
<headline>RESEARCH ALERT - General Mills EPS cut.</headline>
<text>
<p>-- BT Securities analyst John O'Neil said Wednesday he cut his fiscal 1997 earnings estimate for General Mills Inc to $3.07 a share from $3.10 a share.</p>
<p>-- He also cut his fiscal 1998 estimate to $3.35 a share from $3.45.</p>
<p>-- On a conference call today, O'Neil said that General Mills indicated the current consensus of $3.10 a share for fiscal 1997, ending in May, was at the &quot;high end of the range.&quot;  </p>
<p>-- General Mills shares in the early afternoon were off 1-3/4 at 63.</p>
<p>-- &quot;The broader issue is the cereal category continues to be stagnant and declining,&quot; O'Neil said.</p>
<p>-- He added he looks for the U.S. ready-to-eat cereal category to be flat to done one percent going foward.</p>
<p>((Reuters Chicago Newsdesk (312) 408-8787))</p>
</text>
<copyright>(c) Reuters Limited 1997</copyright>
<metadata>
<codes class="bip:countries:1.0">
  <code code="USA">
    <editdetail attribution="Reuters BIP Coding Group" action="confirmed" date="1997-03-12"/>
  </code>
</codes>
<codes class="bip:industries:1.0">
  <code code="I41000">
    <editdetail attribution="Reuters BIP Coding Group" action="confirmed" date="1997-03-12"/>
  </code>
</codes>
<codes class="bip:topics:1.0">
  <code code="C15">
    <editdetail attribution="Reuters BIP Coding Group" action="confirmed" date="1997-03-12"/>
  </code>
  <code code="C152">
    <editdetail attribution="Reuters BIP Coding Group" action="confirmed" date="1997-03-12"/>
  </code>
  <code code="CCAT">
    <editdetail attribution="Reuters BIP Coding Group" action="confirmed" date="1997-03-12"/>
  </code>
</codes>
<dc element="dc.publisher" value="Reuters Holdings Plc"/>
<dc element="dc.date.published" value="1997-03-12"/>
<dc element="dc.source" value="Reuters"/>
<dc element="dc.creator.location.country.name" value="USA"/>
<dc element="dc.source" value="Reuters"/>
</metadata>
</newsitem>
