<?xml version="1.0" encoding="iso-8859-1" ?>
<newsitem itemid="435101" id="root" date="1997-03-12" xml:lang="en">
<title>USA: RESEARCH ALERT - Sullivan Dental rating cut.</title>
<headline>RESEARCH ALERT - Sullivan Dental rating cut.</headline>
<text>
<p>-- Mesirow Financial Inc said Wednesday it cut its rating on Sullivan Dental Products Inc to buy from focus list buy because of the substantial appreciation in the shares since its initial recommendation in October.</p>
<p>-- Mesirow said its intermediate price objective of $15-$16 a share has been reached. Its 12-month target remains $18.</p>
<p>-- Sales and earnings momentum remain strong in the first two months of the first quarter, Mesirow said.</p>
<p>-- Mesirow said acquisition activity in the distribution industry may have contributed to the increase in trading activity for Sullivan shares.</p>
<p>-- Sullivan markets dental supplies and equipment.</p>
<p>-- Its shares were trading off 3/8 Wednesday at 15-1/4.</p>
<p>((Chicago newsdesk (312) 408-8787))</p>
</text>
<copyright>(c) Reuters Limited 1997</copyright>
<metadata>
<codes class="bip:countries:1.0">
  <code code="USA">
    <editdetail attribution="Reuters BIP Coding Group" action="confirmed" date="1997-03-12"/>
  </code>
</codes>
<codes class="bip:industries:1.0">
  <code code="I37200">
    <editdetail attribution="Reuters BIP Coding Group" action="confirmed" date="1997-03-12"/>
  </code>
</codes>
<codes class="bip:topics:1.0">
  <code code="C15">
    <editdetail attribution="Reuters BIP Coding Group" action="confirmed" date="1997-03-12"/>
  </code>
  <code code="C152">
    <editdetail attribution="Reuters BIP Coding Group" action="confirmed" date="1997-03-12"/>
  </code>
  <code code="CCAT">
    <editdetail attribution="Reuters BIP Coding Group" action="confirmed" date="1997-03-12"/>
  </code>
</codes>
<dc element="dc.publisher" value="Reuters Holdings Plc"/>
<dc element="dc.date.published" value="1997-03-12"/>
<dc element="dc.source" value="Reuters"/>
<dc element="dc.creator.location.country.name" value="USA"/>
<dc element="dc.source" value="Reuters"/>
</metadata>
</newsitem>
