<?xml version="1.0" encoding="iso-8859-1" ?>
<newsitem itemid="435130" id="root" date="1997-03-12" xml:lang="en">
<title>USA: RESEARCH ALERT - Monsanto upped on price.</title>
<headline>RESEARCH ALERT - Monsanto upped on price.</headline>
<text>
<p>-- CS First Boston analyst Jay Hickman said he raised his rating on Monsanto Co to buy from hold due to the stock's &quot;relative underperformance.&quot;</p>
<p>-- also cited &quot;continued strength&quot; of the company's strategy, &quot;the promise of upside in the wake of the chemical business spinoff, and confidence in (chairman) Robert Shapiro's ability to renew shareholder confidence when he speaks in New York and Boston next week.&quot;</p>
<p>-- shares rose 1/2 to 40-1/4.</p>
</text>
<copyright>(c) Reuters Limited 1997</copyright>
<metadata>
<codes class="bip:countries:1.0">
  <code code="USA">
    <editdetail attribution="Reuters BIP Coding Group" action="confirmed" date="1997-03-12"/>
  </code>
</codes>
<codes class="bip:industries:1.0">
  <code code="I25000">
    <editdetail attribution="Reuters BIP Coding Group" action="confirmed" date="1997-03-12"/>
  </code>
</codes>
<codes class="bip:topics:1.0">
  <code code="C15">
    <editdetail attribution="Reuters BIP Coding Group" action="confirmed" date="1997-03-12"/>
  </code>
  <code code="C152">
    <editdetail attribution="Reuters BIP Coding Group" action="confirmed" date="1997-03-12"/>
  </code>
  <code code="CCAT">
    <editdetail attribution="Reuters BIP Coding Group" action="confirmed" date="1997-03-12"/>
  </code>
</codes>
<dc element="dc.publisher" value="Reuters Holdings Plc"/>
<dc element="dc.date.published" value="1997-03-12"/>
<dc element="dc.source" value="Reuters"/>
<dc element="dc.creator.location.country.name" value="USA"/>
<dc element="dc.source" value="Reuters"/>
</metadata>
</newsitem>
