<?xml version="1.0" encoding="iso-8859-1" ?>
<newsitem itemid="435110" id="root" date="1997-03-12" xml:lang="en">
<title>USA: RESEARCH ALERT- $9-11 target for Endocare.</title>
<headline>RESEARCH ALERT- $9-11 target for Endocare.</headline>
<text>
<p>-- Oppenheimer &amp; Co analyst John Calcagnini said he initiated coverage of Endocare Inc with a buy rating, and set a 6-12 month price target of $9-$11.</p>
<p>-- estimated loss of $0.17 per share for 1997, loss of $0.07 for 1998, and earnings of $0.71 for 1999.</p>
<p>-- company makes and markets urological products to treat prostate cancer and benign prostatic hyperplasia.</p>
<p>-- shares gained 1/8 to 4-5/8.</p>
</text>
<copyright>(c) Reuters Limited 1997</copyright>
<metadata>
<codes class="bip:countries:1.0">
  <code code="USA">
    <editdetail attribution="Reuters BIP Coding Group" action="confirmed" date="1997-03-12"/>
  </code>
</codes>
<codes class="bip:industries:1.0">
  <code code="I37200">
    <editdetail attribution="Reuters BIP Coding Group" action="confirmed" date="1997-03-12"/>
  </code>
</codes>
<codes class="bip:topics:1.0">
  <code code="C15">
    <editdetail attribution="Reuters BIP Coding Group" action="confirmed" date="1997-03-12"/>
  </code>
  <code code="C152">
    <editdetail attribution="Reuters BIP Coding Group" action="confirmed" date="1997-03-12"/>
  </code>
  <code code="CCAT">
    <editdetail attribution="Reuters BIP Coding Group" action="confirmed" date="1997-03-12"/>
  </code>
</codes>
<dc element="dc.publisher" value="Reuters Holdings Plc"/>
<dc element="dc.date.published" value="1997-03-12"/>
<dc element="dc.source" value="Reuters"/>
<dc element="dc.creator.location.country.name" value="USA"/>
<dc element="dc.source" value="Reuters"/>
</metadata>
</newsitem>
