<?xml version="1.0" encoding="iso-8859-1" ?>
<newsitem itemid="435172" id="root" date="1997-03-12" xml:lang="en">
<title>USA: Marvel bankers awaiting bondholder plan.</title>
<headline>Marvel bankers awaiting bondholder plan.</headline>
<dateline>NEW YORK 1997-03-12</dateline>
<text>
<p>Marvel Entertainment Group Inc's bondholders are not likely to confer with the company's bankers until the bondholders complete their due diligence of the comic book publisher in the next few weeks, people close to the bondholders said on Wednesday.</p>
<p>The bondholders, led by Carl Ichan, may need about two weeks to complete their due diligence before filing a formal plan for Marvel's reorganization to a bankruptcy court, the people added.  </p>
<p>That lack of communication, however, has reportedly so angered Marvel's bankers that they hired the entertainment investment-banking firm Allen &amp; Co to advise them about their options regarding Marvel, the Wall Street Journal said.</p>
<p>The bankers, led by Chase Manhattan Bank, could stand to lose an important source of repayment on their $630 million in Marvel bank debt if the bondholders' plan -- which may result in them keeping an equity stake in Marvel -- is approved. Among the banks' options, the paper reported, was to file their own reorganization plan.  </p>
<p>Such a plan could put financier Ronald Perelman, or his Andrews Group, back in control of Marvel, the paper said.</p>
<p>Chase Manhattan Bank had no comment on the report. Officials from Allen &amp; Co could not be immediately reached to comment.</p>
<p>Last Friday, Marvel, which filed for bankruptcy in December, agreed to consider the bondholders' plan to reorganize the company. The bondholders claimed victory at the time in their battle with Perelman, as Perelman's group withdrew its competing reorganization plan and said it supported Marvel's decision to work with the bondholders.</p>
<p>&quot;Marvel's management has been authorized by its board to work with the bondholders to come up with a definitive proposal, and is proceeding accordingly,&quot; a Marvel spokesman said on Wednesday.</p>
</text>
<copyright>(c) Reuters Limited 1997</copyright>
<metadata>
<codes class="bip:countries:1.0">
  <code code="USA">
    <editdetail attribution="Reuters BIP Coding Group" action="confirmed" date="1997-03-12"/>
  </code>
</codes>
<codes class="bip:industries:1.0">
  <code code="I47520">
    <editdetail attribution="Reuters BIP Coding Group" action="confirmed" date="1997-03-12"/>
  </code>
  <code code="I81402">
    <editdetail attribution="Reuters BIP Coding Group" action="confirmed" date="1997-03-12"/>
  </code>
</codes>
<codes class="bip:topics:1.0">
  <code code="C16">
    <editdetail attribution="Reuters BIP Coding Group" action="confirmed" date="1997-03-12"/>
  </code>
  <code code="CCAT">
    <editdetail attribution="Reuters BIP Coding Group" action="confirmed" date="1997-03-12"/>
  </code>
</codes>
<dc element="dc.date.created" value="1997-03-12"/>
<dc element="dc.publisher" value="Reuters Holdings Plc"/>
<dc element="dc.date.published" value="1997-03-12"/>
<dc element="dc.source" value="Reuters"/>
<dc element="dc.creator.location" value="NEW YORK"/>
<dc element="dc.creator.location.country.name" value="USA"/>
<dc element="dc.source" value="Reuters"/>
</metadata>
</newsitem>
