<?xml version="1.0" encoding="iso-8859-1" ?>
<newsitem itemid="435212" id="root" date="1997-03-12" xml:lang="en">
<title>USA: Garden Botanika Q4 net rises.</title>
<headline>Garden Botanika Q4 net rises.</headline>
<dateline>REDMOND, Wash. 1997-03-12</dateline>
<text>
<p>(amounts in thousands, except per share data)</p>
<p>						(Unaudited)</p>
<p>				    Quarter Ended   Fiscal Year Ended</p>
<p>				   Feb. 1, Feb. 3 ,  Feb. 1,  Feb. 3,</p>
<p>					1997    1996	1997     1996</p>
<p> Net sales		     $41,220 $24,998   $92,465  $55,339</p>
<p> Cost of sales (including</p>
<p>buying and occupancy costs)</p>
<p>				    21,778  13,573    52,551   31,448</p>
<p>   Gross margin		 19,442  11,425    39,914   23,891</p>
<p>Operating expenses:</p>
<p>   Stores and catalog	 13,507   7,440    35,544   18,746</p>
<p>General and administrative</p>
<p>				     2,511   1,743     8,871    6,041</p>
<p>Preopening and facility   relocation expenses	    282     217     1,426	797</p>
<p>Operating income (loss)</p>
<p>				     3,142   2,025   (5,927)  (1,693)</p>
<p>Interest income (expense), net</p>
<p>					 377    (40)	 994	 29</p>
<p>     Net income (loss)	 3,519   1,985   (4,933)  (1,664)</p>
<p>Net income (loss) per share,</p>
<p>giving effect to the</p>
<p>conversion of all</p>
<p>Preferred shares to</p>
<p>     Common (a)		   0.50    0.49    (0.80)   (0.44)</p>
<p>Weighted average Common and</p>
<p>  Common equivalent shares   7,095   4,066     6,146    3,781</p>
<p>Note (a): Comment -- For purposes of comparing reported results to published estimates, an assumed 40% tax obligation or benefit should be applied to the reported income or loss in each period presented above.  On that tax effected basis, per share income (losses) would be as follows:</p>
<p>Tax-effected income (loss) per share</p>
<p>			 $ 0.30     $ 0.29	 $(0.48)    $(0.26)</p>
</text>
<copyright>(c) Reuters Limited 1997</copyright>
<metadata>
<codes class="bip:countries:1.0">
  <code code="USA">
    <editdetail attribution="Reuters BIP Coding Group" action="confirmed" date="1997-03-12"/>
  </code>
</codes>
<codes class="bip:industries:1.0">
  <code code="I65400">
    <editdetail attribution="Reuters BIP Coding Group" action="confirmed" date="1997-03-12"/>
  </code>
</codes>
<codes class="bip:topics:1.0">
  <code code="C15">
    <editdetail attribution="Reuters BIP Coding Group" action="confirmed" date="1997-03-12"/>
  </code>
  <code code="C151">
    <editdetail attribution="Reuters BIP Coding Group" action="confirmed" date="1997-03-12"/>
  </code>
  <code code="C1511">
    <editdetail attribution="Reuters BIP Coding Group" action="confirmed" date="1997-03-12"/>
  </code>
  <code code="CCAT">
    <editdetail attribution="Reuters BIP Coding Group" action="confirmed" date="1997-03-12"/>
  </code>
</codes>
<dc element="dc.date.created" value="1997-03-12"/>
<dc element="dc.publisher" value="Reuters Holdings Plc"/>
<dc element="dc.date.published" value="1997-03-12"/>
<dc element="dc.source" value="Reuters"/>
<dc element="dc.creator.location" value="REDMOND, Wash."/>
<dc element="dc.creator.location.country.name" value="USA"/>
<dc element="dc.source" value="Reuters"/>
</metadata>
</newsitem>
