<?xml version="1.0" encoding="iso-8859-1" ?>
<newsitem itemid="435235" id="root" date="1997-03-12" xml:lang="en">
<title>USA: IMM mark and Swiss franc futures close near highs.</title>
<headline>IMM mark and Swiss franc futures close near highs.</headline>
<dateline>CHICAGO 1997-03-12</dateline>
<text>
<p>IMM mark and Swiss franc futures closed higher, reversing a weak opening after the U.S. Federal Reserve's Beige Book left the impression the Fed would not raise U.S. rates at the end of March, market sources said.</p>
<p>The book on U.S. economic activity described price pressures as &quot;temperate,&quot; and said wage gains remained moderate despite tight labor markets.</p>
<p>June marks jumped to $0.5948, and should probe resistance at $0.5953 on GLOBEX, or about 1.69 spot marks. June Swiss francs climbed to $0.6953, through resistance at $0.6942, on dampened expectations for a U.S. rate hike on March 25.  </p>
<p>However, traders said the book confirmed the long-term bullish trend for the dollar against most foreign currencies.</p>
<p>&quot;You still have the same argument,&quot; one trader said.</p>
<p>&quot;The market is set up for long term gains, but you have to have some new impetus,&quot; another trader said about the dollar's inability to re-test the upper end of its recent range.</p>
<p>&quot;Unless we got something radically different, I don't think the dollar will do much,&quot; one currency analyst said, adding that the dollar/mark would be well within its ranges if it fell to 1.69 spot rate overnight.  </p>
<p>Traders and analysts said activity was extremely quiet, with pit trade consisting mostly of spread trading out of the March contract and into June. The last trading day for March currency contracts is on Monday, March 17.</p>
<p>Market speculation that there would be a delay in the European Monetary Union (EMU) initially led June marks through resistance at $0.5912 to $0.5914 at midsession, pit traders said.</p>
<p>After June marks popped higher, German Foreign Minister Klaus Kinkel said there was no doubt that the EMU would start as planned January 1999.  </p>
<p>But mark futures continued to rise amid dollar profit-taking.</p>
<p>&quot;It's been very technical,&quot; one forex broker said about the dollar's selloff. &quot;There were a lot of stop losses.&quot;</p>
<p>He said dollar/mark held a firm tone at the opening on talk an European central bank was selling marks for lira.</p>
<p>Yen and sterling futures trimmed losses, with June yen trading up to $0.008292, or about 122.25 spot yen.</p>
<p>Traders and analysts said the market would closely focus on U.S. February retail sales on Thursday and the U.S. February Producer Price Index (PPI) on Friday.  </p>
<p>Sales, which will be released at 0830 EST/1330 GMT on Thursday, are forecast to rise 0.6 percent, versus up 0.6 percent in January, and excluding autos, sales are seen rising 0.7 percent, versus a gain of 0.4 percent in January.</p>
<p>Overall PPI is forecast to fall 0.1 percent, compared to down 0.3 percent in January, while the core rate is forecast to rise 0.1 percent, against unchanged in January.</p>
<p>At the end of pit trade, June yen was off $0.000033 at $0.008288, marks were up $0.0037 at $0.5942, Swiss francs were up $0.0086 at $0.6948, sterling fell $0.0100 at $1.5954, and Can dollars were $0.0020 higher at $0.7381.</p>
</text>
<copyright>(c) Reuters Limited 1997</copyright>
<metadata>
<codes class="bip:countries:1.0">
  <code code="USA">
    <editdetail attribution="Reuters BIP Coding Group" action="confirmed" date="1997-03-12"/>
  </code>
</codes>
<codes class="bip:topics:1.0">
  <code code="M13">
    <editdetail attribution="Reuters BIP Coding Group" action="confirmed" date="1997-03-12"/>
  </code>
  <code code="M132">
    <editdetail attribution="Reuters BIP Coding Group" action="confirmed" date="1997-03-12"/>
  </code>
  <code code="MCAT">
    <editdetail attribution="Reuters BIP Coding Group" action="confirmed" date="1997-03-12"/>
  </code>
</codes>
<dc element="dc.date.created" value="1997-03-12"/>
<dc element="dc.publisher" value="Reuters Holdings Plc"/>
<dc element="dc.date.published" value="1997-03-12"/>
<dc element="dc.source" value="Reuters"/>
<dc element="dc.creator.location" value="CHICAGO"/>
<dc element="dc.creator.location.country.name" value="USA"/>
<dc element="dc.source" value="Reuters"/>
</metadata>
</newsitem>
