<?xml version="1.0" encoding="iso-8859-1" ?>
<newsitem itemid="435237" id="root" date="1997-03-12" xml:lang="en">
<title>USA: Leucadia Nat'l Q4 net shr $0.01 vs $0.06.</title>
<headline>Leucadia Nat'l Q4 net shr $0.01 vs $0.06.</headline>
<dateline>NEW YORK 1997-03-12</dateline>
<text>
<p>Leucadia National Corp. and Subsidiaries</p>
<p>		  (In thousands, except per share amounts)</p>
<p>			     For the Quarter	 For the year</p>
<p>				 Ended Dec. 31,	Ended Dec. 31</p>
<p>			     1996	 1995	1996	 1995</p>
<p>Revenues		  $365,622  $429,882 $1,506,557 $1,558,314</p>
<p>Net securities gains  $  4,771  $  8,468  $ 39,429   $ 20,027</p>
<p>Income before</p>
<p>income taxes and</p>
<p> extraordinary loss   $  9,043   $ 55,476  $ 78,512   $132,182</p>
<p>Income taxes (see note)  1,487	3,431    22,997     24,679</p>
<p>Income before</p>
<p> extraordinary loss	7,556     52,045    55,515    107,503</p>
<p>Extraordinary loss</p>
<p>from early debt</p>
<p>extinguishment, net of</p>
<p> income tax benefit of $3,682		   (6,838)	   -</p>
<p>Net income		$    718   $ 52,045   $ 48,677  $107,503</p>
<p>Earnings (loss) per common</p>
<p>and dilutive common</p>
<p>equivalent share:</p>
<p>Income before</p>
<p> extraordiary loss	  $.12	 $.86	 $.91     $1.81</p>
<p>Extraordinary loss	  (.11)	   -	 (.11)	  -</p>
<p>Net income		    $.01	 $.86	 $.80     $1.81</p>
<p>Number of shares used in</p>
<p> calculation		60,571     60,565     60,560    59,271</p>
<p>Earnings (loss) per fully diluted</p>
<p>common share:</p>
<p>Income before</p>
<p> extraordinary loss	 $.12	 $.83	  $.91    $1.77</p>
<p>Extraordinary loss	  (.11)	   -	  (.11)	 -</p>
<p>Net income		    $.01	 $.83	  $.80    $1.77</p>
<p>Number of shares used in</p>
<p> calculation		60,571     64,043	60,560   62,807</p>
<p>Full company name is Leucadia National Corp.</p>
<p>Note: Income tax expense does not reflect the benefit of net operating loss carryforwards.</p>
<p>--((New York Newsdesk 212-859-1610))</p>
</text>
<copyright>(c) Reuters Limited 1997</copyright>
<metadata>
<codes class="bip:countries:1.0">
  <code code="USA">
    <editdetail attribution="Reuters BIP Coding Group" action="confirmed" date="1997-03-12"/>
  </code>
</codes>
<codes class="bip:industries:1.0">
  <code code="I83960">
    <editdetail attribution="Reuters BIP Coding Group" action="confirmed" date="1997-03-12"/>
  </code>
</codes>
<codes class="bip:topics:1.0">
  <code code="C15">
    <editdetail attribution="Reuters BIP Coding Group" action="confirmed" date="1997-03-12"/>
  </code>
  <code code="C151">
    <editdetail attribution="Reuters BIP Coding Group" action="confirmed" date="1997-03-12"/>
  </code>
  <code code="C1511">
    <editdetail attribution="Reuters BIP Coding Group" action="confirmed" date="1997-03-12"/>
  </code>
  <code code="CCAT">
    <editdetail attribution="Reuters BIP Coding Group" action="confirmed" date="1997-03-12"/>
  </code>
</codes>
<dc element="dc.date.created" value="1997-03-12"/>
<dc element="dc.publisher" value="Reuters Holdings Plc"/>
<dc element="dc.date.published" value="1997-03-12"/>
<dc element="dc.source" value="Reuters"/>
<dc element="dc.creator.location" value="NEW YORK"/>
<dc element="dc.creator.location.country.name" value="USA"/>
<dc element="dc.source" value="Reuters"/>
</metadata>
</newsitem>
