<?xml version="1.0" encoding="iso-8859-1" ?>
<newsitem itemid="435260" id="root" date="1997-03-12" xml:lang="en">
<title>USA: US Airways settles 5 crash suits--lawyer.</title>
<headline>US Airways settles 5 crash suits--lawyer.</headline>
<dateline>COLUMBIA, S.C. 1997-03-12</dateline>
<text>
<p>US Airways Group Inc and lawyers for five plaintiffs announced Wednesday a settlement of lawsuits resulting from the 1994 crash of a USAir jet outside Charlotte N.C., the plaintiffs' lawyer said.</p>
<p>Attorney David Rapoport said he had settled with US Airways in lawsuits over the deaths of Freddie Sue Sturkie and three other people killed when Flight 1016 went down in a violent thunderstorm on July 2, 1994.</p>
<p>Also settled was a suit brought by a survivor of the crash, in which 37 people died.</p>
<p>Rapoport said the two sides had agreed not to discuss terms of the settlement.</p>
<p>He said the Sturkie case, one of two that had been set for trial today, was a &quot;seven-figure settlement.&quot; But he then backed away from that statement, saying only that the five settlements together totalled &quot;in the millions.&quot;</p>
<p>Rapoport said the settlements were substantially higher as a result of a federal jury verdict Friday in which US Airways was found at fault in the crash.</p>
<p>A lawyer representing US Airways had no comment on the settlements.</p>
</text>
<copyright>(c) Reuters Limited 1997</copyright>
<metadata>
<codes class="bip:countries:1.0">
  <code code="USA">
    <editdetail attribution="Reuters BIP Coding Group" action="confirmed" date="1997-03-12"/>
  </code>
</codes>
<codes class="bip:industries:1.0">
  <code code="I75000">
    <editdetail attribution="Reuters BIP Coding Group" action="confirmed" date="1997-03-12"/>
  </code>
</codes>
<codes class="bip:topics:1.0">
  <code code="C12">
    <editdetail attribution="Reuters BIP Coding Group" action="confirmed" date="1997-03-12"/>
  </code>
  <code code="CCAT">
    <editdetail attribution="Reuters BIP Coding Group" action="confirmed" date="1997-03-12"/>
  </code>
  <code code="GCAT">
    <editdetail attribution="Reuters BIP Coding Group" action="confirmed" date="1997-03-12"/>
  </code>
  <code code="GCRIM">
    <editdetail attribution="Reuters BIP Coding Group" action="confirmed" date="1997-03-12"/>
  </code>
  <code code="GDIS">
    <editdetail attribution="Reuters BIP Coding Group" action="confirmed" date="1997-03-12"/>
  </code>
</codes>
<dc element="dc.date.created" value="1997-03-12"/>
<dc element="dc.publisher" value="Reuters Holdings Plc"/>
<dc element="dc.date.published" value="1997-03-12"/>
<dc element="dc.source" value="Reuters"/>
<dc element="dc.creator.location" value="COLUMBIA, S.C."/>
<dc element="dc.creator.location.country.name" value="USA"/>
<dc element="dc.source" value="Reuters"/>
</metadata>
</newsitem>
