<?xml version="1.0" encoding="iso-8859-1" ?>
<newsitem itemid="435256" id="root" date="1997-03-12" xml:lang="en">
<title>USA: U.S. Treasury's Rubin confident on balanced budget.</title>
<headline>U.S. Treasury's Rubin confident on balanced budget.</headline>
<dateline>NEW YORK 1997-03-12</dateline>
<text>
<p>U.S. Treasury Secretary Robert Rubin said he is confident a balanced budget will be reached, however, he noted the process won't be easy.</p>
<p>&quot;What we all need to do is to sit down and find common ground that's consistent with the President's principles and the principles of the Democratic and Republican Congress, but it's not going to be easy to do,&quot; Rubin said.</p>
<p>&quot;I believe that in the final analysis ... we will get it done.&quot;</p>
<p>Rubin spoke to reporters at an annual Savings Bonds kick-off luncheon here on Wednesday.</p>
<p>(( -- Jeff Coelho, N.A. Treasury Desk, 212-859-1660 ))</p>
</text>
<copyright>(c) Reuters Limited 1997</copyright>
<metadata>
<codes class="bip:countries:1.0">
  <code code="USA">
    <editdetail attribution="Reuters BIP Coding Group" action="confirmed" date="1997-03-12"/>
  </code>
</codes>
<codes class="bip:topics:1.0">
  <code code="E21">
    <editdetail attribution="Reuters BIP Coding Group" action="confirmed" date="1997-03-12"/>
  </code>
  <code code="E211">
    <editdetail attribution="Reuters BIP Coding Group" action="confirmed" date="1997-03-12"/>
  </code>
  <code code="ECAT">
    <editdetail attribution="Reuters BIP Coding Group" action="confirmed" date="1997-03-12"/>
  </code>
  <code code="GCAT">
    <editdetail attribution="Reuters BIP Coding Group" action="confirmed" date="1997-03-12"/>
  </code>
  <code code="GPOL">
    <editdetail attribution="Reuters BIP Coding Group" action="confirmed" date="1997-03-12"/>
  </code>
</codes>
<dc element="dc.date.created" value="1997-03-12"/>
<dc element="dc.publisher" value="Reuters Holdings Plc"/>
<dc element="dc.date.published" value="1997-03-12"/>
<dc element="dc.source" value="Reuters"/>
<dc element="dc.creator.location" value="NEW YORK"/>
<dc element="dc.creator.location.country.name" value="USA"/>
<dc element="dc.source" value="Reuters"/>
</metadata>
</newsitem>
