<?xml version="1.0" encoding="iso-8859-1" ?>
<newsitem itemid="435290" id="root" date="1997-03-12" xml:lang="en">
<title>USA: Auto-By-Tel to raise roughly $400 mln in IPO.</title>
<headline>Auto-By-Tel to raise roughly $400 mln in IPO.</headline>
<dateline>NEW YORK 1997-03-12</dateline>
<text>
<p>Auto-By-Tel Corp, which sells used cars over the Internet, expects to raise roughly $400 million in its initial public offering.</p>
<p>In a filing registered on Wednesday with the U.S. Securities and Exchange Commission, the Irvine, California company said it plans an offering of four million shares to price in between $9.50 - $11 each. The company will sell 3.6 million shares in the offering and existing shareholders will sell 400,000.</p>
<p>The company has applied for the shares to trade on the Nasdaq under the symbol &quot;ABTL&quot;.</p>
<p>Montgomery Securities is the lead underwriter of the offering, due later this month.</p>
</text>
<copyright>(c) Reuters Limited 1997</copyright>
<metadata>
<codes class="bip:countries:1.0">
  <code code="USA">
    <editdetail attribution="Reuters BIP Coding Group" action="confirmed" date="1997-03-12"/>
  </code>
</codes>
<codes class="bip:industries:1.0">
  <code code="I33030">
    <editdetail attribution="Reuters BIP Coding Group" action="confirmed" date="1997-03-12"/>
  </code>
</codes>
<codes class="bip:topics:1.0">
  <code code="C17">
    <editdetail attribution="Reuters BIP Coding Group" action="confirmed" date="1997-03-12"/>
  </code>
  <code code="C171">
    <editdetail attribution="Reuters BIP Coding Group" action="confirmed" date="1997-03-12"/>
  </code>
  <code code="CCAT">
    <editdetail attribution="Reuters BIP Coding Group" action="confirmed" date="1997-03-12"/>
  </code>
</codes>
<dc element="dc.date.created" value="1997-03-12"/>
<dc element="dc.publisher" value="Reuters Holdings Plc"/>
<dc element="dc.date.published" value="1997-03-12"/>
<dc element="dc.source" value="Reuters"/>
<dc element="dc.creator.location" value="NEW YORK"/>
<dc element="dc.creator.location.country.name" value="USA"/>
<dc element="dc.source" value="Reuters"/>
</metadata>
</newsitem>
