<?xml version="1.0" encoding="iso-8859-1" ?>
<newsitem itemid="435282" id="root" date="1997-03-12" xml:lang="en">
<title>USA: Millennium installation starts rev stream.</title>
<headline>Millennium installation starts rev stream.</headline>
<dateline>CAMBRIDGE, Mass. 1997-03-12</dateline>
<text>
<p>Millennium Pharmaceuticals on Wednesday said that it has completed the installation of its software platform at American Home Products Corp's Wyeth-Ayerst Research, kicking off a long-term revenue stream for access to this technology.</p>
<p>This completes the first of three phases of a research bioinformatics technology transfer agreement struck between the firms in July 1996, worth $90 million over seven years.</p>
<p>Millennium chief financial officer Harry Arader told reuters that this phase represents a &quot;significant&quot; portion of the $90 million, but declined to note specific financial details. He noted that the initial revenue will be recorded as part of the firm's first quarter results.</p>
<p>Last July, Millennium said that in addition to the access fees, it would also receive payments based on the attainment of certain research milestones and royalties based on sales of Wyeth-Ayerst products arising from the collaboration.</p>
<p>Millennium's Sequence Explorer gene technology software platform coordinates DNA sequencing sample management, provides researchers access to public databases, as well as controling data warehousing.</p>
<p>((-- Franklin Paul, New York Newsdesk +1 212 859 1700))</p>
</text>
<copyright>(c) Reuters Limited 1997</copyright>
<metadata>
<codes class="bip:countries:1.0">
  <code code="USA">
    <editdetail attribution="Reuters BIP Coding Group" action="confirmed" date="1997-03-12"/>
  </code>
</codes>
<codes class="bip:industries:1.0">
  <code code="I25700">
    <editdetail attribution="Reuters BIP Coding Group" action="confirmed" date="1997-03-12"/>
  </code>
</codes>
<codes class="bip:topics:1.0">
  <code code="C33">
    <editdetail attribution="Reuters BIP Coding Group" action="confirmed" date="1997-03-12"/>
  </code>
  <code code="CCAT">
    <editdetail attribution="Reuters BIP Coding Group" action="confirmed" date="1997-03-12"/>
  </code>
</codes>
<dc element="dc.date.created" value="1997-03-12"/>
<dc element="dc.publisher" value="Reuters Holdings Plc"/>
<dc element="dc.date.published" value="1997-03-12"/>
<dc element="dc.source" value="Reuters"/>
<dc element="dc.creator.location" value="CAMBRIDGE, Mass."/>
<dc element="dc.creator.location.country.name" value="USA"/>
<dc element="dc.source" value="Reuters"/>
</metadata>
</newsitem>
