<?xml version="1.0" encoding="iso-8859-1" ?>
<newsitem itemid="435210" id="root" date="1997-03-12" xml:lang="en">
<title>USA: PS Group Q4 shr $1.01 VS $0.15.</title>
<headline>PS Group Q4 shr $1.01 VS $0.15.</headline>
<dateline>SAN DIEGO 1997-03-12</dateline>
<text>
<p>PS GROUP HOLDINGS INC.</p>
<p>		Unaudited Consolidated Income Statement</p>
<p>			(in thousands except per share amounts)</p>
<p>			    Three Months Ended  Twelve Months Ended</p>
<p>					Dec. 31,	    Dec. 31,</p>
<p>				     1996    1995     1996	 1995</p>
<p>Continuing operations:</p>
<p>  Revenues		   $ 75,375 $45,242 $274,746   $167,004</p>
<p>  Costs and expenses	 74,389  43,713  267,801    161,761</p>
<p>  Income before taxes	   986   1,529    6,945	5,243</p>
<p>Provision (credit) for</p>
<p>   taxes			(5,138)     622  (2,665)	2,211</p>
<p> Net income		     6,124     907    9,610	3,032</p>
<p>    Net income per share     1.01     .15     1.58	  .50</p>
<p>Shares used in</p>
<p>determination of net</p>
<p>  income per share	    6,068   6,068    6,068	6,068</p>
</text>
<copyright>(c) Reuters Limited 1997</copyright>
<metadata>
<codes class="bip:countries:1.0">
  <code code="USA">
    <editdetail attribution="Reuters BIP Coding Group" action="confirmed" date="1997-03-12"/>
  </code>
</codes>
<codes class="bip:industries:1.0">
  <code code="I83960">
    <editdetail attribution="Reuters BIP Coding Group" action="confirmed" date="1997-03-12"/>
  </code>
</codes>
<codes class="bip:topics:1.0">
  <code code="C15">
    <editdetail attribution="Reuters BIP Coding Group" action="confirmed" date="1997-03-12"/>
  </code>
  <code code="C151">
    <editdetail attribution="Reuters BIP Coding Group" action="confirmed" date="1997-03-12"/>
  </code>
  <code code="C1511">
    <editdetail attribution="Reuters BIP Coding Group" action="confirmed" date="1997-03-12"/>
  </code>
  <code code="CCAT">
    <editdetail attribution="Reuters BIP Coding Group" action="confirmed" date="1997-03-12"/>
  </code>
</codes>
<dc element="dc.date.created" value="1997-03-12"/>
<dc element="dc.publisher" value="Reuters Holdings Plc"/>
<dc element="dc.date.published" value="1997-03-12"/>
<dc element="dc.source" value="Reuters"/>
<dc element="dc.creator.location" value="SAN DIEGO"/>
<dc element="dc.creator.location.country.name" value="USA"/>
<dc element="dc.source" value="Reuters"/>
</metadata>
</newsitem>
