<?xml version="1.0" encoding="iso-8859-1" ?>
<newsitem itemid="435217" id="root" date="1997-03-12" xml:lang="en">
<title>USA: Access Health falls on revised outlook.</title>
<headline>Access Health falls on revised outlook.</headline>
<dateline>LOS ANGELES 1997-03-12</dateline>
<text>
<p>Shares of personal health management services provider Access Health Inc fell sharply on the company's prediction that fiscal 1997 earnings would be as much as 17 percent under analyst estimates.</p>
<p>Access shares were down 8-1/4 to 14-1/4.</p>
<p>Access, which contracts to employers and health care providers, cited slower enrollment growth and competitive pricing as its customers grew more cautious about the cost savings potential of its services.</p>
<p>But Access reiterated Wednesday it was confident sales and earnings next year would grow by at least 35 percent.  </p>
<p>&quot;We are still showing a very strong growth rate and we feel we are being conservative today saying we see 35 percent growth in 1998,&quot; Matt Plavan, director of investor relations told Reuters.</p>
<p>Plavan said much of the growth potential came from new customers in the health plans Access currently services.</p>
<p>&quot;If you think about the fact we have 21 million members out of the 60 million members in the plans we currently serve, there is great opportunity to expand beyond 21 million (members),&quot; he said.  </p>
<p>Although Access contracts with a large number of health care providers, many of those customers are under pressure to control their own costs and have purchased Access services for only a portion of their customers as a way to test the cost benefits.</p>
<p>&quot;This is a transition year for large health care plans,&quot; Plavan said. &quot;More of them are saying to us, 'Can you show me the return on our investment?'&quot; He said health plans were more focused two years ago on retaining customers by providing superior services.  </p>
<p>Access services include health information, prevention and care management programs that are available over the internet, on cable television, and through 24-hour telephone access to registered nurses who provide triage and referral services.</p>
<p>Plavan said Access believes its services are one of the best ways for health plans to control their own costs since its network is broader than what most individual health plans could reasonably offer on their own.  </p>
<p>However, some analysts cited concerns that more health plans will follow the decision by BlueCross Blue Shield of Tennessee to drop the service and have its own doctors perform triage work.</p>
<p>&quot;Right now, that decision seems to be specific to Tennessee,&quot; said Equitable Securities analyst Seth Frank. &quot;At the same time, there is certainly reason to be a little bit cautious about other health plans.&quot;</p>
<p>--Andrea Orr 213 380-2014</p>
</text>
<copyright>(c) Reuters Limited 1997</copyright>
<metadata>
<codes class="bip:countries:1.0">
  <code code="USA">
    <editdetail attribution="Reuters BIP Coding Group" action="confirmed" date="1997-03-12"/>
  </code>
</codes>
<codes class="bip:industries:1.0">
  <code code="I95100">
    <editdetail attribution="Reuters BIP Coding Group" action="confirmed" date="1997-03-12"/>
  </code>
</codes>
<codes class="bip:topics:1.0">
  <code code="C15">
    <editdetail attribution="Reuters BIP Coding Group" action="confirmed" date="1997-03-12"/>
  </code>
  <code code="C152">
    <editdetail attribution="Reuters BIP Coding Group" action="confirmed" date="1997-03-12"/>
  </code>
  <code code="CCAT">
    <editdetail attribution="Reuters BIP Coding Group" action="confirmed" date="1997-03-12"/>
  </code>
</codes>
<dc element="dc.date.created" value="1997-03-12"/>
<dc element="dc.publisher" value="Reuters Holdings Plc"/>
<dc element="dc.date.published" value="1997-03-12"/>
<dc element="dc.source" value="Reuters"/>
<dc element="dc.creator.location" value="LOS ANGELES"/>
<dc element="dc.creator.location.country.name" value="USA"/>
<dc element="dc.source" value="Reuters"/>
</metadata>
</newsitem>
