<?xml version="1.0" encoding="iso-8859-1" ?>
<newsitem itemid="435250" id="root" date="1997-03-12" xml:lang="en">
<title>USA: US drug decertification would hurt Mexico -- Summers.</title>
<headline>US drug decertification would hurt Mexico -- Summers.</headline>
<dateline>WASHINGTON 1997-03-12</dateline>
<text>
<p>Deputy U.S. Treasury Secretary Lawrence Summers warned lawmakers on Wednesday against decertifying Mexico as an ally in the war against drugs, saying that it would hurt Mexico's economy.</p>
<p>&quot;The impact would not be salutary,&quot; Summers said in prepared testimony before a Senate Foreign Relations subcommittee.</p>
<p>He said that decertification could sap international confidence in Mexico and threaten the country's economic recovery.  </p>
<p>&quot;If confidence were to weaken and ... capital were to dry up, Mexico's economy would be threatened,&quot; Summers said. &quot;The peso would come under renewed pressure (and) interest rates would rise.&quot;</p>
<p>The United States as well as Mexico would be hurt if that came about, he said. U.S. exports to its neighbor would fall and illegal immigration from Mexico into the United States would surge, Summers said.</p>
<p>But he said that decertification would not trigger a debt default by Mexico now because the country has resolved many fundamental problems.  </p>
<p>A House of Representatives committee voted last week to overturn President Clinton's finding that Mexico is fully cooperating in the anti-drug war but to waive imposition of sanctions against the Mexican government.</p>
<p>&quot;Certification with a waiver would be little less damaging than full decertification,&quot; Summers said. It would spare Mexico any cutoff of U.S. financial assistance but that help is very small and not economically significant, he said.</p>
<p>&quot;The true damage would come from undercutting our support for those in Mexico committed to reform and from undermining investor confidence,&quot; Summers said.  </p>
<p>Mexico announced on Monday the enactment of new anti-money laundering regulations. Summers said the United States was still reviewing those regulations but added that its early assessment indicates that the new rules would require banks to report suspicious transactions as well as all currency transactions over $10,000.</p>
<p>He listed a number of steps that Mexico has taken over the past year to combat the trade in illegal drugs.</p>
<p>&quot;We recognize, however, that there are shortcomings along with the successes,&quot; he said. &quot;We share the committee's concern that corruption at both high and low levels continues to threaten the integrity of Mexican anti-narcotics efforts,&quot; he added.</p>
</text>
<copyright>(c) Reuters Limited 1997</copyright>
<metadata>
<codes class="bip:countries:1.0">
  <code code="MEX">
    <editdetail attribution="Reuters BIP Coding Group" action="confirmed" date="1997-03-12"/>
  </code>
  <code code="USA">
    <editdetail attribution="Reuters BIP Coding Group" action="confirmed" date="1997-03-12"/>
  </code>
</codes>
<codes class="bip:topics:1.0">
  <code code="GCAT">
    <editdetail attribution="Reuters BIP Coding Group" action="confirmed" date="1997-03-12"/>
  </code>
  <code code="GCRIM">
    <editdetail attribution="Reuters BIP Coding Group" action="confirmed" date="1997-03-12"/>
  </code>
  <code code="GDIP">
    <editdetail attribution="Reuters BIP Coding Group" action="confirmed" date="1997-03-12"/>
  </code>
</codes>
<dc element="dc.date.created" value="1997-03-12"/>
<dc element="dc.publisher" value="Reuters Holdings Plc"/>
<dc element="dc.date.published" value="1997-03-12"/>
<dc element="dc.source" value="Reuters"/>
<dc element="dc.creator.location" value="WASHINGTON"/>
<dc element="dc.creator.location.country.name" value="USA"/>
<dc element="dc.source" value="Reuters"/>
</metadata>
</newsitem>
