<?xml version="1.0" encoding="iso-8859-1" ?>
<newsitem itemid="435288" id="root" date="1997-03-12" xml:lang="en">
<title>USA: Spanish Broadcasting to sell 3 stations for $45mln.</title>
<headline>Spanish Broadcasting to sell 3 stations for $45mln.</headline>
<dateline>NEW YORK 1997-03-12</dateline>
<text>
<p>Spanish Broadcasting System Inc said Wednesday it has signed a letter of intent to sell certain assets, including the FCC licenses, of radio stations WXLX-AM, New York, KXMG-AM, Los Angeles, and WCMQ-AM, Miami to One-on-One Sports Inc for $45 million.</p>
<p>The company said the sales were part of its plan to focus on its existing FM stations in those cities.</p>
<p>The company also said that acquisitions of two FM stations in Miami and one FM station in Chicago were pending.</p>
<p>In connection with the acquisition, One-on-One has agreed not to compete with Spanish Broadcasting System in its existing Spanish language formats.</p>
</text>
<copyright>(c) Reuters Limited 1997</copyright>
<metadata>
<codes class="bip:countries:1.0">
  <code code="USA">
    <editdetail attribution="Reuters BIP Coding Group" action="confirmed" date="1997-03-12"/>
  </code>
</codes>
<codes class="bip:topics:1.0">
  <code code="C18">
    <editdetail attribution="Reuters BIP Coding Group" action="confirmed" date="1997-03-12"/>
  </code>
  <code code="C181">
    <editdetail attribution="Reuters BIP Coding Group" action="confirmed" date="1997-03-12"/>
  </code>
  <code code="CCAT">
    <editdetail attribution="Reuters BIP Coding Group" action="confirmed" date="1997-03-12"/>
  </code>
</codes>
<dc element="dc.date.created" value="1997-03-12"/>
<dc element="dc.publisher" value="Reuters Holdings Plc"/>
<dc element="dc.date.published" value="1997-03-12"/>
<dc element="dc.source" value="Reuters"/>
<dc element="dc.creator.location" value="NEW YORK"/>
<dc element="dc.creator.location.country.name" value="USA"/>
<dc element="dc.source" value="Reuters"/>
</metadata>
</newsitem>
