<?xml version="1.0" encoding="iso-8859-1" ?>
<newsitem itemid="435284" id="root" date="1997-03-12" xml:lang="en">
<title>USA: Donnelley Enterprise to service law firm.</title>
<headline>Donnelley Enterprise to service law firm.</headline>
<dateline>CHICAGO 1997-03-12</dateline>
<text>
<p>Donnelley Enterprise Solutions Inc said Wednesday it entered into a substantial, three-year contract with the law firm Sidley &amp; Austin to provide it with custom outsourcing services for its information technology operations.</p>
<p>The value of the agreement was not disclosed.</p>
<p>Terms provide for Donnelley Enterprise to have more than 30 professionals on site providing a variety of support services, including custom desktop support and technology support for the firm's Los Angeles office as well as fax server management companywide.</p>
<p>Donnelley Enterprise provides information technology and outsourcing services.</p>
<p>	   ((Reuters Chicago Newsdesk (312) 408-8787))</p>
</text>
<copyright>(c) Reuters Limited 1997</copyright>
<metadata>
<codes class="bip:countries:1.0">
  <code code="USA">
    <editdetail attribution="Reuters BIP Coding Group" action="confirmed" date="1997-03-12"/>
  </code>
</codes>
<codes class="bip:industries:1.0">
  <code code="I83500">
    <editdetail attribution="Reuters BIP Coding Group" action="confirmed" date="1997-03-12"/>
  </code>
  <code code="I83954">
    <editdetail attribution="Reuters BIP Coding Group" action="confirmed" date="1997-03-12"/>
  </code>
</codes>
<codes class="bip:topics:1.0">
  <code code="C33">
    <editdetail attribution="Reuters BIP Coding Group" action="confirmed" date="1997-03-12"/>
  </code>
  <code code="CCAT">
    <editdetail attribution="Reuters BIP Coding Group" action="confirmed" date="1997-03-12"/>
  </code>
</codes>
<dc element="dc.date.created" value="1997-03-12"/>
<dc element="dc.publisher" value="Reuters Holdings Plc"/>
<dc element="dc.date.published" value="1997-03-12"/>
<dc element="dc.source" value="Reuters"/>
<dc element="dc.creator.location" value="CHICAGO"/>
<dc element="dc.creator.location.country.name" value="USA"/>
<dc element="dc.source" value="Reuters"/>
</metadata>
</newsitem>
