<?xml version="1.0" encoding="iso-8859-1" ?>
<newsitem itemid="435200" id="root" date="1997-03-12" xml:lang="en">
<title>USA: Woolworth Q4 shr reaches profit at $0.74.</title>
<headline>Woolworth Q4 shr reaches profit at $0.74.</headline>
<dateline>NEW YORK 1997-03-12</dateline>
<text>
<p>1997		     1996</p>
<p> Shr profit	$0.74	     loss $0.80</p>
<p> Net profit	100,000	   loss 107,000</p>
<p> Sales	     2,368,000		2,437,000</p>
<p> Avg shrs	  134,000		  132,900</p>
<p>	     Year</p>
<p> Shr profit	$1.26	     loss $1.23</p>
<p> Net profit	169,000	   loss 164,000</p>
<p> Sales	     8,092,000		8,224,000</p>
<p> Avg shrs	  133,500		  132,900</p>
<p>(All data above 000s except per share numbers)</p>
<p>NOTE: Full company name is Woolworth Corp.</p>
<p>1995 Q4 net loss after $165 million after-tax charge from company's adoption of SFAS 121.</p>
</text>
<copyright>(c) Reuters Limited 1997</copyright>
<metadata>
<codes class="bip:countries:1.0">
  <code code="USA">
    <editdetail attribution="Reuters BIP Coding Group" action="confirmed" date="1997-03-12"/>
  </code>
</codes>
<codes class="bip:industries:1.0">
  <code code="I65600">
    <editdetail attribution="Reuters BIP Coding Group" action="confirmed" date="1997-03-12"/>
  </code>
</codes>
<codes class="bip:topics:1.0">
  <code code="C15">
    <editdetail attribution="Reuters BIP Coding Group" action="confirmed" date="1997-03-12"/>
  </code>
  <code code="C151">
    <editdetail attribution="Reuters BIP Coding Group" action="confirmed" date="1997-03-12"/>
  </code>
  <code code="C1511">
    <editdetail attribution="Reuters BIP Coding Group" action="confirmed" date="1997-03-12"/>
  </code>
  <code code="CCAT">
    <editdetail attribution="Reuters BIP Coding Group" action="confirmed" date="1997-03-12"/>
  </code>
</codes>
<dc element="dc.date.created" value="1997-03-12"/>
<dc element="dc.publisher" value="Reuters Holdings Plc"/>
<dc element="dc.date.published" value="1997-03-12"/>
<dc element="dc.source" value="Reuters"/>
<dc element="dc.creator.location" value="NEW YORK"/>
<dc element="dc.creator.location.country.name" value="USA"/>
<dc element="dc.source" value="Reuters"/>
</metadata>
</newsitem>
