<?xml version="1.0" encoding="iso-8859-1" ?>
<newsitem itemid="435222" id="root" date="1997-03-12" xml:lang="en">
<title>USA: SEC eyes possible yield burning in 25 PA offerings.</title>
<headline>SEC eyes possible yield burning in 25 PA offerings.</headline>
<dateline>WASHINGTON 1997-03-12</dateline>
<text>
<p>The Securities and Exchange Commission subpoenad Allentown, Whitehall Township, and as many as 23 other Pennsylvania authorities to determine if &quot;yield burning&quot; occurred in 1990s refunding deals, city officials said.</p>
<p>Jack Meyers, assistant executive for Whitehall Township, told Reuters that SEC's Philadelphia office requested documents in February for a $4.94 million bond refunding handled in 1993 by Meridian Capital Markets, which was purchased last year by CoreStates Financial Corp.  </p>
<p>CoreStates Financial Corp officials were unavailable for comment.</p>
<p>Linda Bodner, Allentown's director of finance, said SEC requested documents &quot;several weeks ago&quot; concerning a $31.5 million refunding in 1995, which also was handled by then Meridian, whose new company is based in Reading, Pa.</p>
<p>The $1.3 trillion municipal bond market has been rocked by allegations that bond underwriters overcharge issuers for U.S. Treasuries bought in the open market and used in bond financing transactions, a practice dubbed &quot;yield burning.&quot;</p>
<p>The Internal Revenue Service last July told states and localities that they can avoid enforcement action if they rebate yield burning profits they made on the deals. Issuers said the plan is unfair because underwriters, in most cases, kept the markups secret.</p>
<p>Meyers said he was told by a CoreStates representative that the SEC is examining documents for a total of 25 deals handled by Meridian in Pennsylvania.</p>
<p>--Vicky Stamas, 202-898-8314</p>
</text>
<copyright>(c) Reuters Limited 1997</copyright>
<metadata>
<codes class="bip:countries:1.0">
  <code code="USA">
    <editdetail attribution="Reuters BIP Coding Group" action="confirmed" date="1997-03-12"/>
  </code>
</codes>
<codes class="bip:industries:1.0">
  <code code="I81402">
    <editdetail attribution="Reuters BIP Coding Group" action="confirmed" date="1997-03-12"/>
  </code>
  <code code="I81502">
    <editdetail attribution="Reuters BIP Coding Group" action="confirmed" date="1997-03-12"/>
  </code>
  <code code="I83100">
    <editdetail attribution="Reuters BIP Coding Group" action="confirmed" date="1997-03-12"/>
  </code>
</codes>
<codes class="bip:topics:1.0">
  <code code="C13">
    <editdetail attribution="Reuters BIP Coding Group" action="confirmed" date="1997-03-12"/>
  </code>
  <code code="CCAT">
    <editdetail attribution="Reuters BIP Coding Group" action="confirmed" date="1997-03-12"/>
  </code>
  <code code="E21">
    <editdetail attribution="Reuters BIP Coding Group" action="confirmed" date="1997-03-12"/>
  </code>
  <code code="E212">
    <editdetail attribution="Reuters BIP Coding Group" action="confirmed" date="1997-03-12"/>
  </code>
  <code code="ECAT">
    <editdetail attribution="Reuters BIP Coding Group" action="confirmed" date="1997-03-12"/>
  </code>
  <code code="M12">
    <editdetail attribution="Reuters BIP Coding Group" action="confirmed" date="1997-03-12"/>
  </code>
  <code code="MCAT">
    <editdetail attribution="Reuters BIP Coding Group" action="confirmed" date="1997-03-12"/>
  </code>
</codes>
<dc element="dc.date.created" value="1997-03-12"/>
<dc element="dc.publisher" value="Reuters Holdings Plc"/>
<dc element="dc.date.published" value="1997-03-12"/>
<dc element="dc.source" value="Reuters"/>
<dc element="dc.creator.location" value="WASHINGTON"/>
<dc element="dc.creator.location.country.name" value="USA"/>
<dc element="dc.source" value="Reuters"/>
</metadata>
</newsitem>
