<?xml version="1.0" encoding="iso-8859-1" ?>
<newsitem itemid="435232" id="root" date="1997-03-12" xml:lang="en">
<title>USA: FTC ready to talk with Staples, Office Depot again.</title>
<headline>FTC ready to talk with Staples, Office Depot again.</headline>
<dateline>WASHINGTON 1997-03-12</dateline>
<text>
<p>The Federal Trade Commission announced Wednesday it was willing to speak with Office Depot, OfficeMax and Staples about a merger and divestiture deal.</p>
<p>&quot;If they have something serious to talk about we will talk,&quot; a spokeswoman for the FTC said shortly after the companies announced a complicated deal to divest stores.</p>
<p>Under a three-way agreement negotiated by the CEOs of the three chains, 28 Office Depot stores and 35 Staples will be sold to OfficeMax, OfficeMax CEO Michael Feuer told Reuters.</p>
<p>The sale is subject to government approval and all sides hope it will clear the way for a Staples-Office Depot merger.</p>
<p>On Monday the FTC voted to go to court to halt the merger of Office Depot and Staples because the companies were unable to divest stores to OfficeMax.</p>
<p>The FTC had planned to go to court as soon as a critical deadline expired Thursday. Staples is operating under a law that bars it from merging before that deadline was reached.</p>
<p>Staples has now told the government it will extend the deadline until Monday, precluding any government action until at least then.</p>
</text>
<copyright>(c) Reuters Limited 1997</copyright>
<metadata>
<codes class="bip:countries:1.0">
  <code code="USA">
    <editdetail attribution="Reuters BIP Coding Group" action="confirmed" date="1997-03-12"/>
  </code>
</codes>
<codes class="bip:industries:1.0">
  <code code="I61000">
    <editdetail attribution="Reuters BIP Coding Group" action="confirmed" date="1997-03-12"/>
  </code>
  <code code="I65300">
    <editdetail attribution="Reuters BIP Coding Group" action="confirmed" date="1997-03-12"/>
  </code>
  <code code="I65400">
    <editdetail attribution="Reuters BIP Coding Group" action="confirmed" date="1997-03-12"/>
  </code>
</codes>
<codes class="bip:topics:1.0">
  <code code="C18">
    <editdetail attribution="Reuters BIP Coding Group" action="confirmed" date="1997-03-12"/>
  </code>
  <code code="C181">
    <editdetail attribution="Reuters BIP Coding Group" action="confirmed" date="1997-03-12"/>
  </code>
  <code code="C34">
    <editdetail attribution="Reuters BIP Coding Group" action="confirmed" date="1997-03-12"/>
  </code>
  <code code="CCAT">
    <editdetail attribution="Reuters BIP Coding Group" action="confirmed" date="1997-03-12"/>
  </code>
</codes>
<dc element="dc.date.created" value="1997-03-12"/>
<dc element="dc.publisher" value="Reuters Holdings Plc"/>
<dc element="dc.date.published" value="1997-03-12"/>
<dc element="dc.source" value="Reuters"/>
<dc element="dc.creator.location" value="WASHINGTON"/>
<dc element="dc.creator.location.country.name" value="USA"/>
<dc element="dc.source" value="Reuters"/>
</metadata>
</newsitem>
