<?xml version="1.0" encoding="iso-8859-1" ?>
<newsitem itemid="435214" id="root" date="1997-03-12" xml:lang="en">
<title>USA: Digital 97, 98 EPS cut by Morgan Stanley.</title>
<headline>Digital 97, 98 EPS cut by Morgan Stanley.</headline>
<dateline>NEW YORK 1997-03-12</dateline>
<text>
<p>Morgan Stanley analyst Steve Milunovich cut his fiscal 1997 and 1998 earnings estimates on Digital Equipment Corp -- mainly due to currency fluctuations, market sources said -- and he maintains his neutral rating.</p>
<p>Milunovich was not immediately available for comment, but market sources said he cut his fiscal 1997 estimates to $0.70 a share from $1.00. He cut fiscal 1998 estimates to $2.50 a share from $3.00 a share.</p>
<p>Digital shares closed off two to 30 in heavy trading.  </p>
<p>Market sources said that Milunovich's estimate cuts come on the heels of a Digital presentation at a Morgan Stanley technology conference this week. A Digital spokesman was not immediately available for comment.</p>
<p>Last month, at a Goldman Sachs Technology conference, Digital's chief finanical officer said he was increasingly concerned about the effect of the stronger dollar on Digital's fiscal fourth quarter results. Roughly 60 percent of Digital's revenues come from outside the U.S.</p>
</text>
<copyright>(c) Reuters Limited 1997</copyright>
<metadata>
<codes class="bip:countries:1.0">
  <code code="USA">
    <editdetail attribution="Reuters BIP Coding Group" action="confirmed" date="1997-03-12"/>
  </code>
</codes>
<codes class="bip:industries:1.0">
  <code code="I33020">
    <editdetail attribution="Reuters BIP Coding Group" action="confirmed" date="1997-03-12"/>
  </code>
  <code code="I3302003">
    <editdetail attribution="Reuters BIP Coding Group" action="confirmed" date="1997-03-12"/>
  </code>
</codes>
<codes class="bip:topics:1.0">
  <code code="C15">
    <editdetail attribution="Reuters BIP Coding Group" action="confirmed" date="1997-03-12"/>
  </code>
  <code code="C152">
    <editdetail attribution="Reuters BIP Coding Group" action="confirmed" date="1997-03-12"/>
  </code>
  <code code="CCAT">
    <editdetail attribution="Reuters BIP Coding Group" action="confirmed" date="1997-03-12"/>
  </code>
</codes>
<dc element="dc.date.created" value="1997-03-12"/>
<dc element="dc.publisher" value="Reuters Holdings Plc"/>
<dc element="dc.date.published" value="1997-03-12"/>
<dc element="dc.source" value="Reuters"/>
<dc element="dc.creator.location" value="NEW YORK"/>
<dc element="dc.creator.location.country.name" value="USA"/>
<dc element="dc.source" value="Reuters"/>
</metadata>
</newsitem>
