<?xml version="1.0" encoding="iso-8859-1" ?>
<newsitem itemid="435299" id="root" date="1997-03-12" xml:lang="en">
<title>USA: General Mills nudges estimates down - analysts.</title>
<headline>General Mills nudges estimates down - analysts.</headline>
<dateline>CHICAGO 1997-03-12</dateline>
<text>
<p>General Mills Inc indicated in a conference call with analysts Wednesday that its earnings for fiscal 1997, ending in May, may be less than originally planned, analysts said.</p>
<p>&quot;They said basically that the consensus of estimates has been about $3.10 (per share for fiscal 1997). They are more comfortable with $3.05, and even that is not entirely assured,&quot; said Schroder Wertheim managing director Robert Cummins.</p>
<p>Shares of General Mills were down 1-3/8 at 63-3/8 at midday.</p>
<p>General Mills officials were not available for comment.  </p>
<p>The analysts said the company still expects fiscal 1997 earnings to be higher than the year-earlier $3.00 a share.</p>
<p>They said General Mills's current guidance for fiscal 1997 indicates the company could post lower earnings for the fourth quarter, compared with the $0.49 a share of a year earlier.</p>
<p>Donaldson, Lufkin and Jenrette analyst William Leach said the company's guidance indicated &quot;a slight down fourth quarter.&quot;</p>
<p>Yesterday Leach upgraded General Mills to neutral from underperform based on its price and yield.  </p>
<p>Earlier today General Mills, the second largest U.S. cereal maker, said it expected unit volume, which was down in the third quarter, to grow in the fourth quarter.</p>
<p>&quot;The strength of that volume increase will be the key factor determining our annual earnings gain,&quot; Chairman Stephen Sanger said in a statement.</p>
<p>Shares of Kellogg Co, the top U.S. cereal company, were off one at 67-1/2 at midday. Analysts cited concern about the sluggish U.S. ready-to-eat cereal market.</p>
<p>General Mills said that for the first nine months of its fiscal year, domestic cereal volume was up one percent.</p>
<p>((--Chicago Newsdesk (312) 408-8787))</p>
</text>
<copyright>(c) Reuters Limited 1997</copyright>
<metadata>
<codes class="bip:countries:1.0">
  <code code="USA">
    <editdetail attribution="Reuters BIP Coding Group" action="confirmed" date="1997-03-12"/>
  </code>
</codes>
<codes class="bip:industries:1.0">
  <code code="I41000">
    <editdetail attribution="Reuters BIP Coding Group" action="confirmed" date="1997-03-12"/>
  </code>
</codes>
<codes class="bip:topics:1.0">
  <code code="C15">
    <editdetail attribution="Reuters BIP Coding Group" action="confirmed" date="1997-03-12"/>
  </code>
  <code code="C152">
    <editdetail attribution="Reuters BIP Coding Group" action="confirmed" date="1997-03-12"/>
  </code>
  <code code="CCAT">
    <editdetail attribution="Reuters BIP Coding Group" action="confirmed" date="1997-03-12"/>
  </code>
</codes>
<dc element="dc.date.created" value="1997-03-12"/>
<dc element="dc.publisher" value="Reuters Holdings Plc"/>
<dc element="dc.date.published" value="1997-03-12"/>
<dc element="dc.source" value="Reuters"/>
<dc element="dc.creator.location" value="CHICAGO"/>
<dc element="dc.creator.location.country.name" value="USA"/>
<dc element="dc.source" value="Reuters"/>
</metadata>
</newsitem>
