<?xml version="1.0" encoding="iso-8859-1" ?>
<newsitem itemid="435226" id="root" date="1997-03-12" xml:lang="en">
<title>USA: PDVSA near purchase of 2 Basis refineries in Texas.</title>
<headline>PDVSA near purchase of 2 Basis refineries in Texas.</headline>
<dateline>NEW YORK 1997-03-12</dateline>
<text>
<p>State Petroleos de Venezuela is closing in on a deal to buy two refineries in Texas owned by Basis Petroleum, the refining arm of Wall Street brokerage house Salomon Inc, a PDVSA source said Wednesday.</p>
<p>The negotiations are &quot;very advanced&quot; and should be completed &quot;very soon,&quot; the source said.</p>
<p>Top officials from Corpoven, the PDVSA subsidiary through which the deal is being conducted, are now wrapping up final negotiations in the U.S., the source added.</p>
<p>PDVSA is negotiating to buy two of three Basis plants on the Gulf Coast: a 125,000 barrel per day (bpd) refinery in Texas City and a 68,000 bpd facility in Houston.  </p>
<p>The source did not disclose the value of the refineries, but said PDVSA would sign &quot;one deal for the two (plants).&quot;</p>
<p>The plants' value depends on how they are analyzed, he said. The refineries' worth would differ, for example, whether they are viewed as ongoing businesses or fixed assets.</p>
<p>Although Corpoven is conducting the negotiations, the refineries are likely to come under the ownership of one of PDVSA's U.S. subsidiaries, either PDV America or Citgo Petroleum, the source said.</p>
<p>Most of the Venezuelan crude that the refineries would process, however, would likely be Corpoven's, he added.</p>
<p>PDVSA has three integrated operating subsidiaries: Corpoven, Maraven and Lagoven.</p>
<p>The impending purchase is part of PDVSA's long-term efforts to secure more downstream outlets for its growing crude production, which now stands at more than three million bpd.</p>
<p>Under its 10-year plan, PDVSA plans to expand refining capacity from 2.9 million bpd in 1997 to 3.5 million bpd in 2006, of which 2.1 million bpd would be based outside Venezuela.</p>
<p>Currently, PDVSA has 1.55 million bpd of refining capacity outside Venezuela, including facilities in the U.S., Europe and the Caribbean. --Patricia Garip-Bertuol NY Energy Desk ((+1 212 859 1620))</p>
</text>
<copyright>(c) Reuters Limited 1997</copyright>
<metadata>
<codes class="bip:countries:1.0">
  <code code="USA">
    <editdetail attribution="Reuters BIP Coding Group" action="confirmed" date="1997-03-12"/>
  </code>
  <code code="VEN">
    <editdetail attribution="Reuters BIP Coding Group" action="confirmed" date="1997-03-12"/>
  </code>
</codes>
<codes class="bip:industries:1.0">
  <code code="I13000">
    <editdetail attribution="Reuters BIP Coding Group" action="confirmed" date="1997-03-12"/>
  </code>
  <code code="I1300003">
    <editdetail attribution="Reuters BIP Coding Group" action="confirmed" date="1997-03-12"/>
  </code>
  <code code="I83100">
    <editdetail attribution="Reuters BIP Coding Group" action="confirmed" date="1997-03-12"/>
  </code>
</codes>
<codes class="bip:topics:1.0">
  <code code="C18">
    <editdetail attribution="Reuters BIP Coding Group" action="confirmed" date="1997-03-12"/>
  </code>
  <code code="C182">
    <editdetail attribution="Reuters BIP Coding Group" action="confirmed" date="1997-03-12"/>
  </code>
  <code code="CCAT">
    <editdetail attribution="Reuters BIP Coding Group" action="confirmed" date="1997-03-12"/>
  </code>
</codes>
<dc element="dc.date.created" value="1997-03-12"/>
<dc element="dc.publisher" value="Reuters Holdings Plc"/>
<dc element="dc.date.published" value="1997-03-12"/>
<dc element="dc.source" value="Reuters"/>
<dc element="dc.creator.location" value="NEW YORK"/>
<dc element="dc.creator.location.country.name" value="USA"/>
<dc element="dc.source" value="Reuters"/>
</metadata>
</newsitem>
