<?xml version="1.0" encoding="iso-8859-1" ?>
<newsitem itemid="435208" id="root" date="1997-03-12" xml:lang="en">
<title>USA: E.W. Scripps says Feb revs up to $98.7 mln.</title>
<headline>E.W. Scripps says Feb revs up to $98.7 mln.</headline>
<dateline>CINCINNATI 1997-03-12</dateline>
<text>
<p>THE E.W. SCRIPPS COMPANY</p>
<p>			   Unaudited Revenue and Statistical Summary</p>
<p>					 Period:  February</p>
<p>				   Report date:  March 12, 1997</p>
<p>					 February	     Year-to-date</p>
<p>		   1997(A)   1996     %     1997(A)   1996	 %</p>
<p>    Revenue    (000,000s)</p>
<p>    Local    $17.0    $15.6    8.8%    $33.8    $30.4    11.2%</p>
<p>Classified</p>
<p>		  15.5     14.3    9.1%     31.2     28.4     9.9%</p>
<p>    National   1.9	1.4   37.0%	3.8	2.7    40.0%</p>
<p>    Preprints  5.0	4.9    1.6%	9.8	9.6     2.6%</p>
<p>Newspaper advertising</p>
<p>		  39.4     36.2    9.0%     78.5     71.0    10.6%</p>
<p>Circulation</p>
<p>		  11.0     11.0    0.0%     22.1     22.1     0.2%</p>
<p>    Other (1)  4.8	3.8   25.3%	9.9	7.5    32.3%</p>
<p>NEWSPAPERS</p>
<p>		  55.3     51.0    8.3%    110.5    100.5     9.9%</p>
<p>BROADCAST</p>
<p>TELEVISION (3)</p>
<p>		  22.9     22.0    3.7%     45.0     43.8     2.7%</p>
<p>ENTERTAINMENT</p>
<p>		  20.5	7.1     --	31.0     16.3    90.5%</p>
<p>    TOTAL    $98.7    $80.2   23.0%   $186.5   $160.6    16.1%</p>
<p>    Newspaper ad inches    (000s)</p>
<p>    Local	627	550   13.9%    1,230    1,049    17.3%</p>
<p>Classified</p>
<p>		   540	484   11.5%    1,067	961    11.0%</p>
<p>    National    40	 26   56.2%	 82	 51    60.2%</p>
<p>Full run ROP</p>
<p>		 1,208    1,061   13.9%    2,379    2,061    15.4%</p>
<p>NOTE: For comparative purposes, this report excludes all information for divested operations.</p>
<p>(1) February 1997 had one less Thursday than February 1996.</p>
<p>(2) Includes share of profits of JOA newspapers not managed by the company and commercial printing.</p>
<p>(3) Political advertising in February was zero in 1997 and $0.5 million in 1996. Year-to-date political was zero in 1997 and $0.8 million in 1996.</p>
<p>(A) Includes revenues and ad inches for the Vero Beach Press Journal, acquired on May 9, 1996.</p>
</text>
<copyright>(c) Reuters Limited 1997</copyright>
<metadata>
<codes class="bip:countries:1.0">
  <code code="USA">
    <editdetail attribution="Reuters BIP Coding Group" action="confirmed" date="1997-03-12"/>
  </code>
</codes>
<codes class="bip:industries:1.0">
  <code code="I47510">
    <editdetail attribution="Reuters BIP Coding Group" action="confirmed" date="1997-03-12"/>
  </code>
</codes>
<codes class="bip:topics:1.0">
  <code code="C15">
    <editdetail attribution="Reuters BIP Coding Group" action="confirmed" date="1997-03-12"/>
  </code>
  <code code="C151">
    <editdetail attribution="Reuters BIP Coding Group" action="confirmed" date="1997-03-12"/>
  </code>
  <code code="CCAT">
    <editdetail attribution="Reuters BIP Coding Group" action="confirmed" date="1997-03-12"/>
  </code>
</codes>
<dc element="dc.date.created" value="1997-03-12"/>
<dc element="dc.publisher" value="Reuters Holdings Plc"/>
<dc element="dc.date.published" value="1997-03-12"/>
<dc element="dc.source" value="Reuters"/>
<dc element="dc.creator.location" value="CINCINNATI"/>
<dc element="dc.creator.location.country.name" value="USA"/>
<dc element="dc.source" value="Reuters"/>
</metadata>
</newsitem>
