<?xml version="1.0" encoding="iso-8859-1" ?>
<newsitem itemid="435263" id="root" date="1997-03-12" xml:lang="en">
<title>USA: INTERVIEW - Interstate eyeing hotel mgmt co. [CORRECTED 19:40 GMT]</title>
<headline>INTERVIEW - Interstate eyeing hotel mgmt co. [CORRECTED 19:40 GMT]</headline>
<byline>Brendan Intindola</byline>
<dateline>NEW YORK 1997-03-12</dateline>
<text>
<p>Interstate Hotels Co, the 30-year-old company that went public last June, intends to continue its luxury-hotel buying spree and also has set its sights on acquiring a hotel management company, Chief Financial Officer J. William Richardson (corrects name throughout from W. Thomas Parrington) said in an interview.</p>
<p>&quot;We are a buyer of hotels in the luxury, upscale segment, and that is where we want to remain. We own hotels all over the United States and we do not have a particular geographic preference. We look at the opportunties as they come up,&quot; Richardson told Reuters. </p>
<p>&quot;We are also looking for a management company. There is going to be further consolidation in this area,&quot; he said.</p>
<p>&quot;We have been on a strategy of buying individual hotels because when portfolios come up for sale, the bidding often gets too heated. You often get assets you don't want and end up overpaying. But we do not preclude buying packages of hotels,&quot; Richardson said.</p>
<p>He declined comment on acqusitions or other transactions that might be in the works.  </p>
<p>Interstate is among a handful of lodging companies that is aggressively buying luxury hotels, adding to inventory that enjoys &quot;all-time high occupancy&quot; while remaining cheaper to buy rather than construct because of several waves of overbuilding since the mid-1980s, Richardson said.</p>
<p>Also in the hunt for upper-tier hotels are Host Marriott Corp, Starwood Lodging Trust and Patriot American Hospitality Inc, among others.</p>
</text>
<copyright>(c) Reuters Limited 1997</copyright>
<metadata>
<codes class="bip:countries:1.0">
  <code code="USA">
    <editdetail attribution="Reuters BIP Coding Group" action="confirmed" date="1997-03-12"/>
  </code>
</codes>
<codes class="bip:topics:1.0">
  <code code="C11">
    <editdetail attribution="Reuters BIP Coding Group" action="confirmed" date="1997-03-12"/>
  </code>
  <code code="C18">
    <editdetail attribution="Reuters BIP Coding Group" action="confirmed" date="1997-03-12"/>
  </code>
  <code code="C182">
    <editdetail attribution="Reuters BIP Coding Group" action="confirmed" date="1997-03-12"/>
  </code>
  <code code="CCAT">
    <editdetail attribution="Reuters BIP Coding Group" action="confirmed" date="1997-03-12"/>
  </code>
</codes>
<dc element="dc.date.created" value="1997-03-12"/>
<dc element="dc.publisher" value="Reuters Holdings Plc"/>
<dc element="dc.date.published" value="1997-03-12"/>
<dc element="dc.source" value="Reuters"/>
<dc element="dc.creator.location" value="NEW YORK"/>
<dc element="dc.creator.location.country.name" value="USA"/>
<dc element="dc.source" value="Reuters"/>
</metadata>
</newsitem>
