<?xml version="1.0" encoding="iso-8859-1" ?>
<newsitem itemid="435207" id="root" date="1997-03-12" xml:lang="en">
<title>USA: Enron, Ore. unable to agree on rate cut.</title>
<headline>Enron, Ore. unable to agree on rate cut.</headline>
<dateline>LOS ANGELES 1997-03-12</dateline>
<text>
<p>The staff of the Oregon Public Utility Commission (OPUC), Enron Corp, and Portland General Electric Co were unable to agree on a rate cut for the Portland utility's customers, sources close to the talks said Wednesday.</p>
<p>The sides met in Salem, Ore., Wednesday morning to negotiate terms for the companies' planned merger. An acceptable rate cut to Portland General customers is a major requirement for winning regulatory approval for the deal.</p>
<p>The talks are currently adjourned but expected to reconvene at about 1330 PST/1630 EST/2130 GMT.  </p>
<p>Oregon Public Utility Commission spokesman Mike Allegre said the commission is &quot;not hopeful&quot; of reaching agreement with the companies, which have raised their rate cut offer to $61 million.</p>
<p>The commission staff is asking for a rate reduction of $105 million before it will approve the $2.1-billion stock-for-stock merger.</p>
<p>Neither side has so far indicated over how long a period their latest proposed rate cuts would apply, though initial proposals indicated customers would see lower utility bills over a four-year period.</p>
<p>The commission staff had originally sought a rate cut of $189.6 million for Portland General customers over four years.</p>
<p>But Enron officials said the companies may ask for a hearing of the case, since the commission staff &quot;is still far apart on facts,&quot; Allegre said.</p>
<p>The commission, however, &quot;is not going to come down further. It is time to fish or cut bait,&quot; he added.</p>
<p>This afternoon's session will likely result in formalization of a tentative schedule for further commission action on the merger filing, the spokesman said.</p>
<p>That will likely include an early April target for a proposed order from the OPUC staff with written comments due at the end of April.</p>
<p>Oral arguments in the case would be heard in early May with June 4 set as the tentative deadline for a final decision by the commission.</p>
<p>The OPUC had previously set March 17 as the target for a final decision, but protracted negotiations over the rate cut issue made that impossible.</p>
<p>--D Beasley, Los Angeles bureau + 1 213 955 6761</p>
</text>
<copyright>(c) Reuters Limited 1997</copyright>
<metadata>
<codes class="bip:countries:1.0">
  <code code="USA">
    <editdetail attribution="Reuters BIP Coding Group" action="confirmed" date="1997-03-12"/>
  </code>
</codes>
<codes class="bip:industries:1.0">
  <code code="I13000">
    <editdetail attribution="Reuters BIP Coding Group" action="confirmed" date="1997-03-12"/>
  </code>
  <code code="I16100">
    <editdetail attribution="Reuters BIP Coding Group" action="confirmed" date="1997-03-12"/>
  </code>
</codes>
<codes class="bip:topics:1.0">
  <code code="C13">
    <editdetail attribution="Reuters BIP Coding Group" action="confirmed" date="1997-03-12"/>
  </code>
  <code code="C18">
    <editdetail attribution="Reuters BIP Coding Group" action="confirmed" date="1997-03-12"/>
  </code>
  <code code="C181">
    <editdetail attribution="Reuters BIP Coding Group" action="confirmed" date="1997-03-12"/>
  </code>
  <code code="C31">
    <editdetail attribution="Reuters BIP Coding Group" action="confirmed" date="1997-03-12"/>
  </code>
  <code code="CCAT">
    <editdetail attribution="Reuters BIP Coding Group" action="confirmed" date="1997-03-12"/>
  </code>
</codes>
<dc element="dc.date.created" value="1997-03-12"/>
<dc element="dc.publisher" value="Reuters Holdings Plc"/>
<dc element="dc.date.published" value="1997-03-12"/>
<dc element="dc.source" value="Reuters"/>
<dc element="dc.creator.location" value="LOS ANGELES"/>
<dc element="dc.creator.location.country.name" value="USA"/>
<dc element="dc.source" value="Reuters"/>
</metadata>
</newsitem>
