<?xml version="1.0" encoding="iso-8859-1" ?>
<newsitem itemid="435276" id="root" date="1997-03-12" xml:lang="en">
<title>USA: Spartech sees growth in fiscal 1997.</title>
<headline>Spartech sees growth in fiscal 1997.</headline>
<dateline>ST. LOUIS 1997-03-12</dateline>
<text>
<p>Spartech Corp expects another year of growth in fiscal 1997, president Bradley Buechler said in remarks prepared for delivery at the company's annual meeting Wednesday.</p>
<p>&quot;Based upon our current backlog and the benefits anticipated from a full year's impact of the 1996 acquisitions of Portage Industries and the Canadian-based Hamelin Group, we believe that Spartech will again enjoy an excellent year in fiscal 1997,&quot; Buechler said.</p>
<p>&quot;The company's search for additional expansions, perhaps a little more global in nature, along with several new product transformations, will also likely contribute to growth in the next 12 to 36 months,&quot; Buechler added.</p>
<p>Spartech produces engineered thermoplastic materials, polymeric compounds and molded products.</p>
<p>		((Reuters Chicago Newsdesk (312) 408-8787))</p>
</text>
<copyright>(c) Reuters Limited 1997</copyright>
<metadata>
<codes class="bip:countries:1.0">
  <code code="USA">
    <editdetail attribution="Reuters BIP Coding Group" action="confirmed" date="1997-03-12"/>
  </code>
</codes>
<codes class="bip:industries:1.0">
  <code code="I25140">
    <editdetail attribution="Reuters BIP Coding Group" action="confirmed" date="1997-03-12"/>
  </code>
</codes>
<codes class="bip:topics:1.0">
  <code code="C18">
    <editdetail attribution="Reuters BIP Coding Group" action="confirmed" date="1997-03-12"/>
  </code>
  <code code="C181">
    <editdetail attribution="Reuters BIP Coding Group" action="confirmed" date="1997-03-12"/>
  </code>
  <code code="CCAT">
    <editdetail attribution="Reuters BIP Coding Group" action="confirmed" date="1997-03-12"/>
  </code>
</codes>
<dc element="dc.date.created" value="1997-03-12"/>
<dc element="dc.publisher" value="Reuters Holdings Plc"/>
<dc element="dc.date.published" value="1997-03-12"/>
<dc element="dc.source" value="Reuters"/>
<dc element="dc.creator.location" value="ST. LOUIS"/>
<dc element="dc.creator.location.country.name" value="USA"/>
<dc element="dc.source" value="Reuters"/>
</metadata>
</newsitem>
