<?xml version="1.0" encoding="iso-8859-1" ?>
<newsitem itemid="435239" id="root" date="1997-03-12" xml:lang="en">
<title>USA: Advanced Micro shares rise on new chip.</title>
<headline>Advanced Micro shares rise on new chip.</headline>
<dateline>LOS ANGELES 1997-03-12</dateline>
<text>
<p>Shares of Advanced Micro Devices Inc rose 3-7/8 to 45-5/8 by mid-afternoon Wednesday behind positive comments by one analyst and heightened feelings its new K6 microchip will be welcomed by computer makers.</p>
<p>&quot;The increasing sense is that the K6 is for real and will be coming out in the second quarter,&quot; said Dan Klesken, analyst at Robertson Stephens &amp; Co.</p>
<p>He also said a recently signed deal by Cyrix Corp to make microprocessors for Compaq Computer Corp has led industry watchers to think computer makers are now willing to use chips made by rivals of giant Intel Corp.  </p>
<p>&quot;Compaq's move shows us the customers, PC OEMs (original equipment manufacturers), have a little more open mind to work with the Cyrixes and AMDs of the world,&quot; Klesken said.</p>
<p>The K6 chip is Advanced Micro Devices' competing product to Intel's high-end Pentium microprocessors and its new Pentium II chip set to be launched in the second quarter.</p>
<p>An Advanced Micro spokesman noted the K6's launch, also set for the second quarter, marks the first time Advanced Micro has launched a direct competitor to an Intel chip in the same time frame as Intel.  </p>
<p>Recent reviews in two German magazines said the Pentium II's performance paled in comparison to the K6, according to a report in today's New York Times.</p>
<p>Also, Prudential Securities analyst Mark Edelstone reiterated a buy rating on Advanced Micro's stock and raised his 12-month price target to $90 a share from $40.  He based the new target on a 1998 earnings estimate of $5.25 a share.</p>
</text>
<copyright>(c) Reuters Limited 1997</copyright>
<metadata>
<codes class="bip:countries:1.0">
  <code code="USA">
    <editdetail attribution="Reuters BIP Coding Group" action="confirmed" date="1997-03-12"/>
  </code>
</codes>
<codes class="bip:industries:1.0">
  <code code="I34531">
    <editdetail attribution="Reuters BIP Coding Group" action="confirmed" date="1997-03-12"/>
  </code>
</codes>
<codes class="bip:topics:1.0">
  <code code="C15">
    <editdetail attribution="Reuters BIP Coding Group" action="confirmed" date="1997-03-12"/>
  </code>
  <code code="C152">
    <editdetail attribution="Reuters BIP Coding Group" action="confirmed" date="1997-03-12"/>
  </code>
  <code code="C22">
    <editdetail attribution="Reuters BIP Coding Group" action="confirmed" date="1997-03-12"/>
  </code>
  <code code="CCAT">
    <editdetail attribution="Reuters BIP Coding Group" action="confirmed" date="1997-03-12"/>
  </code>
</codes>
<dc element="dc.date.created" value="1997-03-12"/>
<dc element="dc.publisher" value="Reuters Holdings Plc"/>
<dc element="dc.date.published" value="1997-03-12"/>
<dc element="dc.source" value="Reuters"/>
<dc element="dc.creator.location" value="LOS ANGELES"/>
<dc element="dc.creator.location.country.name" value="USA"/>
<dc element="dc.source" value="Reuters"/>
</metadata>
</newsitem>
