<?xml version="1.0" encoding="iso-8859-1" ?>
<newsitem itemid="435224" id="root" date="1997-03-12" xml:lang="en">
<title>USA: Mosinee awaits Nasdaq probe of stock drop.</title>
<headline>Mosinee awaits Nasdaq probe of stock drop.</headline>
<dateline>CHICAGO 1997-03-12</dateline>
<text>
<p>Mosinee Paper Corp said Wednesday it expects a report later this week from Nasdaq on an inquiry the company made into a sharp drop in its stock at the end of February.</p>
<p>&quot;We may end up on a different stock exchange if there isn't a good answer for it,&quot; Daniel Olvey, chief executive of the Mosinee, Wisconsin-based paper manufacturer, said in an interview.</p>
<p>According to Olvey, the stock fell 4-1/2 points in just over an hour around noon, on 33,000 shares. The stock ended that day down three at 33-1/4.  </p>
<p>&quot;That happened on absolutely no announcement or no news,&quot; Olvey said.</p>
<p>Average daily volume in the stock was 21,500 in 1996, but jumped to 57,000 in the first two months of 1997, according to a Nasdaq spokesman.</p>
<p>Olvey would not speculate on what might have caused the stock to drop.</p>
<p>The Nasdaq spokesman said the exchange was aware of the Mosinee situation, but would not comment on any specific action it was taking.</p>
<p>&quot;We are aware of the activity and in general we would look at the trading patterns,&quot; the spokesman said.</p>
<p>Mosinee shares were up 3/4 at 35-3/4 Wednesday on volume of 3,200 shares.</p>
<p>((Chicago newsdesk, 312-408-8787))</p>
</text>
<copyright>(c) Reuters Limited 1997</copyright>
<metadata>
<codes class="bip:countries:1.0">
  <code code="USA">
    <editdetail attribution="Reuters BIP Coding Group" action="confirmed" date="1997-03-12"/>
  </code>
</codes>
<codes class="bip:industries:1.0">
  <code code="I47100">
    <editdetail attribution="Reuters BIP Coding Group" action="confirmed" date="1997-03-12"/>
  </code>
</codes>
<codes class="bip:topics:1.0">
  <code code="C15">
    <editdetail attribution="Reuters BIP Coding Group" action="confirmed" date="1997-03-12"/>
  </code>
  <code code="C152">
    <editdetail attribution="Reuters BIP Coding Group" action="confirmed" date="1997-03-12"/>
  </code>
  <code code="CCAT">
    <editdetail attribution="Reuters BIP Coding Group" action="confirmed" date="1997-03-12"/>
  </code>
</codes>
<dc element="dc.date.created" value="1997-03-12"/>
<dc element="dc.publisher" value="Reuters Holdings Plc"/>
<dc element="dc.date.published" value="1997-03-12"/>
<dc element="dc.source" value="Reuters"/>
<dc element="dc.creator.location" value="CHICAGO"/>
<dc element="dc.creator.location.country.name" value="USA"/>
<dc element="dc.source" value="Reuters"/>
</metadata>
</newsitem>
