<?xml version="1.0" encoding="iso-8859-1" ?>
<newsitem itemid="435255" id="root" date="1997-03-12" xml:lang="en">
<title>USA: Torotel Inc Q3 Jan 31 earnings fall.</title>
<headline>Torotel Inc Q3 Jan 31 earnings fall.</headline>
<dateline>KANSAS CITY, Mo. 1997-03-12</dateline>
<text>
<p>1997			1996</p>
<p> Shr profit		 $0.03   profit	 $0.04</p>
<p> Net profit		    81   profit	   119</p>
<p> Revs			 3,506		    3,688</p>
<p> Avg shrs		   2,820		    2,847</p>
<p>(All data above 000s except per share numbers)</p>
<p>	  9  MONTHS</p>
<p> Shr loss		   $0.20   profit	 $0.12</p>
<p> Net loss		     549   profit	   332</p>
<p> Revs			11,341		   11,943</p>
<p> Avg shrs		   2,801		    2,808</p>
<p>(All data above 000s except per share numbers)</p>
<p>((Chicago newsdesk (312) 408-8787))</p>
</text>
<copyright>(c) Reuters Limited 1997</copyright>
<metadata>
<codes class="bip:countries:1.0">
  <code code="USA">
    <editdetail attribution="Reuters BIP Coding Group" action="confirmed" date="1997-03-12"/>
  </code>
</codes>
<codes class="bip:industries:1.0">
  <code code="I32200">
    <editdetail attribution="Reuters BIP Coding Group" action="confirmed" date="1997-03-12"/>
  </code>
</codes>
<codes class="bip:topics:1.0">
  <code code="C15">
    <editdetail attribution="Reuters BIP Coding Group" action="confirmed" date="1997-03-12"/>
  </code>
  <code code="C151">
    <editdetail attribution="Reuters BIP Coding Group" action="confirmed" date="1997-03-12"/>
  </code>
  <code code="CCAT">
    <editdetail attribution="Reuters BIP Coding Group" action="confirmed" date="1997-03-12"/>
  </code>
</codes>
<dc element="dc.date.created" value="1997-03-12"/>
<dc element="dc.publisher" value="Reuters Holdings Plc"/>
<dc element="dc.date.published" value="1997-03-12"/>
<dc element="dc.source" value="Reuters"/>
<dc element="dc.creator.location" value="KANSAS CITY, Mo."/>
<dc element="dc.creator.location.country.name" value="USA"/>
<dc element="dc.source" value="Reuters"/>
</metadata>
</newsitem>
