<?xml version="1.0" encoding="iso-8859-1" ?>
<newsitem itemid="435273" id="root" date="1997-03-12" xml:lang="en">
<title>USA: Allou Health stake upped by Kenneth Dart.</title>
<headline>Allou Health stake upped by Kenneth Dart.</headline>
<dateline>WASHINGTON 1997-03-12</dateline>
<text>
<p>Kenneth Dart, President of Dart Container Corp, said Wednesday he raised his stake in Allou Health and Beauty Care Inc to 412,600 Class A common shares or 9.06 percent from 7.98 percent held previously.</p>
<p>In a filing with the Securities and Exchange Commission, Dart said his latest transactions include the purchase of 49,500 common shares between February 27 and March 6 at prices ranging from $6.375 to $6.50 per share.</p>
<p>Dart Container Corp is a Mason, Mich.-based maker of polystyrene cups, plastic cultery and dinnerware.</p>
<p>The latest purchases were made through Ross Financial Corp, one of Dart Financial's affiliates.  Dart holds the stake as a long-term passive investment.</p>
<p>Allou, based Brentwood, NJ., is engaged in the distribution of health aid products, fragrances and cosmetics.</p>
</text>
<copyright>(c) Reuters Limited 1997</copyright>
<metadata>
<codes class="bip:countries:1.0">
  <code code="USA">
    <editdetail attribution="Reuters BIP Coding Group" action="confirmed" date="1997-03-12"/>
  </code>
</codes>
<codes class="bip:industries:1.0">
  <code code="I25800">
    <editdetail attribution="Reuters BIP Coding Group" action="confirmed" date="1997-03-12"/>
  </code>
</codes>
<codes class="bip:topics:1.0">
  <code code="C18">
    <editdetail attribution="Reuters BIP Coding Group" action="confirmed" date="1997-03-12"/>
  </code>
  <code code="C181">
    <editdetail attribution="Reuters BIP Coding Group" action="confirmed" date="1997-03-12"/>
  </code>
  <code code="CCAT">
    <editdetail attribution="Reuters BIP Coding Group" action="confirmed" date="1997-03-12"/>
  </code>
</codes>
<dc element="dc.date.created" value="1997-03-12"/>
<dc element="dc.publisher" value="Reuters Holdings Plc"/>
<dc element="dc.date.published" value="1997-03-12"/>
<dc element="dc.source" value="Reuters"/>
<dc element="dc.creator.location" value="WASHINGTON"/>
<dc element="dc.creator.location.country.name" value="USA"/>
<dc element="dc.source" value="Reuters"/>
</metadata>
</newsitem>
