<?xml version="1.0" encoding="iso-8859-1" ?>
<newsitem itemid="435249" id="root" date="1997-03-12" xml:lang="en">
<title>USA: Rubin says inflation to remain at &quot;quite low rate&quot;.</title>
<headline>Rubin says inflation to remain at &quot;quite low rate&quot;.</headline>
<dateline>NEW YORK 1997-03-12</dateline>
<text>
<p>U.S. Treasury Secretary Robert Rubin said evidence continues to suggest that inflation in the U.S. will remain at under control.</p>
<p>&quot;Everything that I can see suggests that inflation is very likely to remain ... at a quite low rate,&quot; Rubin told reporters here on Wednesday.  </p>
<p>As for the two open positions at the Federal Reserve Board of Governors, the Treasury Secretary said the Clinton administration is close to selecting its candidates.</p>
<p>&quot;I think we are quite close to having a decision and I hope we will have an announcement fairly soon,&quot; he said.</p>
<p>There are two vacancies at the Fed Board. Janet Yellen left to become Chairwoman of the Council of Economic Advisers, while Lawrence Lindsey is joining the American Enterprise Institute.</p>
<p>(( -- N.A. Treasury Desk, 212-859-1660 ))</p>
</text>
<copyright>(c) Reuters Limited 1997</copyright>
<metadata>
<codes class="bip:countries:1.0">
  <code code="USA">
    <editdetail attribution="Reuters BIP Coding Group" action="confirmed" date="1997-03-12"/>
  </code>
</codes>
<codes class="bip:topics:1.0">
  <code code="E12">
    <editdetail attribution="Reuters BIP Coding Group" action="confirmed" date="1997-03-12"/>
  </code>
  <code code="E13">
    <editdetail attribution="Reuters BIP Coding Group" action="confirmed" date="1997-03-12"/>
  </code>
  <code code="E131">
    <editdetail attribution="Reuters BIP Coding Group" action="confirmed" date="1997-03-12"/>
  </code>
  <code code="ECAT">
    <editdetail attribution="Reuters BIP Coding Group" action="confirmed" date="1997-03-12"/>
  </code>
</codes>
<dc element="dc.date.created" value="1997-03-12"/>
<dc element="dc.publisher" value="Reuters Holdings Plc"/>
<dc element="dc.date.published" value="1997-03-12"/>
<dc element="dc.source" value="Reuters"/>
<dc element="dc.creator.location" value="NEW YORK"/>
<dc element="dc.creator.location.country.name" value="USA"/>
<dc element="dc.source" value="Reuters"/>
</metadata>
</newsitem>
