<?xml version="1.0" encoding="iso-8859-1" ?>
<newsitem itemid="435252" id="root" date="1997-03-12" xml:lang="en">
<title>USA: BTi delisted from Nasdaq.</title>
<headline>BTi delisted from Nasdaq.</headline>
<dateline>SAN DIEGO 1997-03-11</dateline>
<text>
<p>Biomagnetic Technologies Inc said it received notice on March 10 from Nasdaq that it is in violation of the Nasdaq listing criteria requiring a minimum of $4 million in net tangible assets.</p>
<p>Consequently, Biomagnetic will no longer be listed on the Nasdaq National Market System effective on the close of business on March 10.</p>
</text>
<copyright>(c) Reuters Limited 1997</copyright>
<metadata>
<codes class="bip:countries:1.0">
  <code code="USA">
    <editdetail attribution="Reuters BIP Coding Group" action="confirmed" date="1997-03-12"/>
  </code>
</codes>
<codes class="bip:industries:1.0">
  <code code="I37200">
    <editdetail attribution="Reuters BIP Coding Group" action="confirmed" date="1997-03-12"/>
  </code>
</codes>
<codes class="bip:topics:1.0">
  <code code="C14">
    <editdetail attribution="Reuters BIP Coding Group" action="confirmed" date="1997-03-12"/>
  </code>
  <code code="CCAT">
    <editdetail attribution="Reuters BIP Coding Group" action="confirmed" date="1997-03-12"/>
  </code>
</codes>
<dc element="dc.date.created" value="1997-03-11"/>
<dc element="dc.publisher" value="Reuters Holdings Plc"/>
<dc element="dc.date.published" value="1997-03-12"/>
<dc element="dc.source" value="Reuters"/>
<dc element="dc.creator.location" value="SAN DIEGO"/>
<dc element="dc.creator.location.country.name" value="USA"/>
<dc element="dc.source" value="Reuters"/>
</metadata>
</newsitem>
