<?xml version="1.0" encoding="iso-8859-1" ?>
<newsitem itemid="435240" id="root" date="1997-03-12" xml:lang="en">
<title>USA: COMEX copper ends lower on moderate volumes.</title>
<headline>COMEX copper ends lower on moderate volumes.</headline>
<dateline>NEW YORK 1997-03-12</dateline>
<text>
<p>COMEX copper ended lower Wednesday, on moderate volumes, in line with LME copper, as the market gave back a little more of last week's gains.</p>
<p>&quot;It really wasn't too significant a day, but there was some buying at the lows and some bidding for LME Long Beach (warehouse) warrants, probably reflecting Far East demand,&quot; Iceni Commodities trader Tony Ellis said.</p>
<p>COMEX May copper ended down 1.80 cents at 108.85 cents, after trading a 110.95-108.10 range. Estimated total volume for COMEX copper futures was 10,000 lots.</p>
<p>Wednesday's downmove still looks to be a correction in the four-month old uptrend which took copper to eight month highs last week, analysts said.</p>
<p>But the COMEX May/July backwardation slipped further to 3.00 cents from 3.30 cents Tuesday, while the LME cash-to-three month spread was steady around $64.00 a tonne, after slipping back from highs above $300 a tonne in recent weeks, suggesting seasonal demand and prompt market tightness is easing, traders said.</p>
<p>Smaller-than-expected LME inventory declines recently have dampened bullish sentiment, analysts said, but LME copper stocks at 205,525 are still below the recent highs of 275,275 tonnes seen last August and the end-March 1996 total of 345,000 tonnes.</p>
<p>Japanese purchases for tariff-free GSP imports of around 50,000 tonnes ahead of the April 1 deadline should prove to be a near-term supportive factor also, analysts said.</p>
<p>-Clive McKeef, New York Commodities Desk, +1-212-859-1641</p>
<p>- email: clive.mckeef @ reuters.com</p>
</text>
<copyright>(c) Reuters Limited 1997</copyright>
<metadata>
<codes class="bip:countries:1.0">
  <code code="USA">
    <editdetail attribution="Reuters BIP Coding Group" action="confirmed" date="1997-03-12"/>
  </code>
</codes>
<codes class="bip:topics:1.0">
  <code code="M14">
    <editdetail attribution="Reuters BIP Coding Group" action="confirmed" date="1997-03-12"/>
  </code>
  <code code="M142">
    <editdetail attribution="Reuters BIP Coding Group" action="confirmed" date="1997-03-12"/>
  </code>
  <code code="MCAT">
    <editdetail attribution="Reuters BIP Coding Group" action="confirmed" date="1997-03-12"/>
  </code>
</codes>
<dc element="dc.date.created" value="1997-03-12"/>
<dc element="dc.publisher" value="Reuters Holdings Plc"/>
<dc element="dc.date.published" value="1997-03-12"/>
<dc element="dc.source" value="Reuters"/>
<dc element="dc.creator.location" value="NEW YORK"/>
<dc element="dc.creator.location.country.name" value="USA"/>
<dc element="dc.source" value="Reuters"/>
</metadata>
</newsitem>
