<?xml version="1.0" encoding="iso-8859-1" ?>
<newsitem itemid="435272" id="root" date="1997-03-12" xml:lang="en">
<title>USA: 360 Communications sells $200 mln notes.</title>
<headline>360 Communications sells $200 mln notes.</headline>
<dateline>NEW YORK 1997-03-12</dateline>
<text>
<p>The following debt issue from 360 Communications Co was priced on Wednesday, according to lead manager Salomon Brothers.</p>
<p>360 Communications is a cellular telephone company that also offers residental long distance and paging services.</p>
<p>BORROWER 360 COMMUNICATIONS CO</p>
<p>AMT $200 MLN	 COUPON 7.60 PCT   MATURITY 4/1/2009</p>
<p>TYPE NOTES	   ISS PRICE 99.838  FIRST PAY DATE 10/1/1997</p>
<p>LAST MOODY'S BA1   YIELD 7.62 PCT    PAY FREQ SEMI-ANNUAL</p>
<p>LAST S&amp;P BBB-MINUS SPREAD 103 BPS    MAKE-WHOLE CALL AT 20</p>
<p>						 BASIS POINTS OVER U.S.</p>
<p>						     TREASURIES</p>
<p>((--U.S. Corporate Bond Unit, 212 859-1678))</p>
</text>
<copyright>(c) Reuters Limited 1997</copyright>
<metadata>
<codes class="bip:countries:1.0">
  <code code="USA">
    <editdetail attribution="Reuters BIP Coding Group" action="confirmed" date="1997-03-12"/>
  </code>
</codes>
<codes class="bip:topics:1.0">
  <code code="C17">
    <editdetail attribution="Reuters BIP Coding Group" action="confirmed" date="1997-03-12"/>
  </code>
  <code code="C172">
    <editdetail attribution="Reuters BIP Coding Group" action="confirmed" date="1997-03-12"/>
  </code>
  <code code="CCAT">
    <editdetail attribution="Reuters BIP Coding Group" action="confirmed" date="1997-03-12"/>
  </code>
</codes>
<dc element="dc.date.created" value="1997-03-12"/>
<dc element="dc.publisher" value="Reuters Holdings Plc"/>
<dc element="dc.date.published" value="1997-03-12"/>
<dc element="dc.source" value="Reuters"/>
<dc element="dc.creator.location" value="NEW YORK"/>
<dc element="dc.creator.location.country.name" value="USA"/>
<dc element="dc.source" value="Reuters"/>
</metadata>
</newsitem>
