<?xml version="1.0" encoding="iso-8859-1" ?>
<newsitem itemid="435242" id="root" date="1997-03-12" xml:lang="en">
<title>USA: CSCE world sugar ends near lows but support intact.</title>
<headline>CSCE world sugar ends near lows but support intact.</headline>
<dateline>NEW YORK 1997-03-12</dateline>
<text>
<p>CSCE world sugar futures ended weaker but over support Wednesday, having set its range early and drifting listlessly for the remainder of the session, floor sources said.</p>
<p>Mixed selling pressured the most-active May contract to its downside target of 10.75 cents early, but short-covering carried prices off the lows by midsession.</p>
<p>A dearth of fundamental news contributed to the session's dull tone, market analysts said.</p>
<p>Technically, a move under support could fuel additional losses and pressure May to 10.50 cents. Resistance was seen at the key psychological 11.00 cent mark and then at the recent high of 11.09 basis May.</p>
<p>Players said the close near the lows positions the market for a test of support on Thursday.</p>
<p>The spot month ended down 0.15 to 10.77 cents a lb, having ranged from 10.88 to 10.75 cents. The back months settled 0.10 to 0.07 cent lower.</p>
<p>Volume was estimated at 19,020 lots compared with the official 13,513 lots Tuesday.</p>
<p>Trade buying in the May/July spread was noted on a scale-down basis. The spread finished at 0.22 from 0.27 cent Tuesday.</p>
<p>((Suzanne Rostler, New York Commodity Desk, 212-859-1640))</p>
</text>
<copyright>(c) Reuters Limited 1997</copyright>
<metadata>
<codes class="bip:countries:1.0">
  <code code="USA">
    <editdetail attribution="Reuters BIP Coding Group" action="confirmed" date="1997-03-12"/>
  </code>
</codes>
<codes class="bip:topics:1.0">
  <code code="M14">
    <editdetail attribution="Reuters BIP Coding Group" action="confirmed" date="1997-03-12"/>
  </code>
  <code code="M141">
    <editdetail attribution="Reuters BIP Coding Group" action="confirmed" date="1997-03-12"/>
  </code>
  <code code="MCAT">
    <editdetail attribution="Reuters BIP Coding Group" action="confirmed" date="1997-03-12"/>
  </code>
</codes>
<dc element="dc.date.created" value="1997-03-12"/>
<dc element="dc.publisher" value="Reuters Holdings Plc"/>
<dc element="dc.date.published" value="1997-03-12"/>
<dc element="dc.source" value="Reuters"/>
<dc element="dc.creator.location" value="NEW YORK"/>
<dc element="dc.creator.location.country.name" value="USA"/>
<dc element="dc.source" value="Reuters"/>
</metadata>
</newsitem>
