<?xml version="1.0" encoding="iso-8859-1" ?>
<newsitem itemid="435279" id="root" date="1997-03-12" xml:lang="en">
<title>USA: Stainless prices up, but outlook cautious-analysts.</title>
<headline>Stainless prices up, but outlook cautious-analysts.</headline>
<dateline>PITTSBURGH 1997-03-12</dateline>
<text>
<p>U.S. stainless steel prices have improved so far this year following last year's severe deterioration, but the jury is out on whether producers can increase them any further due to continuing import pressure and a threat from new capacity, industry analysts and sources said.</p>
<p>&quot;I think the risk of a downturn in stainless is behind us, but (recent price improvement) still doesn't equate to a rebound of significant proportions,&quot; said Aldo Mazzaferro at Deutsche Morgan Grenfell. &quot;I'm still very cautious on the outlook for stainless.&quot;</p>
<p>Flat-rolled stainless steel prices, after peaking in late '95, fell as much as 27 percent last year due to downward pressure from imports. Economies in Europe and Asia softened, causing producers there to send more steel to the more lucrative U.S. market.</p>
<p>Lower prices caused earnings to plummet last year for the four major U.S. producers -- Allegheny Teledyne Inc, J&amp;L Specialty Steel Inc, Lukens Inc and Armco Inc.</p>
<p>But U.S. producers, buoyed by improving economies overseas, implemented a 5 percent price hike earlier this month and another 5 percent increase is scheduled to take effect in May.</p>
<p>Industry analysts and steel buyers said the March increase has held in the market because imports have eased a bit due to stronger foreign economies.</p>
<p>But sources said the May increase could be jeopardized because foreign prices, while improving, are still lower than U.S. tags and global stainless production is expected to increase this year, primarily due to new capacity in Asia and South Africa.</p>
<p>Analysts also said the successful March increase won't lead to significant earnings improvement for U.S. producers, because nickel prices have risen in recent months. Nickel is a main raw material in stainless steel production.</p>
<p>&quot;Nickel prices are up a lot...the March increase will be offset by higher nickel costs,&quot; said Chuck Bradford at UBS Securities.</p>
<p>Steel buyers said the March increase has held but they were somewhat skeptical toward the May increase because foreign material is still available.</p>
<p>&quot;I didn't think the March increase was going to fly and it did,&quot; said a purchasing manager at a Southeast service center. But he said even though imports have eased they are still entering the market, throwing the May increase into question.</p>
<p>&quot;I know my competitors have received quite a bit of import material within the last couple of months and as long as there's this price spread it will continue to come in,&quot; he said.</p>
<p>Analysts said in some cases U.S. material is selling for $2,000 per short ton versus $1,600 per short ton for foreign steel, a smaller price gap than last year.</p>
<p>&quot;Imports are on a pretty good down trend because prices are getting better overseas,&quot; said Bradford. &quot;But I'd give the May increase a 50/50 shot (of succeeding.&quot;)</p>
</text>
<copyright>(c) Reuters Limited 1997</copyright>
<metadata>
<codes class="bip:countries:1.0">
  <code code="USA">
    <editdetail attribution="Reuters BIP Coding Group" action="confirmed" date="1997-03-12"/>
  </code>
</codes>
<codes class="bip:industries:1.0">
  <code code="I21000">
    <editdetail attribution="Reuters BIP Coding Group" action="confirmed" date="1997-03-12"/>
  </code>
  <code code="I22100">
    <editdetail attribution="Reuters BIP Coding Group" action="confirmed" date="1997-03-12"/>
  </code>
</codes>
<codes class="bip:topics:1.0">
  <code code="C31">
    <editdetail attribution="Reuters BIP Coding Group" action="confirmed" date="1997-03-12"/>
  </code>
  <code code="CCAT">
    <editdetail attribution="Reuters BIP Coding Group" action="confirmed" date="1997-03-12"/>
  </code>
  <code code="M14">
    <editdetail attribution="Reuters BIP Coding Group" action="confirmed" date="1997-03-12"/>
  </code>
  <code code="M142">
    <editdetail attribution="Reuters BIP Coding Group" action="confirmed" date="1997-03-12"/>
  </code>
  <code code="MCAT">
    <editdetail attribution="Reuters BIP Coding Group" action="confirmed" date="1997-03-12"/>
  </code>
</codes>
<dc element="dc.date.created" value="1997-03-12"/>
<dc element="dc.publisher" value="Reuters Holdings Plc"/>
<dc element="dc.date.published" value="1997-03-12"/>
<dc element="dc.source" value="Reuters"/>
<dc element="dc.creator.location" value="PITTSBURGH"/>
<dc element="dc.creator.location.country.name" value="USA"/>
<dc element="dc.source" value="Reuters"/>
</metadata>
</newsitem>
