<?xml version="1.0" encoding="iso-8859-1" ?>
<newsitem itemid="435213" id="root" date="1997-03-12" xml:lang="en">
<title>USA: CSCE coffee ends down sharply in a correction.</title>
<headline>CSCE coffee ends down sharply in a correction.</headline>
<dateline>NEW YORK 1997-03-12</dateline>
<text>
<p>CSCE coffee prices pulled back sharply on Wednesday as speculators took profits following two straight sessions of gains, traders said.</p>
<p>&quot;It was just a correction,&quot; one trader said. &quot;Some technical profit taking rather than anything else.&quot;</p>
<p>Prices bounced on either side of unchanged for much of the session, but the market slid toward session lows late amid heavy long liquidation.</p>
<p>Most-active May ended down 7.05 cents at 196.10 cents a lb after trading from 205.50 to 195.00. Spot March closed 3.35 cents lower at 215.65 cents, while the rest finished unchanged to down 5.20.</p>
<p>Traders said active May's failure to get past near-term resistance at 205.50 cents inspired the bout of profit taking.</p>
<p>&quot;For two successive days it failed to get past 205.50,&quot; said Refco In analyst Ann Prendergast, &quot;and locals and specs took profits.&quot;</p>
<p>However, Prendergast said the widening of the nearby March/May switch to 19.55 cents from 15.85 cents Tuesday could be seen as a buy signal.</p>
<p>Traders brushed aside news that Colombia's largest truck drivers' association is preparing its second nationwide stoppage in five months.</p>
<p>&quot;All this Colombian situation is in the market,&quot; one trader said. &quot;They settled strikes and the market should have gone down but it kept making new highs.&quot;</p>
<p>The Colombian Truckers' Association (ACC) will set the start date for the strike at a meeting on March 22, one of the organization's senior officials told Reuters this week.</p>
<p>Technically, PaineWebber analyst Bernard Savaiko said today's outside range day -- surpassing Tuesday's high but closing beneath its low -- could weigh on sentiment.</p>
<p>&quot;The real test is if May can trade below Monday's low of 185.20,&quot; Savaiko said, adding a break of that level may confirm that the recent rally was over.</p>
<p>After Wednesday's close, the CSCE reported certified coffee stocks grew for the fifth day in a row, reaching 38,083 60-kg bags as of March 11. There were an additional 14,246 bags pending grading, the exchange said.</p>
<p>With less than a week left to go before the spot March contract goes off the board, its open interest was still relatively high at 1,003 lots -- or the equivalent of more than 250,000 bags of coffee.</p>
<p>Also after the close, Maxwell House Coffee Co said it revised its increase on the list price of its standard 13-ounce can of coffee to 60 cents from the 45-cent increase announced Feb 21, due to the price of green coffee on the world's futures markets, the company said.</p>
<p>The increase, which takes effect March 31, brings the price for a standard can to $2.86, the Maxwell House said.</p>
<p>Today's turnover was estimated at 10,413 lots, compared with Tuesday's official tally of 12,061 lots. ((--Patricia Avidan, New York Commodity Desk +1 212 859 1640))</p>
</text>
<copyright>(c) Reuters Limited 1997</copyright>
<metadata>
<codes class="bip:countries:1.0">
  <code code="USA">
    <editdetail attribution="Reuters BIP Coding Group" action="confirmed" date="1997-03-12"/>
  </code>
</codes>
<codes class="bip:topics:1.0">
  <code code="M14">
    <editdetail attribution="Reuters BIP Coding Group" action="confirmed" date="1997-03-12"/>
  </code>
  <code code="M141">
    <editdetail attribution="Reuters BIP Coding Group" action="confirmed" date="1997-03-12"/>
  </code>
  <code code="MCAT">
    <editdetail attribution="Reuters BIP Coding Group" action="confirmed" date="1997-03-12"/>
  </code>
</codes>
<dc element="dc.date.created" value="1997-03-12"/>
<dc element="dc.publisher" value="Reuters Holdings Plc"/>
<dc element="dc.date.published" value="1997-03-12"/>
<dc element="dc.source" value="Reuters"/>
<dc element="dc.creator.location" value="NEW YORK"/>
<dc element="dc.creator.location.country.name" value="USA"/>
<dc element="dc.source" value="Reuters"/>
</metadata>
</newsitem>
