<?xml version="1.0" encoding="iso-8859-1" ?>
<newsitem itemid="435228" id="root" date="1997-03-12" xml:lang="en">
<title>USA: Sunrise Educational Services Inc Q2 loss.</title>
<headline>Sunrise Educational Services Inc Q2 loss.</headline>
<dateline>SCOTTSDALE, Ariz. 1997-03-12</dateline>
<text>
<p>FINANCIAL HIGHLIGHTS (UNAUDITED)</p>
<p>		    SIX MONTHS ENDED	     THREE MONTHS ENDED</p>
<p>				 JANUARY 31,		  JANUARY 31,</p>
<p>			  1997	 1996	     1997	  1996</p>
<p>OPERATING REVENUE</p>
<p>		$6,342,854   $4,739,761    $3,100,226   $2,304,215</p>
<p>OPERATING EXPENSE</p>
<p>		 6,388,501    4,769,453     3,264,451    2,413,055</p>
<p>LOSS FROM OPERATIONS</p>
<p>		  (45,647)     (29,692)     (164,225)    (108,840)</p>
<p>NON-OPERATING INCOME</p>
<p>		    48,248	  8,765	  30,621	 16,213</p>
<p>NET INCOME (LOSS)</p>
<p>		    $2,601    $(20,927)    $(133,604)    $(92,627)</p>
<p>NET INCOME (LOSS) PER</p>
<p>COMMON SHARE AND COMMON</p>
<p>SHARE EQUIVALENT</p>
<p>		   $(0.09)	$(0.03)	 $(0.09)	$(0.05)</p>
</text>
<copyright>(c) Reuters Limited 1997</copyright>
<metadata>
<codes class="bip:countries:1.0">
  <code code="USA">
    <editdetail attribution="Reuters BIP Coding Group" action="confirmed" date="1997-03-12"/>
  </code>
</codes>
<codes class="bip:topics:1.0">
  <code code="C15">
    <editdetail attribution="Reuters BIP Coding Group" action="confirmed" date="1997-03-12"/>
  </code>
  <code code="C151">
    <editdetail attribution="Reuters BIP Coding Group" action="confirmed" date="1997-03-12"/>
  </code>
  <code code="CCAT">
    <editdetail attribution="Reuters BIP Coding Group" action="confirmed" date="1997-03-12"/>
  </code>
</codes>
<dc element="dc.date.created" value="1997-03-12"/>
<dc element="dc.publisher" value="Reuters Holdings Plc"/>
<dc element="dc.date.published" value="1997-03-12"/>
<dc element="dc.source" value="Reuters"/>
<dc element="dc.creator.location" value="SCOTTSDALE, Ariz."/>
<dc element="dc.creator.location.country.name" value="USA"/>
<dc element="dc.source" value="Reuters"/>
</metadata>
</newsitem>
