<?xml version="1.0" encoding="iso-8859-1" ?>
<newsitem itemid="435211" id="root" date="1997-03-12" xml:lang="en">
<title>USA: Thermo Electron Q4 Dec 28 earnings summary.</title>
<headline>Thermo Electron Q4 Dec 28 earnings summary.</headline>
<dateline>WALTHAM, Mass. 1997-03-12</dateline>
<text>
<p>1996		  1995</p>
<p>Shr			    $    0.36	   $    0.29</p>
<p>Net				 53,632		38,304</p>
<p>Revs			     794,433	     646,958</p>
<p>Avg Shrs			 149,540	     131,329</p>
<p>12 Months</p>
<p>Shr			    $    1.35	   $     1.10</p>
<p>Net				190,816		139,582</p>
<p>Revenues		     2,932,558	    2,270,291</p>
<p>Avg Shrs			 141,525		126,626</p>
<p>(Figures '000s except per share data)</p>
<p>Full company name is Thermo Electron Corp.</p>
<p>(( --New York Newsdesk 212-859-1610))</p>
</text>
<copyright>(c) Reuters Limited 1997</copyright>
<metadata>
<codes class="bip:countries:1.0">
  <code code="USA">
    <editdetail attribution="Reuters BIP Coding Group" action="confirmed" date="1997-03-12"/>
  </code>
</codes>
<codes class="bip:industries:1.0">
  <code code="I34000">
    <editdetail attribution="Reuters BIP Coding Group" action="confirmed" date="1997-03-12"/>
  </code>
</codes>
<codes class="bip:topics:1.0">
  <code code="C15">
    <editdetail attribution="Reuters BIP Coding Group" action="confirmed" date="1997-03-12"/>
  </code>
  <code code="C151">
    <editdetail attribution="Reuters BIP Coding Group" action="confirmed" date="1997-03-12"/>
  </code>
  <code code="C1511">
    <editdetail attribution="Reuters BIP Coding Group" action="confirmed" date="1997-03-12"/>
  </code>
  <code code="CCAT">
    <editdetail attribution="Reuters BIP Coding Group" action="confirmed" date="1997-03-12"/>
  </code>
</codes>
<dc element="dc.date.created" value="1997-03-12"/>
<dc element="dc.publisher" value="Reuters Holdings Plc"/>
<dc element="dc.date.published" value="1997-03-12"/>
<dc element="dc.source" value="Reuters"/>
<dc element="dc.creator.location" value="WALTHAM, Mass."/>
<dc element="dc.creator.location.country.name" value="USA"/>
<dc element="dc.source" value="Reuters"/>
</metadata>
</newsitem>
