<?xml version="1.0" encoding="iso-8859-1" ?>
<newsitem itemid="435268" id="root" date="1997-03-12" xml:lang="en">
<title>USA: S&amp;P buys Argentina's Risk Annalysis.</title>
<headline>S&amp;P buys Argentina's Risk Annalysis.</headline>
<dateline>NEW YORK 1997-03-12</dateline>
<text>
<p>McGraw-Hill Cos Inc's Standard &amp; Poor's Ratings Services on Wednesday said it has acquired all outstanding shares of Argentina rating service Risk Annalysis.</p>
<p>S&amp;P did not release details of the deal other than it was made for &quot;an undisclosed cash amount.&quot;</p>
<p>Risk Annalysis is the leading Argentine rating service and currently rates more than 100 entities in the country, S&amp;P said. The two companies in 1995 signed an affiliation agreement covering technical assistance, criteria development and marketing support.  </p>
<p>Harold McGraw III, president and chief operating officer of The McGraw-Hill Cos, said the move was made to expand local analytical capabilities.</p>
<p>Risk Annalysis is based in Buenos Aires.</p>
<p>((--U.S. corporate bond unit, 212-859-1672))</p>
</text>
<copyright>(c) Reuters Limited 1997</copyright>
<metadata>
<codes class="bip:countries:1.0">
  <code code="ARG">
    <editdetail attribution="Reuters BIP Coding Group" action="confirmed" date="1997-03-12"/>
  </code>
  <code code="USA">
    <editdetail attribution="Reuters BIP Coding Group" action="confirmed" date="1997-03-12"/>
  </code>
</codes>
<codes class="bip:industries:1.0">
  <code code="I47500">
    <editdetail attribution="Reuters BIP Coding Group" action="confirmed" date="1997-03-12"/>
  </code>
</codes>
<codes class="bip:topics:1.0">
  <code code="C18">
    <editdetail attribution="Reuters BIP Coding Group" action="confirmed" date="1997-03-12"/>
  </code>
  <code code="C181">
    <editdetail attribution="Reuters BIP Coding Group" action="confirmed" date="1997-03-12"/>
  </code>
  <code code="CCAT">
    <editdetail attribution="Reuters BIP Coding Group" action="confirmed" date="1997-03-12"/>
  </code>
</codes>
<dc element="dc.date.created" value="1997-03-12"/>
<dc element="dc.publisher" value="Reuters Holdings Plc"/>
<dc element="dc.date.published" value="1997-03-12"/>
<dc element="dc.source" value="Reuters"/>
<dc element="dc.creator.location" value="NEW YORK"/>
<dc element="dc.creator.location.country.name" value="USA"/>
<dc element="dc.source" value="Reuters"/>
</metadata>
</newsitem>
