<?xml version="1.0" encoding="iso-8859-1" ?>
<newsitem itemid="435206" id="root" date="1997-03-12" xml:lang="en">
<title>USA: U.S. stock index futures finish lower.</title>
<headline>U.S. stock index futures finish lower.</headline>
<dateline>CHICAGO 1997-03-12</dateline>
<text>
<p>U.S. stock index futures ended lower, with Standard &amp; Poor's 500 contracts sharpening their losses on concerns about a U.S. rate hike, traders and analysts said.</p>
<p>Concerns about higher rates did not stem from the U.S. Beige Book, which described price pressures in the U.S. as &quot;temperate.&quot;</p>
<p>&quot;This selloff has nothing to do with the Beige Book,&quot; one trader said about the U.S. Federal Reserve's summary of U.S. economic activity.</p>
<p>The book was released on Wednesday afternoon.  </p>
<p>&quot;You could say we are losing our irrational exuberance,&quot; a floor analyst said. &quot;We are pricing in a possible rise in the discount rate.&quot;</p>
<p>March S&amp;Ps plunged to 801.30, through support at 802.40. The contract had held that support level initially, as well as the 805.00 and 806.00 levels, before succumbing to local selling.</p>
<p>Traders said local, dealer and hedge fund selling was heavy in the pits throughout the afternoon, and they look for March S&amp;Ps to break 800.00 in the near term.  </p>
<p>Another floor source said the stage for the market's selloff was set Tuesday when the March contract closed at a discount to cash S&amp;Ps. On Tuesday, March closed below its fair value, which was then pegged at 1.00 point above cash.</p>
<p>&quot;That's bearish,&quot; he said. &quot;It shows people are less discriminatory about prices and are looking to exit anywhere they can.&quot;</p>
<p>Once again, March S&amp;Ps traded at a discount to the cash S&amp;P index late on Wednesday. Fair value stood at about 0.80 point over cash, with arbitrage sell programs at a premium of 0.10 and arbitrage buy programs 1.50 over.</p>
</text>
<copyright>(c) Reuters Limited 1997</copyright>
<metadata>
<codes class="bip:countries:1.0">
  <code code="USA">
    <editdetail attribution="Reuters BIP Coding Group" action="confirmed" date="1997-03-12"/>
  </code>
</codes>
<codes class="bip:topics:1.0">
  <code code="M11">
    <editdetail attribution="Reuters BIP Coding Group" action="confirmed" date="1997-03-12"/>
  </code>
  <code code="MCAT">
    <editdetail attribution="Reuters BIP Coding Group" action="confirmed" date="1997-03-12"/>
  </code>
</codes>
<dc element="dc.date.created" value="1997-03-12"/>
<dc element="dc.publisher" value="Reuters Holdings Plc"/>
<dc element="dc.date.published" value="1997-03-12"/>
<dc element="dc.source" value="Reuters"/>
<dc element="dc.creator.location" value="CHICAGO"/>
<dc element="dc.creator.location.country.name" value="USA"/>
<dc element="dc.source" value="Reuters"/>
</metadata>
</newsitem>
