<?xml version="1.0" encoding="iso-8859-1" ?>
<newsitem itemid="435280" id="root" date="1997-03-12" xml:lang="en">
<title>USA: Premier enters vendor pact with BOC units.</title>
<headline>Premier enters vendor pact with BOC units.</headline>
<dateline>LIBERTY CORNER, N.J. 1997-03-12</dateline>
<text>
<p>Premier Inc, an alliance of hospitals and health-care systems, on Wednesday said it entered a seven-year corporate partnership agreement with Ohmeda, a vender of anesthesia and critical care pharmaceuticals and equipment, and BOC Gases, which provides medical gases.</p>
<p>Both vendors are part of BOC Group Plc.</p>
<p>The agreement, which represents a prospective sales volume of about $2.2 billion over seven years, offers discounts and incentives on Ohmeda and BOC Gases products to Premier's 1,800 hospital and health-system owners and affiliates, Ohmeda said.</p>
<p>The corporate partnership and its related group purchasing agreements involve anesthesia-related pharmaceuticals, anesthesia delivery systems, bulk and cylinder medical gases, infant care products, respiratory gas monitors, suction and oxygen products and other critical care products.</p>
</text>
<copyright>(c) Reuters Limited 1997</copyright>
<metadata>
<codes class="bip:countries:1.0">
  <code code="USA">
    <editdetail attribution="Reuters BIP Coding Group" action="confirmed" date="1997-03-12"/>
  </code>
</codes>
<codes class="bip:industries:1.0">
  <code code="I25670">
    <editdetail attribution="Reuters BIP Coding Group" action="confirmed" date="1997-03-12"/>
  </code>
</codes>
<codes class="bip:topics:1.0">
  <code code="C33">
    <editdetail attribution="Reuters BIP Coding Group" action="confirmed" date="1997-03-12"/>
  </code>
  <code code="CCAT">
    <editdetail attribution="Reuters BIP Coding Group" action="confirmed" date="1997-03-12"/>
  </code>
</codes>
<dc element="dc.date.created" value="1997-03-12"/>
<dc element="dc.publisher" value="Reuters Holdings Plc"/>
<dc element="dc.date.published" value="1997-03-12"/>
<dc element="dc.source" value="Reuters"/>
<dc element="dc.creator.location" value="LIBERTY CORNER, N.J."/>
<dc element="dc.creator.location.country.name" value="USA"/>
<dc element="dc.source" value="Reuters"/>
</metadata>
</newsitem>
