<?xml version="1.0" encoding="iso-8859-1" ?>
<newsitem itemid="435225" id="root" date="1997-03-12" xml:lang="en">
<title>USA: Presidential Realty Corp yr net rises.</title>
<headline>Presidential Realty Corp yr net rises.</headline>
<dateline>WHITE PLAINS, N.Y. 1997-03-12</dateline>
<text>
<p>1996			1995</p>
<p>		 YEAR</p>
<p> Shr			  $0.73		    $0.55</p>
<p> Net			  2,568		    1,945</p>
<p> Revs			12,939		   12,171</p>
<p>(All data above 000s except per share numbers)</p>
<p>NOTE: Net income prior to gain from sale of properties and securities: $1.7 million vs $1.9 million.</p>
<p>Net income per share prior to gains from sales of properties and securities: $0.49 vs $0.53.</p>
</text>
<copyright>(c) Reuters Limited 1997</copyright>
<metadata>
<codes class="bip:countries:1.0">
  <code code="USA">
    <editdetail attribution="Reuters BIP Coding Group" action="confirmed" date="1997-03-12"/>
  </code>
</codes>
<codes class="bip:industries:1.0">
  <code code="I85000">
    <editdetail attribution="Reuters BIP Coding Group" action="confirmed" date="1997-03-12"/>
  </code>
</codes>
<codes class="bip:topics:1.0">
  <code code="C15">
    <editdetail attribution="Reuters BIP Coding Group" action="confirmed" date="1997-03-12"/>
  </code>
  <code code="C151">
    <editdetail attribution="Reuters BIP Coding Group" action="confirmed" date="1997-03-12"/>
  </code>
  <code code="C1511">
    <editdetail attribution="Reuters BIP Coding Group" action="confirmed" date="1997-03-12"/>
  </code>
  <code code="CCAT">
    <editdetail attribution="Reuters BIP Coding Group" action="confirmed" date="1997-03-12"/>
  </code>
</codes>
<dc element="dc.date.created" value="1997-03-12"/>
<dc element="dc.publisher" value="Reuters Holdings Plc"/>
<dc element="dc.date.published" value="1997-03-12"/>
<dc element="dc.source" value="Reuters"/>
<dc element="dc.creator.location" value="WHITE PLAINS, N.Y."/>
<dc element="dc.creator.location.country.name" value="USA"/>
<dc element="dc.source" value="Reuters"/>
</metadata>
</newsitem>
