<?xml version="1.0" encoding="iso-8859-1" ?>
<newsitem itemid="435209" id="root" date="1997-03-12" xml:lang="en">
<title>USA: Olympia &amp; York gets receiver on NYC property.</title>
<headline>Olympia &amp; York gets receiver on NYC property.</headline>
<dateline>NEW YORK 1997-03-12</dateline>
<text>
<p>Olympia &amp; York Maiden Lane Finance Corp, a unit of Olympia &amp; York Developments Ltd, said Wednesday that a New York court has appointed Mitchell Rudin as receiver to manage the property at 59 Maiden Lane in lower Manhattan.</p>
<p>The company had previously sought, and failed to find, a receiver for the property, which is the subject of a judgement of foreclosure, and on which the company has issued $200 million in bonds, indirectly secured by a first mortgage on the building.</p>
<p>Rudin is also an adviser to the bondholders.</p>
<p>The company also said that the receiver would pursue claims against the Home Insurance Co regarding the nonpayment of rent at the property.</p>
</text>
<copyright>(c) Reuters Limited 1997</copyright>
<metadata>
<codes class="bip:countries:1.0">
  <code code="CANA">
    <editdetail attribution="Reuters BIP Coding Group" action="confirmed" date="1997-03-12"/>
  </code>
  <code code="USA">
    <editdetail attribution="Reuters BIP Coding Group" action="confirmed" date="1997-03-12"/>
  </code>
</codes>
<codes class="bip:industries:1.0">
  <code code="I85000">
    <editdetail attribution="Reuters BIP Coding Group" action="confirmed" date="1997-03-12"/>
  </code>
</codes>
<codes class="bip:topics:1.0">
  <code code="C12">
    <editdetail attribution="Reuters BIP Coding Group" action="confirmed" date="1997-03-12"/>
  </code>
  <code code="C16">
    <editdetail attribution="Reuters BIP Coding Group" action="confirmed" date="1997-03-12"/>
  </code>
  <code code="CCAT">
    <editdetail attribution="Reuters BIP Coding Group" action="confirmed" date="1997-03-12"/>
  </code>
  <code code="GCAT">
    <editdetail attribution="Reuters BIP Coding Group" action="confirmed" date="1997-03-12"/>
  </code>
  <code code="GCRIM">
    <editdetail attribution="Reuters BIP Coding Group" action="confirmed" date="1997-03-12"/>
  </code>
</codes>
<dc element="dc.date.created" value="1997-03-12"/>
<dc element="dc.publisher" value="Reuters Holdings Plc"/>
<dc element="dc.date.published" value="1997-03-12"/>
<dc element="dc.source" value="Reuters"/>
<dc element="dc.creator.location" value="NEW YORK"/>
<dc element="dc.creator.location.country.name" value="USA"/>
<dc element="dc.source" value="Reuters"/>
</metadata>
</newsitem>
