<?xml version="1.0" encoding="iso-8859-1" ?>
<newsitem itemid="435253" id="root" date="1997-03-12" xml:lang="en">
<title>USA: Mosinee Paper backs Q1 $0.65/shr estimate.</title>
<headline>Mosinee Paper backs Q1 $0.65/shr estimate.</headline>
<dateline>CHICAGO 1997-03-12</dateline>
<text>
<p>Mosinee Paper Corp said Wednesday it was comfortable with an analyst estimate calling for first quarter earnings of $0.65 a share, up from $0.44 a share a year ago.</p>
<p>&quot;We think that's reasonable and that shouldn't be any problem for us at all,&quot; Mosinee chief executive officer Daniel Olvey said in an interview.  </p>
<p>He also backed the consensus estimate of $3.18 a share for all of 1997, up from $2.56 in 1996.</p>
<p>&quot;We also think that's reasonable as well, based on everything we know at the present time about pricing and sales and raw materials and so forth, it looks like a reasonable number,&quot; Olvey said.</p>
<p>Shares of the Mosinee, Wisconsin-based paper products manufacturer were unchanged at 35 Wednesday.</p>
<p>((Chicago newsdesk, 312-408-8787))</p>
</text>
<copyright>(c) Reuters Limited 1997</copyright>
<metadata>
<codes class="bip:countries:1.0">
  <code code="USA">
    <editdetail attribution="Reuters BIP Coding Group" action="confirmed" date="1997-03-12"/>
  </code>
</codes>
<codes class="bip:industries:1.0">
  <code code="I47100">
    <editdetail attribution="Reuters BIP Coding Group" action="confirmed" date="1997-03-12"/>
  </code>
</codes>
<codes class="bip:topics:1.0">
  <code code="C15">
    <editdetail attribution="Reuters BIP Coding Group" action="confirmed" date="1997-03-12"/>
  </code>
  <code code="C152">
    <editdetail attribution="Reuters BIP Coding Group" action="confirmed" date="1997-03-12"/>
  </code>
  <code code="CCAT">
    <editdetail attribution="Reuters BIP Coding Group" action="confirmed" date="1997-03-12"/>
  </code>
</codes>
<dc element="dc.date.created" value="1997-03-12"/>
<dc element="dc.publisher" value="Reuters Holdings Plc"/>
<dc element="dc.date.published" value="1997-03-12"/>
<dc element="dc.source" value="Reuters"/>
<dc element="dc.creator.location" value="CHICAGO"/>
<dc element="dc.creator.location.country.name" value="USA"/>
<dc element="dc.source" value="Reuters"/>
</metadata>
</newsitem>
