<?xml version="1.0" encoding="iso-8859-1" ?>
<newsitem itemid="435243" id="root" date="1997-03-12" xml:lang="en">
<title>USA: Ag Services arranges new securitization.</title>
<headline>Ag Services arranges new securitization.</headline>
<dateline>CEDAR FALLS, Iowa 1997-03-12</dateline>
<text>
<p>Ag Services of America Inc said Wednesday it completed an asset-backed securitization program for a maxmimum of up to $135 million that replaces its $100 million line of credit from the previous year.</p>
<p>The program is a five-year facility structured and guaranteed by Capital Markets Assurance Corp.</p>
<p>Under terms of the facility, Ag Services sells and may continue to sell or contribute certain notes receivable to Ag Acceptance Corp, a newly formed, wholly owned special-purpose subsidiary of the company.</p>
<p>Ag Acceptance pledges its interest in these notes receivable to a commercial-paper market conduit entity and incurs interest at variable rates in the commercial paper market.</p>
<p>The company estimates it will realize an interest rate reduction of as much as 100 basis points on outstanding borrowings under the new facility.</p>
<p>Ag Services supplies seed, fertilizer and agricultural chemicals as well as crop insurance and cash advances for land rent and fuel to farmers.</p>
<p>		((Reuters Chicago Newsdesk (312) 408-8787))</p>
</text>
<copyright>(c) Reuters Limited 1997</copyright>
<metadata>
<codes class="bip:countries:1.0">
  <code code="USA">
    <editdetail attribution="Reuters BIP Coding Group" action="confirmed" date="1997-03-12"/>
  </code>
</codes>
<codes class="bip:industries:1.0">
  <code code="I25130">
    <editdetail attribution="Reuters BIP Coding Group" action="confirmed" date="1997-03-12"/>
  </code>
</codes>
<codes class="bip:topics:1.0">
  <code code="C11">
    <editdetail attribution="Reuters BIP Coding Group" action="confirmed" date="1997-03-12"/>
  </code>
  <code code="CCAT">
    <editdetail attribution="Reuters BIP Coding Group" action="confirmed" date="1997-03-12"/>
  </code>
</codes>
<dc element="dc.date.created" value="1997-03-12"/>
<dc element="dc.publisher" value="Reuters Holdings Plc"/>
<dc element="dc.date.published" value="1997-03-12"/>
<dc element="dc.source" value="Reuters"/>
<dc element="dc.creator.location" value="CEDAR FALLS, Iowa"/>
<dc element="dc.creator.location.country.name" value="USA"/>
<dc element="dc.source" value="Reuters"/>
</metadata>
</newsitem>
