<?xml version="1.0" encoding="iso-8859-1" ?>
<newsitem itemid="435218" id="root" date="1997-03-12" xml:lang="en">
<title>USA: Michaels Stores Q4 net rises.</title>
<headline>Michaels Stores Q4 net rises.</headline>
<dateline>IRVING, Texas 1997-03-12</dateline>
<text>
<p>(In thousands except per share data)</p>
<p>						 4th Quarter</p>
<p>					  1996	1995</p>
<p>    Net sales		     $493,705  $456,733</p>
<p>Cost of sales and</p>
<p>     occupancy expense	   354,247   325,625</p>
<p>Selling, general and</p>
<p>     administrative expense    122,585   119,522</p>
<p>    Operating income (loss)     16,873    11,586</p>
<p>    Interest expense		 6,002     4,064</p>
<p>Other (income) and</p>
<p>     expense, net		     (580)    1,245</p>
<p>Income (loss) before</p>
<p>     income taxes		   11,451     6,277</p>
<p>Provision (benefit) for</p>
<p>     income taxes		    3,246     4,133</p>
<p>    Net income (loss)	   $  8,205  $  2,144</p>
<p>    Earnings (loss) per share $   0.35  $   0.10</p>
<p>Weighted average common and</p>
<p>common equivalent shares</p>
<p>     outstanding		    23,629    21,475</p>
<p>					   Fiscal Year</p>
<p>					  1996	  1995</p>
<p>    Net sales		     $1,378,277   $1,294,886</p>
<p>Cost of sales and</p>
<p>     occupancy expense	   1,003,815	936,537</p>
<p>Selling, general and</p>
<p>     administrative expense    395,449	373,395</p>
<p>    Operating income (loss)     (20,987)     (15,046)</p>
<p>    Interest expense		 21,038	 16,841</p>
<p>Other (income) and</p>
<p>     expense, net		     (952)	 2,952</p>
<p>Income (loss) before</p>
<p>     income taxes		   (41,073)     (34,839)</p>
<p>Provision (benefit) for</p>
<p>     income taxes		    (9,840)     (14,422)</p>
<p>    Net income (loss)		 $  (31,233)  $  (20,417)</p>
<p>    Earnings (loss) per share $   $    (1.34)  $    (0.95)</p>
<p>Weighted average common and</p>
<p>common equivalent shares</p>
<p>     outstanding		    23,293	 21,517</p>
</text>
<copyright>(c) Reuters Limited 1997</copyright>
<metadata>
<codes class="bip:countries:1.0">
  <code code="USA">
    <editdetail attribution="Reuters BIP Coding Group" action="confirmed" date="1997-03-12"/>
  </code>
</codes>
<codes class="bip:industries:1.0">
  <code code="I65400">
    <editdetail attribution="Reuters BIP Coding Group" action="confirmed" date="1997-03-12"/>
  </code>
</codes>
<codes class="bip:topics:1.0">
  <code code="C15">
    <editdetail attribution="Reuters BIP Coding Group" action="confirmed" date="1997-03-12"/>
  </code>
  <code code="C151">
    <editdetail attribution="Reuters BIP Coding Group" action="confirmed" date="1997-03-12"/>
  </code>
  <code code="C1511">
    <editdetail attribution="Reuters BIP Coding Group" action="confirmed" date="1997-03-12"/>
  </code>
  <code code="CCAT">
    <editdetail attribution="Reuters BIP Coding Group" action="confirmed" date="1997-03-12"/>
  </code>
</codes>
<dc element="dc.date.created" value="1997-03-12"/>
<dc element="dc.publisher" value="Reuters Holdings Plc"/>
<dc element="dc.date.published" value="1997-03-12"/>
<dc element="dc.source" value="Reuters"/>
<dc element="dc.creator.location" value="IRVING, Texas"/>
<dc element="dc.creator.location.country.name" value="USA"/>
<dc element="dc.source" value="Reuters"/>
</metadata>
</newsitem>
