<?xml version="1.0" encoding="iso-8859-1" ?>
<newsitem itemid="435246" id="root" date="1997-03-12" xml:lang="en">
<title>USA: Liqui-Box Corp Q4 share rises.</title>
<headline>Liqui-Box Corp Q4 share rises.</headline>
<dateline>WORTHINGTON, Ohio 1997-03-12</dateline>
<text>
<p>Thirteen		 Thirteen</p>
<p>					 Wks Ended		Wks Ended</p>
<p>				   Dec. 28, 1996	  Dec. 30, 1995</p>
<p> Net sales			$ 31,477,000	   $ 31,513,000</p>
<p> Taxes on income		   1,146,000		1,189,000</p>
<p> Net income			  2,111,000		1,981,000</p>
<p> Primary earnings per share	    .35			.31</p>
<p> Primary shares outstanding    6,030,033		6,371,382</p>
<p>					 Fifty-two		Fifty-two</p>
<p>					 Wks Ended		Wks Ended</p>
<p>				   Dec. 28, 1996	  Dec. 30, 1995</p>
<p> Net sales			$152,368,000	   $156,373,000</p>
<p> Taxes on income		   9,590,000		7,953,000</p>
<p> Net income			 14,519,000	     12,085,000</p>
<p> Primary earnings per share	   2.37		     1.89</p>
<p> Primary shares outstanding    6,127,574		6,397,312</p>
<p>-- New York Newsdesk 212 859-1610</p>
</text>
<copyright>(c) Reuters Limited 1997</copyright>
<metadata>
<codes class="bip:countries:1.0">
  <code code="USA">
    <editdetail attribution="Reuters BIP Coding Group" action="confirmed" date="1997-03-12"/>
  </code>
</codes>
<codes class="bip:industries:1.0">
  <code code="I48300">
    <editdetail attribution="Reuters BIP Coding Group" action="confirmed" date="1997-03-12"/>
  </code>
</codes>
<codes class="bip:topics:1.0">
  <code code="C15">
    <editdetail attribution="Reuters BIP Coding Group" action="confirmed" date="1997-03-12"/>
  </code>
  <code code="C151">
    <editdetail attribution="Reuters BIP Coding Group" action="confirmed" date="1997-03-12"/>
  </code>
  <code code="C1511">
    <editdetail attribution="Reuters BIP Coding Group" action="confirmed" date="1997-03-12"/>
  </code>
  <code code="CCAT">
    <editdetail attribution="Reuters BIP Coding Group" action="confirmed" date="1997-03-12"/>
  </code>
</codes>
<dc element="dc.date.created" value="1997-03-12"/>
<dc element="dc.publisher" value="Reuters Holdings Plc"/>
<dc element="dc.date.published" value="1997-03-12"/>
<dc element="dc.source" value="Reuters"/>
<dc element="dc.creator.location" value="WORTHINGTON, Ohio"/>
<dc element="dc.creator.location.country.name" value="USA"/>
<dc element="dc.source" value="Reuters"/>
</metadata>
</newsitem>
