<?xml version="1.0" encoding="iso-8859-1" ?>
<newsitem itemid="435324" id="root" date="1997-03-12" xml:lang="en">
<title>USA: United Dominion raises qtly div to $0.2525.</title>
<headline>United Dominion raises qtly div to $0.2525.</headline>
<dateline>RICHMOND, Va. 1997-03-12</dateline>
<text>
<p>United Dominion Realty Trust Inc said Wednesday it has increased the quarterly dividend on its common stock to $0.2525 per share from $0.24.</p>
<p>The new quarterly dividend is payable for the first quarter on April 30, to shareholders of record April 11.</p>
<p>The company also declared a regular quarterly dividend on its nine percent series A cumulative redeemable preferred stock for the first quarter of 1997 in the amount of $.578125 per share. This dividend is payable on April 15, to shareholders of record April 1.</p>
</text>
<copyright>(c) Reuters Limited 1997</copyright>
<metadata>
<codes class="bip:countries:1.0">
  <code code="USA">
    <editdetail attribution="Reuters BIP Coding Group" action="confirmed" date="1997-03-12"/>
  </code>
</codes>
<codes class="bip:industries:1.0">
  <code code="I81502">
    <editdetail attribution="Reuters BIP Coding Group" action="confirmed" date="1997-03-12"/>
  </code>
  <code code="I8150206">
    <editdetail attribution="Reuters BIP Coding Group" action="confirmed" date="1997-03-12"/>
  </code>
</codes>
<codes class="bip:topics:1.0">
  <code code="C15">
    <editdetail attribution="Reuters BIP Coding Group" action="confirmed" date="1997-03-12"/>
  </code>
  <code code="C151">
    <editdetail attribution="Reuters BIP Coding Group" action="confirmed" date="1997-03-12"/>
  </code>
  <code code="CCAT">
    <editdetail attribution="Reuters BIP Coding Group" action="confirmed" date="1997-03-12"/>
  </code>
</codes>
<dc element="dc.date.created" value="1997-03-12"/>
<dc element="dc.publisher" value="Reuters Holdings Plc"/>
<dc element="dc.date.published" value="1997-03-12"/>
<dc element="dc.source" value="Reuters"/>
<dc element="dc.creator.location" value="RICHMOND, Va."/>
<dc element="dc.creator.location.country.name" value="USA"/>
<dc element="dc.source" value="Reuters"/>
</metadata>
</newsitem>
