<?xml version="1.0" encoding="iso-8859-1" ?>
<newsitem itemid="435361" id="root" date="1997-03-12" xml:lang="en">
<title>USA: Garden Ridge Q4 shr $0.33 vs $0.35.</title>
<headline>Garden Ridge Q4 shr $0.33 vs $0.35.</headline>
<dateline>HOUSTON 1997-03-12</dateline>
<text>
<p>GARDEN RIDGE CORPORATION</p>
<p>				Consolidated Income Statements</p>
<p>			   (in thousands except per share data)</p>
<p>	  For the 13 weeks ended	  For the 52 weeks ended</p>
<p>	  Jan. 26, 1997  Jan. 28, 1996  Jan. 26, 1997  Jan. 28,1996</p>
<p>    Sales $85,348	  $56,888	 $225,315	 $148,087</p>
<p>Cost of sales</p>
<p>	     54,941	   34,699	  144,054	   92,328</p>
<p>Gross profit</p>
<p>	     30,407	   22,189	   81,261	   55,759</p>
<p>Store operating</p>
<p>expense</p>
<p>	     19,377	   11,288	   60,320	   37,318</p>
<p>General and</p>
<p>administrative</p>
<p>expense</p>
<p>		1,851	    1,686	    6,672	    5,157</p>
<p>Amortization expense</p>
<p>		  188		153		717		612</p>
<p>Preopening expense</p>
<p>		   --		 --	    2,368	    1,395</p>
<p>Operating income</p>
<p>		8,991	    9,062	   11,184	   11,277</p>
<p>Interest</p>
<p>income (expense)</p>
<p>		 493		216	    1,471		 (9)</p>
<p>Income before</p>
<p>income taxes</p>
<p>		9,484	    9,278	   12,655	   11,268</p>
<p>Income taxes</p>
<p>		3,382	    3,614	    4,619	    4,390</p>
<p>Net income</p>
<p>		6,102	    5,664	    8,036	    6,878</p>
<p>Preferred stock</p>
<p>dividends</p>
<p>		   --		 --		 --		153</p>
<p>Net income available</p>
<p>to common</p>
<p>stockholders</p>
<p>	     $6,102	   $5,664	   $8,036	   $6,725</p>
<p>Net income par share</p>
<p>		$0.33	    $0.35	    $0.45	    $0.47</p>
<p>Net income available</p>
<p>to common stockholders</p>
<p>per share</p>
<p>		$0.33	    $0.35	    $0.45	    $0.46</p>
<p>Weighted average number</p>
<p>of common and common</p>
<p>equivalent shares</p>
<p>outstanding</p>
<p>	 18,358,294     16,364,652     17,924,980     14,515,240</p>
</text>
<copyright>(c) Reuters Limited 1997</copyright>
<metadata>
<codes class="bip:countries:1.0">
  <code code="USA">
    <editdetail attribution="Reuters BIP Coding Group" action="confirmed" date="1997-03-12"/>
  </code>
</codes>
<codes class="bip:industries:1.0">
  <code code="I64800">
    <editdetail attribution="Reuters BIP Coding Group" action="confirmed" date="1997-03-12"/>
  </code>
</codes>
<codes class="bip:topics:1.0">
  <code code="C15">
    <editdetail attribution="Reuters BIP Coding Group" action="confirmed" date="1997-03-12"/>
  </code>
  <code code="C151">
    <editdetail attribution="Reuters BIP Coding Group" action="confirmed" date="1997-03-12"/>
  </code>
  <code code="C1511">
    <editdetail attribution="Reuters BIP Coding Group" action="confirmed" date="1997-03-12"/>
  </code>
  <code code="CCAT">
    <editdetail attribution="Reuters BIP Coding Group" action="confirmed" date="1997-03-12"/>
  </code>
</codes>
<dc element="dc.date.created" value="1997-03-12"/>
<dc element="dc.publisher" value="Reuters Holdings Plc"/>
<dc element="dc.date.published" value="1997-03-12"/>
<dc element="dc.source" value="Reuters"/>
<dc element="dc.creator.location" value="HOUSTON"/>
<dc element="dc.creator.location.country.name" value="USA"/>
<dc element="dc.source" value="Reuters"/>
</metadata>
</newsitem>
