<?xml version="1.0" encoding="iso-8859-1" ?>
<newsitem itemid="435330" id="root" date="1997-03-12" xml:lang="en">
<title>USA: NVR Inc authorizes up to $10 mln buy-back.</title>
<headline>NVR Inc authorizes up to $10 mln buy-back.</headline>
<dateline>MCLEAN, Va. 1997-03-12</dateline>
<text>
<p>NVR Inc said Wednesday its directors authorized the use of up to $10 million for the repurchase of its outstanding common stock. NVR said purchases will occur from time to time in the open market and/or in privately negotiated transactions as market conditions permit.</p>
<p>NVR said the authorization was a continuation of the stock repurchase program that began three years ago and is consistent with NVR's strategy of maximizing shareholder value.  The McLean, Virginia, homebuilder has 12,240,276 shares of common stock outstanding.</p>
</text>
<copyright>(c) Reuters Limited 1997</copyright>
<metadata>
<codes class="bip:countries:1.0">
  <code code="USA">
    <editdetail attribution="Reuters BIP Coding Group" action="confirmed" date="1997-03-12"/>
  </code>
</codes>
<codes class="bip:industries:1.0">
  <code code="I50100">
    <editdetail attribution="Reuters BIP Coding Group" action="confirmed" date="1997-03-12"/>
  </code>
  <code code="I5010022">
    <editdetail attribution="Reuters BIP Coding Group" action="confirmed" date="1997-03-12"/>
  </code>
</codes>
<codes class="bip:topics:1.0">
  <code code="C17">
    <editdetail attribution="Reuters BIP Coding Group" action="confirmed" date="1997-03-12"/>
  </code>
  <code code="C171">
    <editdetail attribution="Reuters BIP Coding Group" action="confirmed" date="1997-03-12"/>
  </code>
  <code code="C18">
    <editdetail attribution="Reuters BIP Coding Group" action="confirmed" date="1997-03-12"/>
  </code>
  <code code="C181">
    <editdetail attribution="Reuters BIP Coding Group" action="confirmed" date="1997-03-12"/>
  </code>
  <code code="CCAT">
    <editdetail attribution="Reuters BIP Coding Group" action="confirmed" date="1997-03-12"/>
  </code>
</codes>
<dc element="dc.date.created" value="1997-03-12"/>
<dc element="dc.publisher" value="Reuters Holdings Plc"/>
<dc element="dc.date.published" value="1997-03-12"/>
<dc element="dc.source" value="Reuters"/>
<dc element="dc.creator.location" value="MCLEAN, Va."/>
<dc element="dc.creator.location.country.name" value="USA"/>
<dc element="dc.source" value="Reuters"/>
</metadata>
</newsitem>
