<?xml version="1.0" encoding="iso-8859-1" ?>
<newsitem itemid="435346" id="root" date="1997-03-12" xml:lang="en">
<title>USA: Vornado to buy Mendik Co for $654 million.</title>
<headline>Vornado to buy Mendik Co for $654 million.</headline>
<dateline>NEW YORK 1997-03-12</dateline>
<text>
<p>Vornado Realty Trust said Wednesday it agreed to buy Mendik Co for $654 million in cash and debt to expand its size in the Manhattan office market.</p>
<p>As part of the transaction, Vornado, a real estate investment trust, will convert to an umbrella partnership, the company said.</p>
<p>Mendik owns and manages four million square feet of Manhattan office space in seven midtown buildings. Bernard Mendik, principle of Mendik Co, will become co-chairman of Vornado, the companies said.</p>
<p>Vornado will pay $269 million in cash and $168 million in privately placed Vornado UPREIT limited partnership units and assume $217 million of debt, the company said.</p>
</text>
<copyright>(c) Reuters Limited 1997</copyright>
<metadata>
<codes class="bip:countries:1.0">
  <code code="USA">
    <editdetail attribution="Reuters BIP Coding Group" action="confirmed" date="1997-03-12"/>
  </code>
</codes>
<codes class="bip:industries:1.0">
  <code code="I85000">
    <editdetail attribution="Reuters BIP Coding Group" action="confirmed" date="1997-03-12"/>
  </code>
</codes>
<codes class="bip:topics:1.0">
  <code code="C18">
    <editdetail attribution="Reuters BIP Coding Group" action="confirmed" date="1997-03-12"/>
  </code>
  <code code="C181">
    <editdetail attribution="Reuters BIP Coding Group" action="confirmed" date="1997-03-12"/>
  </code>
  <code code="CCAT">
    <editdetail attribution="Reuters BIP Coding Group" action="confirmed" date="1997-03-12"/>
  </code>
</codes>
<dc element="dc.date.created" value="1997-03-12"/>
<dc element="dc.publisher" value="Reuters Holdings Plc"/>
<dc element="dc.date.published" value="1997-03-12"/>
<dc element="dc.source" value="Reuters"/>
<dc element="dc.creator.location" value="NEW YORK"/>
<dc element="dc.creator.location.country.name" value="USA"/>
<dc element="dc.source" value="Reuters"/>
</metadata>
</newsitem>
