<?xml version="1.0" encoding="iso-8859-1" ?>
<newsitem itemid="435343" id="root" date="1997-03-12" xml:lang="en">
<title>USA: PECO Peach Bottom nuke seen restarting Weds.</title>
<headline>PECO Peach Bottom nuke seen restarting Weds.</headline>
<dateline>NEW YORK 1997-03-12</dateline>
<text>
<p>PECO Energy Co's 1,100 megawatt (MW) Peach Bottom nuclear power unit 3 is expected to resume electricity production Wednesday following an unplanned outage, the Nuclear Regulatory Commission (NRC) said.</p>
<p>The unit, located in Delta, Pa., was &quot;exiting maintenance outage - plan to place unit on line today,&quot; the NRC said in its daily plant status report for Wednesday.</p>
<p>Peach Bottom 3 tripped off line Sunday while the unit was operating at reduced power for control rod adjustments.</p>
<p>The adjacent Peach Bottom nuclear unit 2, also with a capacity of 1,100 MW, was operating at full power as of early Wednesday, the NRC said.</p>
<p>((--New York Power Desk +1 212 859 1627))</p>
</text>
<copyright>(c) Reuters Limited 1997</copyright>
<metadata>
<codes class="bip:countries:1.0">
  <code code="USA">
    <editdetail attribution="Reuters BIP Coding Group" action="confirmed" date="1997-03-12"/>
  </code>
</codes>
<codes class="bip:industries:1.0">
  <code code="I16000">
    <editdetail attribution="Reuters BIP Coding Group" action="confirmed" date="1997-03-12"/>
  </code>
  <code code="I1610109">
    <editdetail attribution="Reuters BIP Coding Group" action="confirmed" date="1997-03-12"/>
  </code>
</codes>
<codes class="bip:topics:1.0">
  <code code="C13">
    <editdetail attribution="Reuters BIP Coding Group" action="confirmed" date="1997-03-12"/>
  </code>
  <code code="C24">
    <editdetail attribution="Reuters BIP Coding Group" action="confirmed" date="1997-03-12"/>
  </code>
  <code code="CCAT">
    <editdetail attribution="Reuters BIP Coding Group" action="confirmed" date="1997-03-12"/>
  </code>
</codes>
<dc element="dc.date.created" value="1997-03-12"/>
<dc element="dc.publisher" value="Reuters Holdings Plc"/>
<dc element="dc.date.published" value="1997-03-12"/>
<dc element="dc.source" value="Reuters"/>
<dc element="dc.creator.location" value="NEW YORK"/>
<dc element="dc.creator.location.country.name" value="USA"/>
<dc element="dc.source" value="Reuters"/>
</metadata>
</newsitem>
