<?xml version="1.0" encoding="iso-8859-1" ?>
<newsitem itemid="435332" id="root" date="1997-03-12" xml:lang="en">
<title>USA: Heritage Mines names Sparks CEO.</title>
<headline>Heritage Mines names Sparks CEO.</headline>
<dateline>NEWPORT BEACH, Calif. 1997-03-12</dateline>
<text>
<p>Heritage Mines Ltd on Wednesday said it has named mining industry executive Gregory Sparks as its president and chief executive.</p>
<p>In a written statement, the company said it expects Sparks will be named to the board of directors and serve as chairman.</p>
<p>Sparks will replace James Stout, who had been acting president and CEO.</p>
<p>&quot;We have spent six years building the infrastructure to prepare the Bowerman Project (mining district) for exploration and development,&quot; Stout said. &quot;We are intensely focused on proving and developing this resource.&quot;</p>
</text>
<copyright>(c) Reuters Limited 1997</copyright>
<metadata>
<codes class="bip:countries:1.0">
  <code code="USA">
    <editdetail attribution="Reuters BIP Coding Group" action="confirmed" date="1997-03-12"/>
  </code>
</codes>
<codes class="bip:topics:1.0">
  <code code="C41">
    <editdetail attribution="Reuters BIP Coding Group" action="confirmed" date="1997-03-12"/>
  </code>
  <code code="C411">
    <editdetail attribution="Reuters BIP Coding Group" action="confirmed" date="1997-03-12"/>
  </code>
  <code code="CCAT">
    <editdetail attribution="Reuters BIP Coding Group" action="confirmed" date="1997-03-12"/>
  </code>
</codes>
<dc element="dc.date.created" value="1997-03-12"/>
<dc element="dc.publisher" value="Reuters Holdings Plc"/>
<dc element="dc.date.published" value="1997-03-12"/>
<dc element="dc.source" value="Reuters"/>
<dc element="dc.creator.location" value="NEWPORT BEACH, Calif."/>
<dc element="dc.creator.location.country.name" value="USA"/>
<dc element="dc.source" value="Reuters"/>
</metadata>
</newsitem>
