<?xml version="1.0" encoding="iso-8859-1" ?>
<newsitem itemid="435366" id="root" date="1997-03-12" xml:lang="en">
<title>USA: Compact agrees to buy U.S. Cast Polymers.</title>
<headline>Compact agrees to buy U.S. Cast Polymers.</headline>
<dateline>SALT LAKE CITY 1997-03-12</dateline>
<text>
<p>Compact Organizational Systems Inc Wednesday said it discontinued its prior business of marketing a day planner and financial organizer due to poor market response and agreed to acquire U.S. Cast Polymers Inc.</p>
<p>The transaction will involve the issuance by the company of a controlling block of its common stock, a recapitalization of the present outstanding common stock of the company, a name change, a complete change in management and other matters, Compact said.  </p>
<p>The completion of the transaction is subject to certain conditions and is expected in April.</p>
<p>U.S. Cast Polymers is engaged in the cultured marble business and related businesses and seeks to acquire other companies in the same or related businesses.</p>
</text>
<copyright>(c) Reuters Limited 1997</copyright>
<metadata>
<codes class="bip:countries:1.0">
  <code code="USA">
    <editdetail attribution="Reuters BIP Coding Group" action="confirmed" date="1997-03-12"/>
  </code>
</codes>
<codes class="bip:topics:1.0">
  <code code="C18">
    <editdetail attribution="Reuters BIP Coding Group" action="confirmed" date="1997-03-12"/>
  </code>
  <code code="C181">
    <editdetail attribution="Reuters BIP Coding Group" action="confirmed" date="1997-03-12"/>
  </code>
  <code code="CCAT">
    <editdetail attribution="Reuters BIP Coding Group" action="confirmed" date="1997-03-12"/>
  </code>
</codes>
<dc element="dc.date.created" value="1997-03-12"/>
<dc element="dc.publisher" value="Reuters Holdings Plc"/>
<dc element="dc.date.published" value="1997-03-12"/>
<dc element="dc.source" value="Reuters"/>
<dc element="dc.creator.location" value="SALT LAKE CITY"/>
<dc element="dc.creator.location.country.name" value="USA"/>
<dc element="dc.source" value="Reuters"/>
</metadata>
</newsitem>
