<?xml version="1.0" encoding="iso-8859-1" ?>
<newsitem itemid="435354" id="root" date="1997-03-12" xml:lang="en">
<title>USA: Wabash in pact with Fruehauf on asset bid.</title>
<headline>Wabash in pact with Fruehauf on asset bid.</headline>
<dateline>LAFAYETTE, Ind. 1997-03-12</dateline>
<text>
<p>Wabash National Corp said Wednesday it reached an expense reimbursement agreement with Fruehauf Trailer Corp in connection with Wabash's proposal to purchase some Fruehauf assets.</p>
<p>Wabash proposes to buy substantially all of the remaining Fruehauf assets other than manufacturing plants in Mexico and Ft. Madison, Iowa.</p>
<p>The company said it proposes to purchase the assets pursuant to the asset sale bid procedures established by the U.S. Bankruptcy Court for the District of Delaware in pending Chapter 11 proceedings.  </p>
<p>This is the first time Wabash had announced it would purchase some of the Fruehauf assets, a company spokeswoman said.</p>
<p>The assets could include Fruehauf's sales and distribution network, intellectual property, and a manufacturing facility, she added.</p>
<p>Wabash said the expense reimbursement agreement provides for the payment of a $1.5 million &quot;break-up&quot; fee plus certain expenses if the bankruptcy court accepts and approves an offer to purchase the Fruehauf assets other than the offer it submits.</p>
<p>Terms of the expense reimbursement agreement are subject to approval by the bankruptcy court, Wabash said.</p>
<p>The proposed purchase is subject to approval by the board of directors of Wabash National, the U.S. bankruptcy court and certain regulatory agencies.</p>
<p>Wabash makes and markets standard and customized truck trailers.</p>
<p>((Reuters Chicago Newsdesk (312) 408-8787))</p>
</text>
<copyright>(c) Reuters Limited 1997</copyright>
<metadata>
<codes class="bip:countries:1.0">
  <code code="MEX">
    <editdetail attribution="Reuters BIP Coding Group" action="confirmed" date="1997-03-12"/>
  </code>
  <code code="USA">
    <editdetail attribution="Reuters BIP Coding Group" action="confirmed" date="1997-03-12"/>
  </code>
</codes>
<codes class="bip:industries:1.0">
  <code code="I35102">
    <editdetail attribution="Reuters BIP Coding Group" action="confirmed" date="1997-03-12"/>
  </code>
  <code code="I36200">
    <editdetail attribution="Reuters BIP Coding Group" action="confirmed" date="1997-03-12"/>
  </code>
</codes>
<codes class="bip:topics:1.0">
  <code code="C18">
    <editdetail attribution="Reuters BIP Coding Group" action="confirmed" date="1997-03-12"/>
  </code>
  <code code="C182">
    <editdetail attribution="Reuters BIP Coding Group" action="confirmed" date="1997-03-12"/>
  </code>
  <code code="CCAT">
    <editdetail attribution="Reuters BIP Coding Group" action="confirmed" date="1997-03-12"/>
  </code>
</codes>
<dc element="dc.date.created" value="1997-03-12"/>
<dc element="dc.publisher" value="Reuters Holdings Plc"/>
<dc element="dc.date.published" value="1997-03-12"/>
<dc element="dc.source" value="Reuters"/>
<dc element="dc.creator.location" value="LAFAYETTE, Ind."/>
<dc element="dc.creator.location.country.name" value="USA"/>
<dc element="dc.source" value="Reuters"/>
</metadata>
</newsitem>
