<?xml version="1.0" encoding="iso-8859-1" ?>
<newsitem itemid="435377" id="root" date="1997-03-12" xml:lang="en">
<title>USA: General Signal sees Q1 EPS below last year.</title>
<headline>General Signal sees Q1 EPS below last year.</headline>
<dateline>STAMFORD, Conn. 1997-03-12</dateline>
<text>
<p>General Signal said Wednesday it expects first quarter earnings per share to be about seven percent below last year's $0.50 because of lower order and revenue expectations and cost pressures.</p>
<p>General Signal said it attributed the shortfall from analysts' consensus of about $0.53 to the company's uninterruptible power supply, fire systems and pump businesses.</p>
<p>Initiatives have already been taken to bring costs in line with future revenue expectations, General Signal said.  </p>
<p>&quot;As a result of these corrective actions,&quot; said Michael Lockhart, chairman and chief executive, &quot;we are optimistic that the company can still bring the full year into line with &quot;street&quot; expectations.&quot;</p>
</text>
<copyright>(c) Reuters Limited 1997</copyright>
<metadata>
<codes class="bip:countries:1.0">
  <code code="USA">
    <editdetail attribution="Reuters BIP Coding Group" action="confirmed" date="1997-03-12"/>
  </code>
</codes>
<codes class="bip:industries:1.0">
  <code code="I34330">
    <editdetail attribution="Reuters BIP Coding Group" action="confirmed" date="1997-03-12"/>
  </code>
</codes>
<codes class="bip:topics:1.0">
  <code code="C15">
    <editdetail attribution="Reuters BIP Coding Group" action="confirmed" date="1997-03-12"/>
  </code>
  <code code="C152">
    <editdetail attribution="Reuters BIP Coding Group" action="confirmed" date="1997-03-12"/>
  </code>
  <code code="CCAT">
    <editdetail attribution="Reuters BIP Coding Group" action="confirmed" date="1997-03-12"/>
  </code>
</codes>
<dc element="dc.date.created" value="1997-03-12"/>
<dc element="dc.publisher" value="Reuters Holdings Plc"/>
<dc element="dc.date.published" value="1997-03-12"/>
<dc element="dc.source" value="Reuters"/>
<dc element="dc.creator.location" value="STAMFORD, Conn."/>
<dc element="dc.creator.location.country.name" value="USA"/>
<dc element="dc.source" value="Reuters"/>
</metadata>
</newsitem>
