<?xml version="1.0" encoding="iso-8859-1" ?>
<newsitem itemid="435307" id="root" date="1997-03-12" xml:lang="en">
<title>USA: BPA raises Thurs peak, firm power prices $1.50/MWh.</title>
<headline>BPA raises Thurs peak, firm power prices $1.50/MWh.</headline>
<dateline>LOS ANGELES 1997-03-12</dateline>
<text>
<p>The Bonneville Power Administration (BPA) raised prices for firm power delivered during peak demand hours on Thursday by $1.50 per megawatt hour (MWh), the agency said Wednesday.</p>
<p>BPA still offered 300 megawatts of firm peak power, but raised prices to $15.50 per megawatt hour (MWh) for Northwest sales and $16.50 for California-Oregon border (COB) sales.</p>
<p>But prices for non-firm power during shoulder hours on Thursday (0600, 1100-1700 and 2100-2200 PST) were cut by $1.00 per MWh to $11.00 for Northwest and $12.00 for COB.</p>
<p>BPA continued to refrain from offering non-firm power during morning and evening peaks or any displacement power.</p>
<p>Prices for firm and non-firm power during off-peak hours on Thursday were unchanged at $9.00 per MWh for all deliveries.</p>
<p>((--Los Angeles bureau +1 213 655 6761))</p>
</text>
<copyright>(c) Reuters Limited 1997</copyright>
<metadata>
<codes class="bip:countries:1.0">
  <code code="USA">
    <editdetail attribution="Reuters BIP Coding Group" action="confirmed" date="1997-03-12"/>
  </code>
</codes>
<codes class="bip:industries:1.0">
  <code code="I16100">
    <editdetail attribution="Reuters BIP Coding Group" action="confirmed" date="1997-03-12"/>
  </code>
</codes>
<codes class="bip:topics:1.0">
  <code code="C31">
    <editdetail attribution="Reuters BIP Coding Group" action="confirmed" date="1997-03-12"/>
  </code>
  <code code="CCAT">
    <editdetail attribution="Reuters BIP Coding Group" action="confirmed" date="1997-03-12"/>
  </code>
  <code code="M14">
    <editdetail attribution="Reuters BIP Coding Group" action="confirmed" date="1997-03-12"/>
  </code>
  <code code="M143">
    <editdetail attribution="Reuters BIP Coding Group" action="confirmed" date="1997-03-12"/>
  </code>
  <code code="MCAT">
    <editdetail attribution="Reuters BIP Coding Group" action="confirmed" date="1997-03-12"/>
  </code>
</codes>
<dc element="dc.date.created" value="1997-03-12"/>
<dc element="dc.publisher" value="Reuters Holdings Plc"/>
<dc element="dc.date.published" value="1997-03-12"/>
<dc element="dc.source" value="Reuters"/>
<dc element="dc.creator.location" value="LOS ANGELES"/>
<dc element="dc.creator.location.country.name" value="USA"/>
<dc element="dc.source" value="Reuters"/>
</metadata>
</newsitem>
