<?xml version="1.0" encoding="iso-8859-1" ?>
<newsitem itemid="435375" id="root" date="1997-03-12" xml:lang="en">
<title>USA: Designer Holdings Q4 shr rises to $0.16.</title>
<headline>Designer Holdings Q4 shr rises to $0.16.</headline>
<dateline>NEW YORK 1997-03-12</dateline>
<text>
<p>Statement of Operations</p>
<p>		  (Dollars in thousands, except share data)</p>
<p>			    Three Months Ended	 Year Ended</p>
<p>Pro Forma Results:   12/31/96    12/31/95  12/31/96   12/31/95</p>
<p>Net revenues	   $123,873    $136,896  $480,360   $348,436</p>
<p>Gross profit	     46,826	51,688   182,396    130,476</p>
<p>Selling, general and</p>
<p>administrative</p>
<p>    expenses	     33,405	35,909    118,776    88,689</p>
<p>Start-up costs(1)	 1,133	    --	1,133	  --</p>
<p>Earnings from</p>
<p> operations		12,288	15,779     62,487    41,787</p>
<p>Interest expense	  1,704	 2,295	6,136     3,738</p>
<p>Interest expense(2)--</p>
<p>purchase price accounting</p>
<p> adjustment		   877	    --	  877	  --</p>
<p>Earnings before</p>
<p> income taxes		  9,707     13,484     55,474  38,049</p>
<p>Income taxes		   4,466	5,894     25,519  18,122</p>
<p>Net earnings		   5,241	7,590     29,955  19,927</p>
<p>Earnings per share:</p>
<p>Net earnings per share</p>
<p>excluding</p>
<p>start-up costs and</p>
<p> interest expense	$ 0.20	$ 0.24     $ 0.96   $ 0.62</p>
<p>from a purchase price</p>
<p>accounting adjustment</p>
<p>Net earnings per share $ 0.16	$ 0.24     $ 0.93   $ 0.62</p>
<p>Weighted average</p>
<p>common shares</p>
<p> outstanding    32,208,921  32,159,334 32,334,243 32,159,334</p>
<p>Actual Results:</p>
<p>Earnings before</p>
<p>    income taxes	    $9,707     $5,429    $50,931 $21,933</p>
<p>Income taxes		   4,466	2,269     23,429  10,870</p>
<p>Net earnings before</p>
<p> extraordinary item	  5,241	3,160     27,502  11,063</p>
<p>Extraordinary item	   --	    --	   2,256	--</p>
<p>Net income		     5,241	3,160     25,246  11,063</p>
<p>Earnings per share:</p>
<p>Net earnings per share excluding</p>
<p>start-up costs,</p>
<p> extraordinary item	  $ 0.20     $ 0.13     $ 0.97 $ 0.46</p>
<p>and interest expense from a purchase price</p>
<p>accounting adjustment</p>
<p>Net earnings per share before</p>
<p> extraordinary item	  $ 0.16     $ 0.13     $ 0.93 $ 0.46</p>
<p>Net earnings per share     $ 0.16     $ 0.13     $ 0.85 $ 0.46</p>
<p>Weighted average</p>
<p>common shares</p>
<p>    outstanding   32,208,921 24,233,868  29,585,061 24,233,868</p>
<p>(1)Reflects a start-up cost of $1,133,000 in the fourth quarter of 1996 associated with the DKNY Jeanswear license which will be reversed in the first quarter of 1997. (2) Relates to purchase of DKNY license which will be reversed in the first quarter of 1997.</p>
<p>--((New York Newsdesk 212-859-1709))</p>
</text>
<copyright>(c) Reuters Limited 1997</copyright>
<metadata>
<codes class="bip:countries:1.0">
  <code code="USA">
    <editdetail attribution="Reuters BIP Coding Group" action="confirmed" date="1997-03-12"/>
  </code>
</codes>
<codes class="bip:industries:1.0">
  <code code="I45300">
    <editdetail attribution="Reuters BIP Coding Group" action="confirmed" date="1997-03-12"/>
  </code>
</codes>
<codes class="bip:topics:1.0">
  <code code="C15">
    <editdetail attribution="Reuters BIP Coding Group" action="confirmed" date="1997-03-12"/>
  </code>
  <code code="C151">
    <editdetail attribution="Reuters BIP Coding Group" action="confirmed" date="1997-03-12"/>
  </code>
  <code code="C1511">
    <editdetail attribution="Reuters BIP Coding Group" action="confirmed" date="1997-03-12"/>
  </code>
  <code code="CCAT">
    <editdetail attribution="Reuters BIP Coding Group" action="confirmed" date="1997-03-12"/>
  </code>
</codes>
<dc element="dc.date.created" value="1997-03-12"/>
<dc element="dc.publisher" value="Reuters Holdings Plc"/>
<dc element="dc.date.published" value="1997-03-12"/>
<dc element="dc.source" value="Reuters"/>
<dc element="dc.creator.location" value="NEW YORK"/>
<dc element="dc.creator.location.country.name" value="USA"/>
<dc element="dc.source" value="Reuters"/>
</metadata>
</newsitem>
