<?xml version="1.0" encoding="iso-8859-1" ?>
<newsitem itemid="435322" id="root" date="1997-03-12" xml:lang="en">
<title>USA: American Vanguard Q4 shr falls to $0.49.</title>
<headline>American Vanguard Q4 shr falls to $0.49.</headline>
<dateline>LOS ANGELES 1997-03-12</dateline>
<text>
<p>AMERICAN VANGUARD CORP.</p>
<p>		     Quarter     Quarter	Year	  Year</p>
<p>			Ended	 Ended	 Ended	 Ended</p>
<p>		    12/31/96    12/31/95    12/31/96    12/31/95</p>
<p>Net sales     $19,220,500 $20,587,100 $48,627,900 $55,402,100</p>
<p>Cost of sales   9,983,500   9,091,800  28,280,000  30,741,700</p>
<p>Gross profit    9,237,000  11,495,300  20,347,900  24,660,400</p>
<p>Operating</p>
<p> expenses	 7,028,300   6,904,600  16,824,900  18,689,400</p>
<p>Operating</p>
<p> income	   2,208,700   4,590,700   3,523,000   5,971,000</p>
<p>Interest expense</p>
<p>   - net	   (230,900)   (183,600)   (911,600)   (928,000)</p>
<p>Income before</p>
<p>   income taxes 1,977,800   4,407,100   2,611,400   5,043,000</p>
<p>Income tax</p>
<p> expense	   (738,900) (1,662,100)   (995,900) (1,919,000)</p>
<p>Net income     $1,238,900  $2,745,000  $1,615,500  $3,124,000</p>
<p>Per share</p>
<p>information: (1)</p>
<p>   Net income	 $0.49	 $1.09	 $0.65	 $1.23</p>
<p>Weighted average</p>
<p>number</p>
<p> of shares	2,510,946   2,527,736   2,472,883   2,546,471</p>
<p>NOTE: (1) Earnings per share have been restated to reflect a 10% stock dividend which was paid on March 15, 1996 to stockholders of record as of February 29, 1996.</p>
</text>
<copyright>(c) Reuters Limited 1997</copyright>
<metadata>
<codes class="bip:countries:1.0">
  <code code="USA">
    <editdetail attribution="Reuters BIP Coding Group" action="confirmed" date="1997-03-12"/>
  </code>
</codes>
<codes class="bip:industries:1.0">
  <code code="I25680">
    <editdetail attribution="Reuters BIP Coding Group" action="confirmed" date="1997-03-12"/>
  </code>
</codes>
<codes class="bip:topics:1.0">
  <code code="C15">
    <editdetail attribution="Reuters BIP Coding Group" action="confirmed" date="1997-03-12"/>
  </code>
  <code code="C151">
    <editdetail attribution="Reuters BIP Coding Group" action="confirmed" date="1997-03-12"/>
  </code>
  <code code="C1511">
    <editdetail attribution="Reuters BIP Coding Group" action="confirmed" date="1997-03-12"/>
  </code>
  <code code="CCAT">
    <editdetail attribution="Reuters BIP Coding Group" action="confirmed" date="1997-03-12"/>
  </code>
</codes>
<dc element="dc.date.created" value="1997-03-12"/>
<dc element="dc.publisher" value="Reuters Holdings Plc"/>
<dc element="dc.date.published" value="1997-03-12"/>
<dc element="dc.source" value="Reuters"/>
<dc element="dc.creator.location" value="LOS ANGELES"/>
<dc element="dc.creator.location.country.name" value="USA"/>
<dc element="dc.source" value="Reuters"/>
</metadata>
</newsitem>
