<?xml version="1.0" encoding="iso-8859-1" ?>
<newsitem itemid="435300" id="root" date="1997-03-12" xml:lang="en">
<title>USA: U.S. Steel raising steel prices in May.</title>
<headline>U.S. Steel raising steel prices in May.</headline>
<dateline>PITTSBURGH 1997-03-12</dateline>
<text>
<p>A spokesman for USX-U.S. Steel Group said Wednesday the company will raise steel prices by about three percent effective with May 4 shipments.</p>
<p>The increase follows a price hike on Tuesday by LTV Corp.</p>
<p>The spokesman said hot-rolled sheet will increase by $10 per ton; cold-rolled sheet will rise by $12 to $15 per ton; and galvanized sheet will increase by $18 per ton.</p>
<p>-- ((Pittsburgh newsroom 412-471-7088))</p>
</text>
<copyright>(c) Reuters Limited 1997</copyright>
<metadata>
<codes class="bip:countries:1.0">
  <code code="USA">
    <editdetail attribution="Reuters BIP Coding Group" action="confirmed" date="1997-03-12"/>
  </code>
</codes>
<codes class="bip:industries:1.0">
  <code code="I22100">
    <editdetail attribution="Reuters BIP Coding Group" action="confirmed" date="1997-03-12"/>
  </code>
</codes>
<codes class="bip:topics:1.0">
  <code code="C31">
    <editdetail attribution="Reuters BIP Coding Group" action="confirmed" date="1997-03-12"/>
  </code>
  <code code="CCAT">
    <editdetail attribution="Reuters BIP Coding Group" action="confirmed" date="1997-03-12"/>
  </code>
  <code code="M14">
    <editdetail attribution="Reuters BIP Coding Group" action="confirmed" date="1997-03-12"/>
  </code>
  <code code="M142">
    <editdetail attribution="Reuters BIP Coding Group" action="confirmed" date="1997-03-12"/>
  </code>
  <code code="MCAT">
    <editdetail attribution="Reuters BIP Coding Group" action="confirmed" date="1997-03-12"/>
  </code>
</codes>
<dc element="dc.date.created" value="1997-03-12"/>
<dc element="dc.publisher" value="Reuters Holdings Plc"/>
<dc element="dc.date.published" value="1997-03-12"/>
<dc element="dc.source" value="Reuters"/>
<dc element="dc.creator.location" value="PITTSBURGH"/>
<dc element="dc.creator.location.country.name" value="USA"/>
<dc element="dc.source" value="Reuters"/>
</metadata>
</newsitem>
