<?xml version="1.0" encoding="iso-8859-1" ?>
<newsitem itemid="435373" id="root" date="1997-03-12" xml:lang="en">
<title>USA: IBM, French bank group in digital cash pact.</title>
<headline>IBM, French bank group in digital cash pact.</headline>
<dateline>NEW YORK 1997-03-12</dateline>
<text>
<p>International Business Machines Corp said its software for performing secure financial tranactions over the Internet had been selected by a consortium of leading French financial institutions.</p>
<p>The computer maker said its CommercePoint Software has been chosen by a group including Banque Nationale de Paris, Societe Generale, Credit Lyonnais and France Telecom.</p>
<p>Other backers are Gemplus, a maker of microchip-based &quot;smart cards,&quot; a new type of credit card capable of storing digital cash, and credit card consortium Visa International.  </p>
<p>IBM said the French financial consortium, known as e-COMM, plans to begin a pilot testing program by mid-1997 in France to develop the standard for high-security payments over the Internet.</p>
<p>The effort combines the international Secure Electronic Transactions (SET) software protocol with smart card technology.</p>
<p>The system would allow consumers to purchase goods and services over the Internet using smart cards from merchants who in turn can authorize and obtain payment from banks.</p>
<p>E-COMM would allow customers to buy low-cost items like a newpaper article, a stock price chart or to rent a software application for one-time use, for example, transactions typically seen as uneconomical using current technology.</p>
<p>The consortium has selected a team of three technology companies, including IBM, Microsoft Corp and SG2, a unit of Societe Generale, to provide elements of the system.</p>
</text>
<copyright>(c) Reuters Limited 1997</copyright>
<metadata>
<codes class="bip:countries:1.0">
  <code code="FRA">
    <editdetail attribution="Reuters BIP Coding Group" action="confirmed" date="1997-03-12"/>
  </code>
  <code code="USA">
    <editdetail attribution="Reuters BIP Coding Group" action="confirmed" date="1997-03-12"/>
  </code>
</codes>
<codes class="bip:industries:1.0">
  <code code="I33020">
    <editdetail attribution="Reuters BIP Coding Group" action="confirmed" date="1997-03-12"/>
  </code>
  <code code="I3302003">
    <editdetail attribution="Reuters BIP Coding Group" action="confirmed" date="1997-03-12"/>
  </code>
  <code code="I3302020">
    <editdetail attribution="Reuters BIP Coding Group" action="confirmed" date="1997-03-12"/>
  </code>
  <code code="I79020">
    <editdetail attribution="Reuters BIP Coding Group" action="confirmed" date="1997-03-12"/>
  </code>
  <code code="I81402">
    <editdetail attribution="Reuters BIP Coding Group" action="confirmed" date="1997-03-12"/>
  </code>
</codes>
<codes class="bip:topics:1.0">
  <code code="C21">
    <editdetail attribution="Reuters BIP Coding Group" action="confirmed" date="1997-03-12"/>
  </code>
  <code code="C33">
    <editdetail attribution="Reuters BIP Coding Group" action="confirmed" date="1997-03-12"/>
  </code>
  <code code="CCAT">
    <editdetail attribution="Reuters BIP Coding Group" action="confirmed" date="1997-03-12"/>
  </code>
</codes>
<dc element="dc.date.created" value="1997-03-12"/>
<dc element="dc.publisher" value="Reuters Holdings Plc"/>
<dc element="dc.date.published" value="1997-03-12"/>
<dc element="dc.source" value="Reuters"/>
<dc element="dc.creator.location" value="NEW YORK"/>
<dc element="dc.creator.location.country.name" value="USA"/>
<dc element="dc.source" value="Reuters"/>
</metadata>
</newsitem>
