<?xml version="1.0" encoding="iso-8859-1" ?>
<newsitem itemid="435382" id="root" date="1997-03-12" xml:lang="en">
<title>USA: Astra and NanoSystems to collaborate.</title>
<headline>Astra and NanoSystems to collaborate.</headline>
<dateline>COLLEGEVILLE, Pa. 1997-03-12</dateline>
<text>
<p>NanoSystems LLC said Wednesday it would collaborate with Astra AB unit Astra Draco AB to develop new Astra products for the treatment of respiratory disorders.</p>
<p>NanoSystems will apply its patented NanoCrystal(TM) drug formulation technology to develop nanoparticle formulations.</p>
<p>NanoSystems said it would receive an up-front technology licensing fee, milestone and research payments, and manufacturing fees based upon the sale of any products using its NanoCrystal technology.</p>
<p>Further terms were not disclosed.</p>
</text>
<copyright>(c) Reuters Limited 1997</copyright>
<metadata>
<codes class="bip:countries:1.0">
  <code code="USA">
    <editdetail attribution="Reuters BIP Coding Group" action="confirmed" date="1997-03-12"/>
  </code>
</codes>
<codes class="bip:industries:1.0">
  <code code="I25700">
    <editdetail attribution="Reuters BIP Coding Group" action="confirmed" date="1997-03-12"/>
  </code>
</codes>
<codes class="bip:topics:1.0">
  <code code="C11">
    <editdetail attribution="Reuters BIP Coding Group" action="confirmed" date="1997-03-12"/>
  </code>
  <code code="CCAT">
    <editdetail attribution="Reuters BIP Coding Group" action="confirmed" date="1997-03-12"/>
  </code>
</codes>
<dc element="dc.date.created" value="1997-03-12"/>
<dc element="dc.publisher" value="Reuters Holdings Plc"/>
<dc element="dc.date.published" value="1997-03-12"/>
<dc element="dc.source" value="Reuters"/>
<dc element="dc.creator.location" value="COLLEGEVILLE, Pa."/>
<dc element="dc.creator.location.country.name" value="USA"/>
<dc element="dc.source" value="Reuters"/>
</metadata>
</newsitem>
