<?xml version="1.0" encoding="iso-8859-1" ?>
<newsitem itemid="435336" id="root" date="1997-03-12" xml:lang="en">
<title>USA: Hauser Inc Q3 Jan 31 net profit vs loss.</title>
<headline>Hauser Inc Q3 Jan 31 net profit vs loss.</headline>
<dateline>BOULDER, Colo. 1997-03-12</dateline>
<text>
<p>Three Months Three Months  Nine Months   Nine Months</p>
<p>		    Ended	  Ended	  Ended	   Ended</p>
<p>	    January 31,  January 31,  January 31,   January 31,</p>
<p>		    1997	   1996	   1997	     1996</p>
<p>Total Revenues</p>
<p>	     $7,957,716   $3,557,836  $18,762,715   $11,420,124</p>
<p>Loss from Operations</p>
<p>		 (97,946)  (2,036,284)  (3,760,386)   (6,963,558)</p>
<p>Income (Loss) from Continuing</p>
<p>  Operations  13,914   (1,188,404)  (2,417,654)   (4,014,538)</p>
<p>Loss from Discontinued</p>
<p>  Operations	--    (518,007)  (3,056,047)    (1,045,271)</p>
<p>Net Income (LOSS)</p>
<p>		  13,914  (1,706,411)  (5,473,701)    (5,059,809)</p>
<p>Income (Loss) Per Share-Continuing Operations</p>
<p>		     .00	  (.11)	  (.23)	    (.39)</p>
<p>Loss Per Share-Discontinued Operations</p>
<p>		     --	  (.05)	  (.30)	     (.10)</p>
<p>Net Income/Loss Per Share</p>
<p>		   $.00	 $(.16)	 $(.53)	    $(.49)</p>
<p>Weighted Shares Outstanding</p>
<p>	  10,800,029   10,344,007   10,405,818	 10,337,953</p>
</text>
<copyright>(c) Reuters Limited 1997</copyright>
<metadata>
<codes class="bip:countries:1.0">
  <code code="USA">
    <editdetail attribution="Reuters BIP Coding Group" action="confirmed" date="1997-03-12"/>
  </code>
</codes>
<codes class="bip:industries:1.0">
  <code code="I25000">
    <editdetail attribution="Reuters BIP Coding Group" action="confirmed" date="1997-03-12"/>
  </code>
</codes>
<codes class="bip:topics:1.0">
  <code code="C15">
    <editdetail attribution="Reuters BIP Coding Group" action="confirmed" date="1997-03-12"/>
  </code>
  <code code="C151">
    <editdetail attribution="Reuters BIP Coding Group" action="confirmed" date="1997-03-12"/>
  </code>
  <code code="CCAT">
    <editdetail attribution="Reuters BIP Coding Group" action="confirmed" date="1997-03-12"/>
  </code>
</codes>
<dc element="dc.date.created" value="1997-03-12"/>
<dc element="dc.publisher" value="Reuters Holdings Plc"/>
<dc element="dc.date.published" value="1997-03-12"/>
<dc element="dc.source" value="Reuters"/>
<dc element="dc.creator.location" value="BOULDER, Colo."/>
<dc element="dc.creator.location.country.name" value="USA"/>
<dc element="dc.source" value="Reuters"/>
</metadata>
</newsitem>
