<?xml version="1.0" encoding="iso-8859-1" ?>
<newsitem itemid="435351" id="root" date="1997-03-12" xml:lang="en">
<title>USA: Chicago Dock sets date for merger vote.</title>
<headline>Chicago Dock sets date for merger vote.</headline>
<dateline>CHICAGO 1997-03-12</dateline>
<text>
<p>Chicago Dock and Canal Trust said it will hold a special meeting April 18 for shareholders to vote upon a proposed merger with CityFront Center LLC.</p>
<p>The shareholder record date for the meeting is March 14.</p>
<p>Under the merger agreement, CityFront would acquire all outstanding shares of the trust for $25 a share in cash.</p>
<p>Chicago Dock signed a definitive merger agreement with CityFront in late December.</p>
<p>Chicago Dock also said it has satisfied the requirements of the merger agreement, and that it and CityFront concluded that the merger did not require a filing under the Hart-Scott-Rodino act.</p>
<p>Chicago Dock is a real estate investment trust.</p>
<p>((Reuters Chicago Newsdesk (312) 408-8787))</p>
</text>
<copyright>(c) Reuters Limited 1997</copyright>
<metadata>
<codes class="bip:countries:1.0">
  <code code="USA">
    <editdetail attribution="Reuters BIP Coding Group" action="confirmed" date="1997-03-12"/>
  </code>
</codes>
<codes class="bip:industries:1.0">
  <code code="I81502">
    <editdetail attribution="Reuters BIP Coding Group" action="confirmed" date="1997-03-12"/>
  </code>
  <code code="I8150206">
    <editdetail attribution="Reuters BIP Coding Group" action="confirmed" date="1997-03-12"/>
  </code>
</codes>
<codes class="bip:topics:1.0">
  <code code="C18">
    <editdetail attribution="Reuters BIP Coding Group" action="confirmed" date="1997-03-12"/>
  </code>
  <code code="C181">
    <editdetail attribution="Reuters BIP Coding Group" action="confirmed" date="1997-03-12"/>
  </code>
  <code code="CCAT">
    <editdetail attribution="Reuters BIP Coding Group" action="confirmed" date="1997-03-12"/>
  </code>
</codes>
<dc element="dc.date.created" value="1997-03-12"/>
<dc element="dc.publisher" value="Reuters Holdings Plc"/>
<dc element="dc.date.published" value="1997-03-12"/>
<dc element="dc.source" value="Reuters"/>
<dc element="dc.creator.location" value="CHICAGO"/>
<dc element="dc.creator.location.country.name" value="USA"/>
<dc element="dc.source" value="Reuters"/>
</metadata>
</newsitem>
