<?xml version="1.0" encoding="iso-8859-1" ?>
<newsitem itemid="435325" id="root" date="1997-03-12" xml:lang="en">
<title>USA: Central Sprinkler Q1 January net rises.</title>
<headline>Central Sprinkler Q1 January net rises.</headline>
<dateline>LANSDALE, Pa. 1997-03-12</dateline>
<text>
<p>1997			1996</p>
<p> Shr			  $0.39		    $0.31</p>
<p> Net			  1,299		    1,041</p>
<p> Revs			48,180		   40,750</p>
<p> Avg shrs		   3,344		    3,352</p>
<p>(All data above 000s except per share numbers)</p>
<p>NOTE: Full name of company is Central Sprinkler Corp</p>
</text>
<copyright>(c) Reuters Limited 1997</copyright>
<metadata>
<codes class="bip:countries:1.0">
  <code code="USA">
    <editdetail attribution="Reuters BIP Coding Group" action="confirmed" date="1997-03-12"/>
  </code>
</codes>
<codes class="bip:industries:1.0">
  <code code="I32870">
    <editdetail attribution="Reuters BIP Coding Group" action="confirmed" date="1997-03-12"/>
  </code>
</codes>
<codes class="bip:topics:1.0">
  <code code="C15">
    <editdetail attribution="Reuters BIP Coding Group" action="confirmed" date="1997-03-12"/>
  </code>
  <code code="C151">
    <editdetail attribution="Reuters BIP Coding Group" action="confirmed" date="1997-03-12"/>
  </code>
  <code code="CCAT">
    <editdetail attribution="Reuters BIP Coding Group" action="confirmed" date="1997-03-12"/>
  </code>
</codes>
<dc element="dc.date.created" value="1997-03-12"/>
<dc element="dc.publisher" value="Reuters Holdings Plc"/>
<dc element="dc.date.published" value="1997-03-12"/>
<dc element="dc.source" value="Reuters"/>
<dc element="dc.creator.location" value="LANSDALE, Pa."/>
<dc element="dc.creator.location.country.name" value="USA"/>
<dc element="dc.source" value="Reuters"/>
</metadata>
</newsitem>
