<?xml version="1.0" encoding="iso-8859-1" ?>
<newsitem itemid="435306" id="root" date="1997-03-12" xml:lang="en">
<title>USA: US Airways expands lawsuit against British Airways.</title>
<headline>US Airways expands lawsuit against British Airways.</headline>
<dateline>ARLINGTON, Va. 1997-03-12</dateline>
<text>
<p>US Airways said on Wednesday it has expanded its lawsuit against British Airways, to include alleged breach of fiduciary duty by BA's representatives on the US Airways board.</p>
<p>In addition, US Airways said it amended its initial antitrust and contract allegations in the suit filed with a federal court in New York.  </p>
<p>US Airways said it expanded its lawsuit based upon information gathered in the pre-trial discovery process.</p>
<p>It said the amended complaint has been filed under seal, in accordance with the rules of the court, because it contains references to documents that British Airways and American Airlines, a unit of AMR Corp, claim contain confidential information.</p>
<p>US Airways, then called USAir, filed suit in July, 1996, alleging that British Airways' alliance with American Airlines violated terms of a similar alliance it signed with British Airways in 1993.</p>
<p>The suit also alleged that both British Airways and American Airlines violated U.S. antitrust laws that prohibit conduct that harms competition.</p>
<p>In addition, US Airways also alleged that British Airways failed to act in good faith and breached its fiduciary duty to US Airways as a joint venture partner.</p>
</text>
<copyright>(c) Reuters Limited 1997</copyright>
<metadata>
<codes class="bip:countries:1.0">
  <code code="USA">
    <editdetail attribution="Reuters BIP Coding Group" action="confirmed" date="1997-03-12"/>
  </code>
</codes>
<codes class="bip:industries:1.0">
  <code code="I75000">
    <editdetail attribution="Reuters BIP Coding Group" action="confirmed" date="1997-03-12"/>
  </code>
</codes>
<codes class="bip:topics:1.0">
  <code code="C11">
    <editdetail attribution="Reuters BIP Coding Group" action="confirmed" date="1997-03-12"/>
  </code>
  <code code="C12">
    <editdetail attribution="Reuters BIP Coding Group" action="confirmed" date="1997-03-12"/>
  </code>
  <code code="CCAT">
    <editdetail attribution="Reuters BIP Coding Group" action="confirmed" date="1997-03-12"/>
  </code>
  <code code="GCAT">
    <editdetail attribution="Reuters BIP Coding Group" action="confirmed" date="1997-03-12"/>
  </code>
  <code code="GCRIM">
    <editdetail attribution="Reuters BIP Coding Group" action="confirmed" date="1997-03-12"/>
  </code>
</codes>
<dc element="dc.date.created" value="1997-03-12"/>
<dc element="dc.publisher" value="Reuters Holdings Plc"/>
<dc element="dc.date.published" value="1997-03-12"/>
<dc element="dc.source" value="Reuters"/>
<dc element="dc.creator.location" value="ARLINGTON, Va."/>
<dc element="dc.creator.location.country.name" value="USA"/>
<dc element="dc.source" value="Reuters"/>
</metadata>
</newsitem>
