<?xml version="1.0" encoding="iso-8859-1" ?>
<newsitem itemid="435321" id="root" date="1997-03-12" xml:lang="en">
<title>USA: House Bank Chair Leach opposes bank/commerce mix.</title>
<headline>House Bank Chair Leach opposes bank/commerce mix.</headline>
<dateline>WASHINGTON 1997-03-12</dateline>
<text>
<p>House Banking Committee Chairman Jim Leach said on Wednesday he remains wary of financial modernization proposals that would allow unlimited combination of banks and commercial firms.</p>
<p>While he supports allowing banks to combine with securities underwriters and insurance firms, the Iowa Republican said proposals that go further &quot;should be looked upon with great wariness.&quot;</p>
<p>Leach was testifying before the Banking Committee's Subcommittee on Capital Markets, Securities and Government-Sponsored Enterprises.  </p>
<p>Leach has introduced a bill that would allow minimal mixing of banking and commerce.</p>
<p>Rep. Richard Baker, chairman of the capital markets subcommittee, has offered a bill that would impose virtually no limit on such combinations.</p>
<p>Leach said the general public would not favor unlimited combinations.</p>
<p>&quot;Questions demand answering,&quot; Leach said. &quot;Does the public have a vested interest in government-incentivized conglomeration or greater market competition?&quot;</p>
<p>Aaron Pressman ((202-898-8312))</p>
</text>
<copyright>(c) Reuters Limited 1997</copyright>
<metadata>
<codes class="bip:countries:1.0">
  <code code="USA">
    <editdetail attribution="Reuters BIP Coding Group" action="confirmed" date="1997-03-12"/>
  </code>
</codes>
<codes class="bip:industries:1.0">
  <code code="I81402">
    <editdetail attribution="Reuters BIP Coding Group" action="confirmed" date="1997-03-12"/>
  </code>
</codes>
<codes class="bip:topics:1.0">
  <code code="C13">
    <editdetail attribution="Reuters BIP Coding Group" action="confirmed" date="1997-03-12"/>
  </code>
  <code code="CCAT">
    <editdetail attribution="Reuters BIP Coding Group" action="confirmed" date="1997-03-12"/>
  </code>
  <code code="GCAT">
    <editdetail attribution="Reuters BIP Coding Group" action="confirmed" date="1997-03-12"/>
  </code>
  <code code="GPOL">
    <editdetail attribution="Reuters BIP Coding Group" action="confirmed" date="1997-03-12"/>
  </code>
</codes>
<dc element="dc.date.created" value="1997-03-12"/>
<dc element="dc.publisher" value="Reuters Holdings Plc"/>
<dc element="dc.date.published" value="1997-03-12"/>
<dc element="dc.source" value="Reuters"/>
<dc element="dc.creator.location" value="WASHINGTON"/>
<dc element="dc.creator.location.country.name" value="USA"/>
<dc element="dc.source" value="Reuters"/>
</metadata>
</newsitem>
