<?xml version="1.0" encoding="iso-8859-1" ?>
<newsitem itemid="435305" id="root" date="1997-03-12" xml:lang="en">
<title>USA: Vitech America Inc Q4 shr $0.38 vs $0.77.</title>
<headline>Vitech America Inc Q4 shr $0.38 vs $0.77.</headline>
<dateline>MIAMI, Fla. 1997-03-12</dateline>
<text>
<p>1996			1995</p>
<p> Shr primary     $0.38		    $0.77</p>
<p> Net		 3,425		    6,427</p>
<p> Revs		29,396		   21,027</p>
<p> Avg shrs	  8,906		    8,294</p>
<p>	  12 MONTHS</p>
<p> Shr primary     $0.94		    $0.84</p>
<p> Net		 8,231		    6,905</p>
<p> Revs		73,321		   48,489</p>
<p> Avg shrs	  8,906		    8,294</p>
<p>(All data above 000s except per share numbers)</p>
</text>
<copyright>(c) Reuters Limited 1997</copyright>
<metadata>
<codes class="bip:countries:1.0">
  <code code="USA">
    <editdetail attribution="Reuters BIP Coding Group" action="confirmed" date="1997-03-12"/>
  </code>
</codes>
<codes class="bip:topics:1.0">
  <code code="C15">
    <editdetail attribution="Reuters BIP Coding Group" action="confirmed" date="1997-03-12"/>
  </code>
  <code code="C151">
    <editdetail attribution="Reuters BIP Coding Group" action="confirmed" date="1997-03-12"/>
  </code>
  <code code="C1511">
    <editdetail attribution="Reuters BIP Coding Group" action="confirmed" date="1997-03-12"/>
  </code>
  <code code="CCAT">
    <editdetail attribution="Reuters BIP Coding Group" action="confirmed" date="1997-03-12"/>
  </code>
</codes>
<dc element="dc.date.created" value="1997-03-12"/>
<dc element="dc.publisher" value="Reuters Holdings Plc"/>
<dc element="dc.date.published" value="1997-03-12"/>
<dc element="dc.source" value="Reuters"/>
<dc element="dc.creator.location" value="MIAMI, Fla."/>
<dc element="dc.creator.location.country.name" value="USA"/>
<dc element="dc.source" value="Reuters"/>
</metadata>
</newsitem>
