<?xml version="1.0" encoding="iso-8859-1" ?>
<newsitem itemid="435371" id="root" date="1997-03-12" xml:lang="en">
<title>USA: Acceptance sees 1997 EPS of $2.01.</title>
<headline>Acceptance sees 1997 EPS of $2.01.</headline>
<dateline>OMAHA, Neb. 1997-03-12</dateline>
<text>
<p>Acceptance Insurance Cos Inc said it forecasts 1997 net income of $31.2 million, or $2.01 per share.</p>
<p>The company Wednesday reported 1996 net income of $30.3 million, or $1.96 per fully diluted share.</p>
<p>&quot;The company will continue to monitor actual results and will update its 1997 forecast if events indicate that there may be a material change in the forecast,&quot; it said.</p>
<p>Acceptance is a property and casualty insurance company.</p>
<p>((--Chicago Newsdesk 312-408-8787))</p>
</text>
<copyright>(c) Reuters Limited 1997</copyright>
<metadata>
<codes class="bip:countries:1.0">
  <code code="USA">
    <editdetail attribution="Reuters BIP Coding Group" action="confirmed" date="1997-03-12"/>
  </code>
</codes>
<codes class="bip:industries:1.0">
  <code code="I82003">
    <editdetail attribution="Reuters BIP Coding Group" action="confirmed" date="1997-03-12"/>
  </code>
</codes>
<codes class="bip:topics:1.0">
  <code code="C15">
    <editdetail attribution="Reuters BIP Coding Group" action="confirmed" date="1997-03-12"/>
  </code>
  <code code="C152">
    <editdetail attribution="Reuters BIP Coding Group" action="confirmed" date="1997-03-12"/>
  </code>
  <code code="CCAT">
    <editdetail attribution="Reuters BIP Coding Group" action="confirmed" date="1997-03-12"/>
  </code>
</codes>
<dc element="dc.date.created" value="1997-03-12"/>
<dc element="dc.publisher" value="Reuters Holdings Plc"/>
<dc element="dc.date.published" value="1997-03-12"/>
<dc element="dc.source" value="Reuters"/>
<dc element="dc.creator.location" value="OMAHA, Neb."/>
<dc element="dc.creator.location.country.name" value="USA"/>
<dc element="dc.source" value="Reuters"/>
</metadata>
</newsitem>
