<?xml version="1.0" encoding="iso-8859-1" ?>
<newsitem itemid="435316" id="root" date="1997-03-12" xml:lang="en">
<title>USA: State Street Boston Corp to change name.</title>
<headline>State Street Boston Corp to change name.</headline>
<dateline>BOSTON 1997-03-12</dateline>
<text>
<p>State Street Boston Corp said Wednesday it will change its name to State Street Corp and begin its first television advertising campaign in its history as part of a new branding strategy.</p>
<p>Neither the effective date of the name change nor the start date of the advertising campaign were immediately available.</p>
<p>The company said that strategy reflects its transformation into a global institution and its ability to serve institutional investors worldwide.</p>
<p>State Street has $300 billion in assets under management, $3 trillion in assets under custody, and customers in 77 nations.  </p>
<p>Reached later for comment, the company said that the name change will take effect April 16, pending shareholder approval.</p>
<p>The company also said that print ads would begin appearing Mar 13, and television ads would begin airing Mar 16 on CNN, CBS and other stations.</p>
</text>
<copyright>(c) Reuters Limited 1997</copyright>
<metadata>
<codes class="bip:countries:1.0">
  <code code="USA">
    <editdetail attribution="Reuters BIP Coding Group" action="confirmed" date="1997-03-12"/>
  </code>
</codes>
<codes class="bip:industries:1.0">
  <code code="I81402">
    <editdetail attribution="Reuters BIP Coding Group" action="confirmed" date="1997-03-12"/>
  </code>
</codes>
<codes class="bip:topics:1.0">
  <code code="C11">
    <editdetail attribution="Reuters BIP Coding Group" action="confirmed" date="1997-03-12"/>
  </code>
  <code code="C32">
    <editdetail attribution="Reuters BIP Coding Group" action="confirmed" date="1997-03-12"/>
  </code>
  <code code="CCAT">
    <editdetail attribution="Reuters BIP Coding Group" action="confirmed" date="1997-03-12"/>
  </code>
</codes>
<dc element="dc.date.created" value="1997-03-12"/>
<dc element="dc.publisher" value="Reuters Holdings Plc"/>
<dc element="dc.date.published" value="1997-03-12"/>
<dc element="dc.source" value="Reuters"/>
<dc element="dc.creator.location" value="BOSTON"/>
<dc element="dc.creator.location.country.name" value="USA"/>
<dc element="dc.source" value="Reuters"/>
</metadata>
</newsitem>
