<?xml version="1.0" encoding="iso-8859-1" ?>
<newsitem itemid="435311" id="root" date="1997-03-12" xml:lang="en">
<title>USA: J.C.Penney to launch new ad campaign.</title>
<headline>J.C.Penney to launch new ad campaign.</headline>
<dateline>DALLAS 1997-03-12</dateline>
<text>
<p>J.C. Penney Co Inc said Wednesday it will launch a new marketing campaign on March 12, with the theme &quot;JCPenney, I Love Your Style.&quot;</p>
<p>Television spots of 60 and 30 seconds will launch the campaign during its seven-week introductory phase, which includes the Academy Awards broadcast on March 24.  In addition, newspaper circulars, direct mail, and in-store signage will carry the new themeline.</p>
<p>The campaign, created by Temerlin-McLain, JCPenney's Dallas-based advertising agency, is aimed at JCPenney shoppers, women aged 25-54 who have children and are employed outside the home.</p>
</text>
<copyright>(c) Reuters Limited 1997</copyright>
<metadata>
<codes class="bip:countries:1.0">
  <code code="USA">
    <editdetail attribution="Reuters BIP Coding Group" action="confirmed" date="1997-03-12"/>
  </code>
</codes>
<codes class="bip:industries:1.0">
  <code code="I65600">
    <editdetail attribution="Reuters BIP Coding Group" action="confirmed" date="1997-03-12"/>
  </code>
  <code code="I6560002">
    <editdetail attribution="Reuters BIP Coding Group" action="confirmed" date="1997-03-12"/>
  </code>
</codes>
<codes class="bip:topics:1.0">
  <code code="C32">
    <editdetail attribution="Reuters BIP Coding Group" action="confirmed" date="1997-03-12"/>
  </code>
  <code code="CCAT">
    <editdetail attribution="Reuters BIP Coding Group" action="confirmed" date="1997-03-12"/>
  </code>
</codes>
<dc element="dc.date.created" value="1997-03-12"/>
<dc element="dc.publisher" value="Reuters Holdings Plc"/>
<dc element="dc.date.published" value="1997-03-12"/>
<dc element="dc.source" value="Reuters"/>
<dc element="dc.creator.location" value="DALLAS"/>
<dc element="dc.creator.location.country.name" value="USA"/>
<dc element="dc.source" value="Reuters"/>
</metadata>
</newsitem>
