<?xml version="1.0" encoding="iso-8859-1" ?>
<newsitem itemid="435312" id="root" date="1997-03-12" xml:lang="en">
<title>USA: Robbins &amp; Myers Q2 Feb 28 net rises.</title>
<headline>Robbins &amp; Myers Q2 Feb 28 net rises.</headline>
<dateline>DAYTON, Ohio 1997-03-12</dateline>
<text>
<p>ROBBINS &amp; MYERS, INC. (In thousands except per-share data)</p>
<p>		    Three Months Ended		Six Months Ended</p>
<p>	   February 28  February 29    February 28   February 29</p>
<p>		1997	    1996	     1997	    1996</p>
<p>NET SALES $93,208	 $84,179	 $187,030	$165,391</p>
<p>NET INCOME $6,315	  $4,326	  $12,832	  $8,427</p>
<p>INCOME PER SHARE:</p>
<p> PRIMARY    $0.56	   $0.39	    $1.14	   $0.77</p>
<p> DILUTED    $0.51	   $0.38	    $1.04	   $0.74</p>
<p>WTD AVG SHRS O/S:</p>
</text>
<copyright>(c) Reuters Limited 1997</copyright>
<metadata>
<codes class="bip:countries:1.0">
  <code code="USA">
    <editdetail attribution="Reuters BIP Coding Group" action="confirmed" date="1997-03-12"/>
  </code>
</codes>
<codes class="bip:industries:1.0">
  <code code="I34200">
    <editdetail attribution="Reuters BIP Coding Group" action="confirmed" date="1997-03-12"/>
  </code>
</codes>
<codes class="bip:topics:1.0">
  <code code="C15">
    <editdetail attribution="Reuters BIP Coding Group" action="confirmed" date="1997-03-12"/>
  </code>
  <code code="C151">
    <editdetail attribution="Reuters BIP Coding Group" action="confirmed" date="1997-03-12"/>
  </code>
  <code code="CCAT">
    <editdetail attribution="Reuters BIP Coding Group" action="confirmed" date="1997-03-12"/>
  </code>
</codes>
<dc element="dc.date.created" value="1997-03-12"/>
<dc element="dc.publisher" value="Reuters Holdings Plc"/>
<dc element="dc.date.published" value="1997-03-12"/>
<dc element="dc.source" value="Reuters"/>
<dc element="dc.creator.location" value="DAYTON, Ohio"/>
<dc element="dc.creator.location.country.name" value="USA"/>
<dc element="dc.source" value="Reuters"/>
</metadata>
</newsitem>
