<?xml version="1.0" encoding="iso-8859-1" ?>
<newsitem itemid="435329" id="root" date="1997-03-12" xml:lang="en">
<title>USA: Cross Timbers to offer $165 mln of notes.</title>
<headline>Cross Timbers to offer $165 mln of notes.</headline>
<dateline>FORT WORTH, Texas 1997-03-12</dateline>
<text>
<p>Cross Timbers Oil Co said Wednesay it intends to offer $165 million of senior subordinated notes, due 2007.</p>
<p>The offering will be made by means of a memorandum to qualified institutional buyers, and the securities will have certain registration rights.  Proceeds will be used to repay amounts outstanding under the company's revolving credit facility, said the company.</p>
<p>The notes offered have not been and will not be registered under the Securities Act of 1933, said the company, and may not be offered or sold in the U.S. absent registration or an applicable exemption from registration requirements.</p>
<p>Cross Timbers is engaged in the acquisition, exploitation and development of producing oil and gas properties concentrated in Texas, Oklahoma, Kansas, New Mexico and Wyoming.</p>
</text>
<copyright>(c) Reuters Limited 1997</copyright>
<metadata>
<codes class="bip:countries:1.0">
  <code code="USA">
    <editdetail attribution="Reuters BIP Coding Group" action="confirmed" date="1997-03-12"/>
  </code>
</codes>
<codes class="bip:topics:1.0">
  <code code="C17">
    <editdetail attribution="Reuters BIP Coding Group" action="confirmed" date="1997-03-12"/>
  </code>
  <code code="C172">
    <editdetail attribution="Reuters BIP Coding Group" action="confirmed" date="1997-03-12"/>
  </code>
  <code code="CCAT">
    <editdetail attribution="Reuters BIP Coding Group" action="confirmed" date="1997-03-12"/>
  </code>
</codes>
<dc element="dc.date.created" value="1997-03-12"/>
<dc element="dc.publisher" value="Reuters Holdings Plc"/>
<dc element="dc.date.published" value="1997-03-12"/>
<dc element="dc.source" value="Reuters"/>
<dc element="dc.creator.location" value="FORT WORTH, Texas"/>
<dc element="dc.creator.location.country.name" value="USA"/>
<dc element="dc.source" value="Reuters"/>
</metadata>
</newsitem>
