<?xml version="1.0" encoding="iso-8859-1" ?>
<newsitem itemid="435386" id="root" date="1997-03-12" xml:lang="en">
<title>USA: Sun, LSI work on telecom chip.</title>
<headline>Sun, LSI work on telecom chip.</headline>
<dateline>MOUNTAIN VIEW, Calif 1997-03-12</dateline>
<text>
<p>Sun Microsystems Inc and LSI Logic Corp said Wednesday they are working together to develop a computer chip for telecommunications equipment, office machines and network computers.</p>
<p>The new chip, the microSPARC-IIep, was designed by Sun and will be built by LSI.  It will be available in samples to customers in a few weeks and available widely by the third quarter, the companies said.</p>
<p>The chip is designed to be a general processor to handle relatively easy computing tasks in various types of electronics.</p>
<p>Sun said the chip also can be used in next-generation network computers based on its Java software technology.</p>
</text>
<copyright>(c) Reuters Limited 1997</copyright>
<metadata>
<codes class="bip:countries:1.0">
  <code code="USA">
    <editdetail attribution="Reuters BIP Coding Group" action="confirmed" date="1997-03-12"/>
  </code>
</codes>
<codes class="bip:industries:1.0">
  <code code="I33020">
    <editdetail attribution="Reuters BIP Coding Group" action="confirmed" date="1997-03-12"/>
  </code>
  <code code="I3302003">
    <editdetail attribution="Reuters BIP Coding Group" action="confirmed" date="1997-03-12"/>
  </code>
  <code code="I34531">
    <editdetail attribution="Reuters BIP Coding Group" action="confirmed" date="1997-03-12"/>
  </code>
</codes>
<codes class="bip:topics:1.0">
  <code code="C11">
    <editdetail attribution="Reuters BIP Coding Group" action="confirmed" date="1997-03-12"/>
  </code>
  <code code="CCAT">
    <editdetail attribution="Reuters BIP Coding Group" action="confirmed" date="1997-03-12"/>
  </code>
</codes>
<dc element="dc.date.created" value="1997-03-12"/>
<dc element="dc.publisher" value="Reuters Holdings Plc"/>
<dc element="dc.date.published" value="1997-03-12"/>
<dc element="dc.source" value="Reuters"/>
<dc element="dc.creator.location" value="MOUNTAIN VIEW, Calif"/>
<dc element="dc.creator.location.country.name" value="USA"/>
<dc element="dc.source" value="Reuters"/>
</metadata>
</newsitem>
