<?xml version="1.0" encoding="iso-8859-1" ?>
<newsitem itemid="435362" id="root" date="1997-03-12" xml:lang="en">
<title>USA: Lockhart departs MasterCard for BankAmerica.</title>
<headline>Lockhart departs MasterCard for BankAmerica.</headline>
<dateline>SAN FRANCISCO 1997-03-12</dateline>
<text>
<p>BankAmerica Corp said Wednesday it appointed H. Eugene Lockhart as president of its Global Retail Bank.</p>
<p>Lockhart, 47, has been serving as president and chief executive officer of MasterCard International.</p>
<p>Separately, MasterCard International Wednesday announced appointment of Robert Selander to succeed Lockhart as president and chief executive officer of the global payments system.</p>
<p>As president of the BankAmerica's Global Retail Bank, Lockhart will be responsible for the consumer and small business banking areas now reporting to vice chairman Tom Peterson, who previously announced his intention to retire in 1997.</p>
<p>BankAmerica said the Global Retail Bank is traditionally one of company's strongest sources of earnings.</p>
</text>
<copyright>(c) Reuters Limited 1997</copyright>
<metadata>
<codes class="bip:countries:1.0">
  <code code="USA">
    <editdetail attribution="Reuters BIP Coding Group" action="confirmed" date="1997-03-12"/>
  </code>
</codes>
<codes class="bip:industries:1.0">
  <code code="I81402">
    <editdetail attribution="Reuters BIP Coding Group" action="confirmed" date="1997-03-12"/>
  </code>
</codes>
<codes class="bip:topics:1.0">
  <code code="C41">
    <editdetail attribution="Reuters BIP Coding Group" action="confirmed" date="1997-03-12"/>
  </code>
  <code code="C411">
    <editdetail attribution="Reuters BIP Coding Group" action="confirmed" date="1997-03-12"/>
  </code>
  <code code="CCAT">
    <editdetail attribution="Reuters BIP Coding Group" action="confirmed" date="1997-03-12"/>
  </code>
</codes>
<dc element="dc.date.created" value="1997-03-12"/>
<dc element="dc.publisher" value="Reuters Holdings Plc"/>
<dc element="dc.date.published" value="1997-03-12"/>
<dc element="dc.source" value="Reuters"/>
<dc element="dc.creator.location" value="SAN FRANCISCO"/>
<dc element="dc.creator.location.country.name" value="USA"/>
<dc element="dc.source" value="Reuters"/>
</metadata>
</newsitem>
