<?xml version="1.0" encoding="iso-8859-1" ?>
<newsitem itemid="435391" id="root" date="1997-03-12" xml:lang="en">
<title>USA: Vermont Pure Q1 Jan 25 net loss narrows.</title>
<headline>Vermont Pure Q1 Jan 25 net loss narrows.</headline>
<dateline>RANDOLPH, Vt. 1997-03-12</dateline>
<text>
<p>Quarter Ended	  Quarter Ended</p>
<p>				    Jan. 25, 1997	  Jan. 26, 1996</p>
<p>Sales				  $2,315,415	     $1,270,031</p>
<p>Net loss			     ($670,241)	     ($757,159)</p>
<p>Loss Per Share			  ($0.07)		  ($0.08)</p>
<p>Wgt Avg.</p>
<p>  Shares Outstanding	     9,678,268		9,678,268</p>
<p>NOTE:  Full name of company is Vermont Pure Holdings Ltd.</p>
</text>
<copyright>(c) Reuters Limited 1997</copyright>
<metadata>
<codes class="bip:countries:1.0">
  <code code="USA">
    <editdetail attribution="Reuters BIP Coding Group" action="confirmed" date="1997-03-12"/>
  </code>
</codes>
<codes class="bip:industries:1.0">
  <code code="I42800">
    <editdetail attribution="Reuters BIP Coding Group" action="confirmed" date="1997-03-12"/>
  </code>
</codes>
<codes class="bip:topics:1.0">
  <code code="C15">
    <editdetail attribution="Reuters BIP Coding Group" action="confirmed" date="1997-03-12"/>
  </code>
  <code code="C151">
    <editdetail attribution="Reuters BIP Coding Group" action="confirmed" date="1997-03-12"/>
  </code>
  <code code="CCAT">
    <editdetail attribution="Reuters BIP Coding Group" action="confirmed" date="1997-03-12"/>
  </code>
</codes>
<dc element="dc.date.created" value="1997-03-12"/>
<dc element="dc.publisher" value="Reuters Holdings Plc"/>
<dc element="dc.date.published" value="1997-03-12"/>
<dc element="dc.source" value="Reuters"/>
<dc element="dc.creator.location" value="RANDOLPH, Vt."/>
<dc element="dc.creator.location.country.name" value="USA"/>
<dc element="dc.source" value="Reuters"/>
</metadata>
</newsitem>
