<?xml version="1.0" encoding="iso-8859-1" ?>
<newsitem itemid="435310" id="root" date="1997-03-12" xml:lang="en">
<title>USA: Danielson Holding Corp Q4 loss vs profit.</title>
<headline>Danielson Holding Corp Q4 loss vs profit.</headline>
<dateline>NEW YORK 1997-03-12</dateline>
<text>
<p>1996			1995</p>
<p> Shr loss	  $0.34	  profit  $0.07</p>
<p> Net loss	  5,200	  profit  1,100</p>
<p> Revs		12,900		   15,900</p>
<p>		 Year</p>
<p> Shr loss	  $0.41	  profit  $0.27</p>
<p> Net loss	  6,200	  profit  4,300</p>
<p> Revs		48,700		   75,400</p>
<p>(All data above 000s except per share numbers)</p>
<p>NOTE: Table figures are results from continuing operations.</p>
<p>1996 year net excludes loss from discontinued operations (including a loss on the disposal of Danielson Trust Co) of $1.9 million, or $0.12 per share.</p>
<p>1996 year and Q4 include increase of $10 million in unpaid losses and loss adjustment expenses for insurance subsidiary, National American Insurance Co of California, offset in part by $4 million reduction of an accrual for policyholder dividends, and previously announced expenses relating to the terminated Midland transaction and non-recurring compensation expenses of $3.1 million.</p>
</text>
<copyright>(c) Reuters Limited 1997</copyright>
<metadata>
<codes class="bip:countries:1.0">
  <code code="USA">
    <editdetail attribution="Reuters BIP Coding Group" action="confirmed" date="1997-03-12"/>
  </code>
</codes>
<codes class="bip:industries:1.0">
  <code code="I83100">
    <editdetail attribution="Reuters BIP Coding Group" action="confirmed" date="1997-03-12"/>
  </code>
</codes>
<codes class="bip:topics:1.0">
  <code code="C15">
    <editdetail attribution="Reuters BIP Coding Group" action="confirmed" date="1997-03-12"/>
  </code>
  <code code="C151">
    <editdetail attribution="Reuters BIP Coding Group" action="confirmed" date="1997-03-12"/>
  </code>
  <code code="C1511">
    <editdetail attribution="Reuters BIP Coding Group" action="confirmed" date="1997-03-12"/>
  </code>
  <code code="CCAT">
    <editdetail attribution="Reuters BIP Coding Group" action="confirmed" date="1997-03-12"/>
  </code>
</codes>
<dc element="dc.date.created" value="1997-03-12"/>
<dc element="dc.publisher" value="Reuters Holdings Plc"/>
<dc element="dc.date.published" value="1997-03-12"/>
<dc element="dc.source" value="Reuters"/>
<dc element="dc.creator.location" value="NEW YORK"/>
<dc element="dc.creator.location.country.name" value="USA"/>
<dc element="dc.source" value="Reuters"/>
</metadata>
</newsitem>
