<?xml version="1.0" encoding="iso-8859-1" ?>
<newsitem itemid="435398" id="root" date="1997-03-12" xml:lang="en">
<title>USA: BellSouth, IBM in Internet alliance.</title>
<headline>BellSouth, IBM in Internet alliance.</headline>
<dateline>ATLANTA 1997-03-12</dateline>
<text>
<p>BellSouth Corp and International Business Machines Corp have agreed to a strategic alliance for Internet and intranet services in the southeastern United States, the companies said Wednesday.</p>
<p>&quot;Our agreement with IBM will enable BellSouth to provide our Internet services to more than 70 percent of our customer base region-wide,&quot; said John Robinson, president of BellSouth.net Inc. &quot;This positions BellSouth to be the leading Internet service provider in the Southeast.&quot;  </p>
<p>The companies plan to work together over the longer term to design, develop and deploy the Next Generation Internet Platform (NGIP).</p>
<p>The platform will accommodate emerging technologies like Asymmetrical Digital Subscriber Line (ADSL) and new technologies relating to enhanced speed, security and capabilities on the Internet.</p>
<p>BellSouth said it will use the IBM Global Network to extend its dial-up Internet services to an additional 30 markets in the Southeast this year.  </p>
<p>The company currently offers BellSouth.net service for consumers and small businesses and Commerce-Link Internet and intranet services for larger businesses in 14 major markets.</p>
<p>Robinson said connecting through the IBM Global Network will allow BellSouth's Internet customers to access the Internet from more than 830 locations in 49 countries with a local telephone call.</p>
<p>Also as part of the pact, IBM said it plans to use BellSouth's suite of Commerce-Link services, which provide businesses with dial-up and dedicated Internet and intranet connections and value-added IP network services, for their customers in the Southeast.</p>
</text>
<copyright>(c) Reuters Limited 1997</copyright>
<metadata>
<codes class="bip:countries:1.0">
  <code code="USA">
    <editdetail attribution="Reuters BIP Coding Group" action="confirmed" date="1997-03-12"/>
  </code>
</codes>
<codes class="bip:industries:1.0">
  <code code="I33020">
    <editdetail attribution="Reuters BIP Coding Group" action="confirmed" date="1997-03-12"/>
  </code>
  <code code="I3302003">
    <editdetail attribution="Reuters BIP Coding Group" action="confirmed" date="1997-03-12"/>
  </code>
  <code code="I33030">
    <editdetail attribution="Reuters BIP Coding Group" action="confirmed" date="1997-03-12"/>
  </code>
  <code code="I79020">
    <editdetail attribution="Reuters BIP Coding Group" action="confirmed" date="1997-03-12"/>
  </code>
</codes>
<codes class="bip:topics:1.0">
  <code code="C11">
    <editdetail attribution="Reuters BIP Coding Group" action="confirmed" date="1997-03-12"/>
  </code>
  <code code="CCAT">
    <editdetail attribution="Reuters BIP Coding Group" action="confirmed" date="1997-03-12"/>
  </code>
</codes>
<dc element="dc.date.created" value="1997-03-12"/>
<dc element="dc.publisher" value="Reuters Holdings Plc"/>
<dc element="dc.date.published" value="1997-03-12"/>
<dc element="dc.source" value="Reuters"/>
<dc element="dc.creator.location" value="ATLANTA"/>
<dc element="dc.creator.location.country.name" value="USA"/>
<dc element="dc.source" value="Reuters"/>
</metadata>
</newsitem>
