<?xml version="1.0" encoding="iso-8859-1" ?>
<newsitem itemid="435317" id="root" date="1997-03-12" xml:lang="en">
<title>USA: Holmes, EDS terminate outsourcing pact.</title>
<headline>Holmes, EDS terminate outsourcing pact.</headline>
<dateline>NEW YORK 1997-03-12</dateline>
<text>
<p>Holmes Protection Group Inc said on Wednesday it reached an agreement in principle with Electronic Data Systems Corp and its subsidiary, PremiTech Corp, to terminate their outsourcing agreement, effective March 31.</p>
<p>Holmes will record a one time pre-tax, non-recurring charge of about $1.5 million in the first quarter of 1997 as a result of this action.</p>
<p>The Outsourcing Agreement, which was effective April 1, 1995 and had an initial term of ten years, provided for PremiTech to manage various corporate support functions for Holmes in the Northeast.</p>
<p>Changes in Holmes' growth strategy in early 1996, and the sale by EDS of its alarm monitoring business in late 1995, led both parties to re-evaluate the Outsourcing Agreement, Holmes said.</p>
<p>Holmes Protection Group, Inc. provides security alarm monitoring services, and designs, sells, installs, and services electronic security systems for commercial and mid-to-high end residential customers.</p>
</text>
<copyright>(c) Reuters Limited 1997</copyright>
<metadata>
<codes class="bip:countries:1.0">
  <code code="USA">
    <editdetail attribution="Reuters BIP Coding Group" action="confirmed" date="1997-03-12"/>
  </code>
</codes>
<codes class="bip:industries:1.0">
  <code code="I34330">
    <editdetail attribution="Reuters BIP Coding Group" action="confirmed" date="1997-03-12"/>
  </code>
  <code code="I83940">
    <editdetail attribution="Reuters BIP Coding Group" action="confirmed" date="1997-03-12"/>
  </code>
</codes>
<codes class="bip:topics:1.0">
  <code code="C33">
    <editdetail attribution="Reuters BIP Coding Group" action="confirmed" date="1997-03-12"/>
  </code>
  <code code="CCAT">
    <editdetail attribution="Reuters BIP Coding Group" action="confirmed" date="1997-03-12"/>
  </code>
</codes>
<dc element="dc.date.created" value="1997-03-12"/>
<dc element="dc.publisher" value="Reuters Holdings Plc"/>
<dc element="dc.date.published" value="1997-03-12"/>
<dc element="dc.source" value="Reuters"/>
<dc element="dc.creator.location" value="NEW YORK"/>
<dc element="dc.creator.location.country.name" value="USA"/>
<dc element="dc.source" value="Reuters"/>
</metadata>
</newsitem>
