<?xml version="1.0" encoding="iso-8859-1" ?>
<newsitem itemid="435301" id="root" date="1997-03-12" xml:lang="en">
<title>USA: National Processing names Showalter CEO.</title>
<headline>National Processing names Showalter CEO.</headline>
<dateline>LOUISVILLE, Ky. 1997-03-12</dateline>
<text>
<p>National Processing Inc said Wednesday that Robert Showalter was named president and chief executive, effective immediately.</p>
<p>The company said Showalter succeeds Tony Holcombe, who resigned.</p>
<p>Holcombe, who stepped down late Tuesday, had been CEO and president of the company since 1994.</p>
<p>The company said Showalter had been a senior executive with National Processing's majority owner, National City Corp.</p>
</text>
<copyright>(c) Reuters Limited 1997</copyright>
<metadata>
<codes class="bip:countries:1.0">
  <code code="USA">
    <editdetail attribution="Reuters BIP Coding Group" action="confirmed" date="1997-03-12"/>
  </code>
</codes>
<codes class="bip:industries:1.0">
  <code code="I83954">
    <editdetail attribution="Reuters BIP Coding Group" action="confirmed" date="1997-03-12"/>
  </code>
</codes>
<codes class="bip:topics:1.0">
  <code code="C41">
    <editdetail attribution="Reuters BIP Coding Group" action="confirmed" date="1997-03-12"/>
  </code>
  <code code="C411">
    <editdetail attribution="Reuters BIP Coding Group" action="confirmed" date="1997-03-12"/>
  </code>
  <code code="CCAT">
    <editdetail attribution="Reuters BIP Coding Group" action="confirmed" date="1997-03-12"/>
  </code>
</codes>
<dc element="dc.date.created" value="1997-03-12"/>
<dc element="dc.publisher" value="Reuters Holdings Plc"/>
<dc element="dc.date.published" value="1997-03-12"/>
<dc element="dc.source" value="Reuters"/>
<dc element="dc.creator.location" value="LOUISVILLE, Ky."/>
<dc element="dc.creator.location.country.name" value="USA"/>
<dc element="dc.source" value="Reuters"/>
</metadata>
</newsitem>
