<?xml version="1.0" encoding="iso-8859-1" ?>
<newsitem itemid="435303" id="root" date="1997-03-12" xml:lang="en">
<title>USA: Q.E.P. Co names Marc Applebaum CFO.</title>
<headline>Q.E.P. Co names Marc Applebaum CFO.</headline>
<dateline>BOCA RATON, Fla. 1997-03-12</dateline>
<text>
<p>Q.E.P. Co Inc said on Wednesday it named Marc Applebaum chief financial officer.</p>
<p>He replaces Patrick Daggett, who was named Q.E.P.'s vice president for finance.</p>
<p>Applebaum is a former Cooper &amp; Lybrands partner who most recently was senior vice president of finance for Pueblo International, a supermarket retailer.</p>
<p>Q.E.P. makes specialty tools for the home-improvement market.</p>
</text>
<copyright>(c) Reuters Limited 1997</copyright>
<metadata>
<codes class="bip:countries:1.0">
  <code code="USA">
    <editdetail attribution="Reuters BIP Coding Group" action="confirmed" date="1997-03-12"/>
  </code>
</codes>
<codes class="bip:industries:1.0">
  <code code="I32852">
    <editdetail attribution="Reuters BIP Coding Group" action="confirmed" date="1997-03-12"/>
  </code>
</codes>
<codes class="bip:topics:1.0">
  <code code="C41">
    <editdetail attribution="Reuters BIP Coding Group" action="confirmed" date="1997-03-12"/>
  </code>
  <code code="C411">
    <editdetail attribution="Reuters BIP Coding Group" action="confirmed" date="1997-03-12"/>
  </code>
  <code code="CCAT">
    <editdetail attribution="Reuters BIP Coding Group" action="confirmed" date="1997-03-12"/>
  </code>
</codes>
<dc element="dc.date.created" value="1997-03-12"/>
<dc element="dc.publisher" value="Reuters Holdings Plc"/>
<dc element="dc.date.published" value="1997-03-12"/>
<dc element="dc.source" value="Reuters"/>
<dc element="dc.creator.location" value="BOCA RATON, Fla."/>
<dc element="dc.creator.location.country.name" value="USA"/>
<dc element="dc.source" value="Reuters"/>
</metadata>
</newsitem>
