<?xml version="1.0" encoding="iso-8859-1" ?>
<newsitem itemid="435326" id="root" date="1997-03-12" xml:lang="en">
<title>USA: Marsh &amp; McLennan sees J&amp;H deal accretive.</title>
<headline>Marsh &amp; McLennan sees J&amp;H deal accretive.</headline>
<dateline>NEW YORK 1997-03-12</dateline>
<text>
<p>Marsh &amp; McLennan Cos Inc executives said they expect the acquisition of privately-held insurance broker Johnson &amp; Higgins to be additive to earnings in the first full year of operation.</p>
<p>The deal, which is expected to close in the second quarter, is expected to contribute a couple of percentage points to earnings in the first year but then &quot;move to double digits&quot; in the third year, Marsh &amp; McLennan chief financial officer Frank Borelli told analysts on a conference call.</p>
<p>Marsh &amp; McLennan shares rose 4-1/2 to 126-1/2 in mid-morning trading.  </p>
<p>Marsh &amp; McLennan said it expects analysts' 1997 earnings estimates to change only slightly as a result of this acquisition.</p>
<p>Marsh &amp; McLennan also said it to achieve annual pre-tax cost savings of at least $150 million.</p>
<p>The company told analysts it expects return on equity to continue to exceed 20 percent and said it expects positive cash flow in the first full year of operations.</p>
<p>The company also said it expects to achieve double-digit return on its investment in Johnson &amp; Higgins in the second full year of operation.  </p>
<p>The company also estimated goodwill at about $1.3 billion or 30-35 million on an annual basis.</p>
<p>Marsh &amp; McLennan chief executive A.J.C. Smith said the company was pleased with its Putnam asset management business and plans to expand it.</p>
<p>&quot;We think it's a splendid business,&quot; Smith said.  He said he did not believe this deal starves Putnam of resources and said he expects to grow it through acquisition or other ways.</p>
<p>However, he said the future of Johnson &amp; Higgins' Unison partnerships was still unclear.  </p>
<p>Johnson &amp; Higgins' global network includes exclusive relationships with Unison partners in more than 150 cities around the world.</p>
<p>&quot;We really haven't been able to address that thoroughly yet,&quot; Smith told analysts.</p>
<p>&quot;Clearly there are some fine firms in Unison that we would be happy to be associated with.  In other places, Marsh &amp; McLennan already has very substantial operations and it would perhaps not make sense for it to be larger,&quot; he said.</p>
<p>However, Smith said he believes Johnson &amp; Higgins will complement Marsh &amp; McLennan's current business.  </p>
<p>Marsh &amp; McLennan will gain a strong position in the Netherlands through the acquisition of Johnson &amp; Higgins as well as strength in the U.S. retail middle market.</p>
<p>Johnson &amp; Higgins also will bring strength in certain professional areas, such as health and construction, Smith said.</p>
<p>Marsh &amp; McLennan also said it expects its share repurchase program will continue in place.</p>
<p>The company said its stated policy has been that any free cash flow generated from operations is kept available for purchasing shares.</p>
<p>When enough cash is accumulated, the company said, it will look at market conditions and consider the question of a new repurchase program.</p>
<p>((Patricia Vowinkel 212-859-1716))</p>
</text>
<copyright>(c) Reuters Limited 1997</copyright>
<metadata>
<codes class="bip:countries:1.0">
  <code code="USA">
    <editdetail attribution="Reuters BIP Coding Group" action="confirmed" date="1997-03-12"/>
  </code>
</codes>
<codes class="bip:industries:1.0">
  <code code="I83200">
    <editdetail attribution="Reuters BIP Coding Group" action="confirmed" date="1997-03-12"/>
  </code>
</codes>
<codes class="bip:topics:1.0">
  <code code="C15">
    <editdetail attribution="Reuters BIP Coding Group" action="confirmed" date="1997-03-12"/>
  </code>
  <code code="C152">
    <editdetail attribution="Reuters BIP Coding Group" action="confirmed" date="1997-03-12"/>
  </code>
  <code code="C18">
    <editdetail attribution="Reuters BIP Coding Group" action="confirmed" date="1997-03-12"/>
  </code>
  <code code="C181">
    <editdetail attribution="Reuters BIP Coding Group" action="confirmed" date="1997-03-12"/>
  </code>
  <code code="CCAT">
    <editdetail attribution="Reuters BIP Coding Group" action="confirmed" date="1997-03-12"/>
  </code>
</codes>
<dc element="dc.date.created" value="1997-03-12"/>
<dc element="dc.publisher" value="Reuters Holdings Plc"/>
<dc element="dc.date.published" value="1997-03-12"/>
<dc element="dc.source" value="Reuters"/>
<dc element="dc.creator.location" value="NEW YORK"/>
<dc element="dc.creator.location.country.name" value="USA"/>
<dc element="dc.source" value="Reuters"/>
</metadata>
</newsitem>
