<?xml version="1.0" encoding="iso-8859-1" ?>
<newsitem itemid="435327" id="root" date="1997-03-12" xml:lang="en">
<title>USA: Toys R Us slips slightly after earnings.</title>
<headline>Toys R Us slips slightly after earnings.</headline>
<dateline>NEW YORK 1997-03-12</dateline>
<text>
<p>Shares of Toys R Us Inc edged lower on Wednesday after its fourth quarter earnings came in slightly below Wall Street expectations, although the world's largest toy retailer said the outlook for 1997 is &quot;excellent.&quot;</p>
<p>Shares slipped 1/4 to 28-3/8 in early trading.</p>
<p>The company posted earnings per share of $1.38 for the crucial holiday quarter ended February 1, 1997, about a nickel lower than estimates.  Analysts had expected $1.42 for the quarter, according to First Call and $1.43 according to Zacks Investment Research.</p>
<p>Toys R Us earned $1.32 in the year-ago period.</p>
<p>Company executives were on a conference call with analysts and were not immediately available for comment.</p>
</text>
<copyright>(c) Reuters Limited 1997</copyright>
<metadata>
<codes class="bip:countries:1.0">
  <code code="USA">
    <editdetail attribution="Reuters BIP Coding Group" action="confirmed" date="1997-03-12"/>
  </code>
</codes>
<codes class="bip:industries:1.0">
  <code code="I65400">
    <editdetail attribution="Reuters BIP Coding Group" action="confirmed" date="1997-03-12"/>
  </code>
  <code code="I6540030">
    <editdetail attribution="Reuters BIP Coding Group" action="confirmed" date="1997-03-12"/>
  </code>
</codes>
<codes class="bip:topics:1.0">
  <code code="C15">
    <editdetail attribution="Reuters BIP Coding Group" action="confirmed" date="1997-03-12"/>
  </code>
  <code code="C152">
    <editdetail attribution="Reuters BIP Coding Group" action="confirmed" date="1997-03-12"/>
  </code>
  <code code="CCAT">
    <editdetail attribution="Reuters BIP Coding Group" action="confirmed" date="1997-03-12"/>
  </code>
</codes>
<dc element="dc.date.created" value="1997-03-12"/>
<dc element="dc.publisher" value="Reuters Holdings Plc"/>
<dc element="dc.date.published" value="1997-03-12"/>
<dc element="dc.source" value="Reuters"/>
<dc element="dc.creator.location" value="NEW YORK"/>
<dc element="dc.creator.location.country.name" value="USA"/>
<dc element="dc.source" value="Reuters"/>
</metadata>
</newsitem>
