<?xml version="1.0" encoding="iso-8859-1" ?>
<newsitem itemid="435389" id="root" date="1997-03-12" xml:lang="en">
<title>USA: D&amp;K Wholesale says gets $300,000 from PBI.</title>
<headline>D&amp;K Wholesale says gets $300,000 from PBI.</headline>
<dateline>ST. LOUIS 1997-03-12</dateline>
<text>
<p>D&amp;K Wholesale Drug Inc said it received a dividend distribution of $300,000 from Pharmaceutical Buyers Inc, a privately held Colorado company in which D&amp;K owns a 50-percent interest.  </p>
<p>&quot;The dividend distribution, which D&amp;K expects to occur annually (subject to PBI's future performance and cash needs), will not impact the regular quarterly recognition of D&amp;K's equity interest in PBI's earnings on D&amp;K's statement of operations,&quot; said the wholesale drugs distributor.</p>
<p>In addition, D&amp;K said its operations are continuing unaffected by heavy flooding in the Ohio River Valley. The company has facilities in Lexington, Ky., Cape Girardeau, Mo., and Minneapolis.</p>
<p>((--Chicago Newsdesk 312-408-8787))</p>
</text>
<copyright>(c) Reuters Limited 1997</copyright>
<metadata>
<codes class="bip:countries:1.0">
  <code code="USA">
    <editdetail attribution="Reuters BIP Coding Group" action="confirmed" date="1997-03-12"/>
  </code>
</codes>
<codes class="bip:industries:1.0">
  <code code="I61000">
    <editdetail attribution="Reuters BIP Coding Group" action="confirmed" date="1997-03-12"/>
  </code>
</codes>
<codes class="bip:topics:1.0">
  <code code="C15">
    <editdetail attribution="Reuters BIP Coding Group" action="confirmed" date="1997-03-12"/>
  </code>
  <code code="C151">
    <editdetail attribution="Reuters BIP Coding Group" action="confirmed" date="1997-03-12"/>
  </code>
  <code code="CCAT">
    <editdetail attribution="Reuters BIP Coding Group" action="confirmed" date="1997-03-12"/>
  </code>
</codes>
<dc element="dc.date.created" value="1997-03-12"/>
<dc element="dc.publisher" value="Reuters Holdings Plc"/>
<dc element="dc.date.published" value="1997-03-12"/>
<dc element="dc.source" value="Reuters"/>
<dc element="dc.creator.location" value="ST. LOUIS"/>
<dc element="dc.creator.location.country.name" value="USA"/>
<dc element="dc.source" value="Reuters"/>
</metadata>
</newsitem>
