<?xml version="1.0" encoding="iso-8859-1" ?>
<newsitem itemid="435315" id="root" date="1997-03-12" xml:lang="en">
<title>USA: MOSCOM says VOTAN unit files for IPO.</title>
<headline>MOSCOM says VOTAN unit files for IPO.</headline>
<dateline>PITTSFORD, N.Y. 1997-03-12</dateline>
<text>
<p>MOSCOM Corp said on Wednesday its Votan Corp unit filed an amended registration statement with the Securities and Exchange Commission relating to an initial public offering of 1,600,000 shares of Votan common stock.</p>
<p>All of the shares being sold are newly issued shares to be sold by Votan. Following the offering, MOSCOM will own approximately 50 percent of the outstanding shares of Votan.</p>
<p>Votan Corporation, headquartered in Pleasanton, California, is a leading developer of advanced speech technologies utilized in voice verification and speech recognition applications.</p>
<p>Votan intends to use the net proceeds of the offering primarily for expansion of sales and marketing activities, research and development, repayment of an inter-company loan to MOSCOM, and general working capital.</p>
</text>
<copyright>(c) Reuters Limited 1997</copyright>
<metadata>
<codes class="bip:countries:1.0">
  <code code="USA">
    <editdetail attribution="Reuters BIP Coding Group" action="confirmed" date="1997-03-12"/>
  </code>
</codes>
<codes class="bip:industries:1.0">
  <code code="I34400">
    <editdetail attribution="Reuters BIP Coding Group" action="confirmed" date="1997-03-12"/>
  </code>
</codes>
<codes class="bip:topics:1.0">
  <code code="C14">
    <editdetail attribution="Reuters BIP Coding Group" action="confirmed" date="1997-03-12"/>
  </code>
  <code code="C17">
    <editdetail attribution="Reuters BIP Coding Group" action="confirmed" date="1997-03-12"/>
  </code>
  <code code="C171">
    <editdetail attribution="Reuters BIP Coding Group" action="confirmed" date="1997-03-12"/>
  </code>
  <code code="C18">
    <editdetail attribution="Reuters BIP Coding Group" action="confirmed" date="1997-03-12"/>
  </code>
  <code code="C181">
    <editdetail attribution="Reuters BIP Coding Group" action="confirmed" date="1997-03-12"/>
  </code>
  <code code="CCAT">
    <editdetail attribution="Reuters BIP Coding Group" action="confirmed" date="1997-03-12"/>
  </code>
</codes>
<dc element="dc.date.created" value="1997-03-12"/>
<dc element="dc.publisher" value="Reuters Holdings Plc"/>
<dc element="dc.date.published" value="1997-03-12"/>
<dc element="dc.source" value="Reuters"/>
<dc element="dc.creator.location" value="PITTSFORD, N.Y."/>
<dc element="dc.creator.location.country.name" value="USA"/>
<dc element="dc.source" value="Reuters"/>
</metadata>
</newsitem>
