<?xml version="1.0" encoding="iso-8859-1" ?>
<newsitem itemid="435313" id="root" date="1997-03-12" xml:lang="en">
<title>USA: US stock fund flows fall for 2-day period - survey.</title>
<headline>US stock fund flows fall for 2-day period - survey.</headline>
<dateline>SANTA ROSA, Calif. 1997-03-12</dateline>
<text>
<p>Cash flows into U.S. stock mutual funds fell to $71 million for the two days ended March 10 compared with $1.49 billion for the three-day period ended March 6, according to Mutual Fund Trim Tabs.</p>
<p>The fund tracker said aggressive growth funds posted outflows of $124 million from inflows of $409 million, growth funds dropped to outflows of $7 million versus inflows of $360 million, and international funds fell to inflows of $134 million compared with $409 million.</p>
<p>Bond funds rose to inflows of $291 million from $60 million, according to Trim Tabs.  Muni funds rose to inflows of $246 million from $150 million, and corporate/income/global funds had inflows of $66 million versus outflows of $57 million.</p>
</text>
<copyright>(c) Reuters Limited 1997</copyright>
<metadata>
<codes class="bip:countries:1.0">
  <code code="USA">
    <editdetail attribution="Reuters BIP Coding Group" action="confirmed" date="1997-03-12"/>
  </code>
</codes>
<codes class="bip:industries:1.0">
  <code code="I81502">
    <editdetail attribution="Reuters BIP Coding Group" action="confirmed" date="1997-03-12"/>
  </code>
  <code code="I8150211">
    <editdetail attribution="Reuters BIP Coding Group" action="confirmed" date="1997-03-12"/>
  </code>
</codes>
<codes class="bip:topics:1.0">
  <code code="C15">
    <editdetail attribution="Reuters BIP Coding Group" action="confirmed" date="1997-03-12"/>
  </code>
  <code code="C152">
    <editdetail attribution="Reuters BIP Coding Group" action="confirmed" date="1997-03-12"/>
  </code>
  <code code="CCAT">
    <editdetail attribution="Reuters BIP Coding Group" action="confirmed" date="1997-03-12"/>
  </code>
  <code code="M12">
    <editdetail attribution="Reuters BIP Coding Group" action="confirmed" date="1997-03-12"/>
  </code>
  <code code="MCAT">
    <editdetail attribution="Reuters BIP Coding Group" action="confirmed" date="1997-03-12"/>
  </code>
</codes>
<dc element="dc.date.created" value="1997-03-12"/>
<dc element="dc.publisher" value="Reuters Holdings Plc"/>
<dc element="dc.date.published" value="1997-03-12"/>
<dc element="dc.source" value="Reuters"/>
<dc element="dc.creator.location" value="SANTA ROSA, Calif."/>
<dc element="dc.creator.location.country.name" value="USA"/>
<dc element="dc.source" value="Reuters"/>
</metadata>
</newsitem>
