<?xml version="1.0" encoding="iso-8859-1" ?>
<newsitem itemid="435338" id="root" date="1997-03-12" xml:lang="en">
<title>USA: Bond dealers testify against de minimis repeal.</title>
<headline>Bond dealers testify against de minimis repeal.</headline>
<dateline>WASHINGTON 1997-03-12</dateline>
<text>
<p>Bond dealers were expected to urge Wednesday a key U.S. House panel to reject a Clinton Administration proposal to repeal the two-percent &quot;de minimis&quot; rule on corporate holdings of tax-exempt bonds, according to a statement released a by a bond trade group.</p>
<p>Arthur Hyde, chairman of the corporate bond division of PSA The Bond Market Trade Association, was expected to tell the House Ways and Means Committee that Clinton's plan &quot;would make it more expensive for state and local governments to finance vital public services,&quot; according to the statement.</p>
<p>Currently, the Internal Revenue Service does not monitor whether a corporation has borrowed to purchase tax-exempt bonds as long as those holdings total no more than two percent.</p>
<p>Clinton in his proposed fiscal 1998 federal budget called for repeal of the &quot;de minimis&quot; standard in an effort to close what he called corporate loopholes.</p>
<p>But unlike a repeal bill he unsuccessfully pushed last year, the latest measure would not be retractive. The effective date would be the date of first congressional committee approval of the measure.</p>
<p>Hyde is planning to tell the House panel on Wednesday that PSA is pleased with Clinton's new effective date, but remains &quot;steadfastly opposed&quot; to the basic repeal plan.</p>
<p>&quot;The administration's proposal would effectively discourage virtually all corporate investment in the municipal market,&quot; Hyde is expected to tell the panel, according to the PSA statement.</p>
<p>It not only would raise the cost of short-term borrowing for localities, but it would make short-term municipal rates more volatile compared to taxable rates, Hyde is expected to say.</p>
<p>Hyde is planning to say that the administration's plan implies that corporations have &quot;deliberately engaged in arbitrage practices by borrowing in the short-term market and investing in tax-exempt obligataions.&quot;</p>
<p>He is also planning to say there is no evidence that is happening, accoirding to the PSA statement. &quot;Holdings of municipal bonds have averaged only 0.47 percent of the financial assets and 0.15 percent of the total assets of non-financial corporations since 1987.&quot;</p>
<p>--Vicky Stamas, 202-898-8314</p>
</text>
<copyright>(c) Reuters Limited 1997</copyright>
<metadata>
<codes class="bip:countries:1.0">
  <code code="USA">
    <editdetail attribution="Reuters BIP Coding Group" action="confirmed" date="1997-03-12"/>
  </code>
</codes>
<codes class="bip:industries:1.0">
  <code code="I83100">
    <editdetail attribution="Reuters BIP Coding Group" action="confirmed" date="1997-03-12"/>
  </code>
</codes>
<codes class="bip:topics:1.0">
  <code code="C13">
    <editdetail attribution="Reuters BIP Coding Group" action="confirmed" date="1997-03-12"/>
  </code>
  <code code="CCAT">
    <editdetail attribution="Reuters BIP Coding Group" action="confirmed" date="1997-03-12"/>
  </code>
  <code code="M12">
    <editdetail attribution="Reuters BIP Coding Group" action="confirmed" date="1997-03-12"/>
  </code>
  <code code="MCAT">
    <editdetail attribution="Reuters BIP Coding Group" action="confirmed" date="1997-03-12"/>
  </code>
</codes>
<dc element="dc.date.created" value="1997-03-12"/>
<dc element="dc.publisher" value="Reuters Holdings Plc"/>
<dc element="dc.date.published" value="1997-03-12"/>
<dc element="dc.source" value="Reuters"/>
<dc element="dc.creator.location" value="WASHINGTON"/>
<dc element="dc.creator.location.country.name" value="USA"/>
<dc element="dc.source" value="Reuters"/>
</metadata>
</newsitem>
