<?xml version="1.0" encoding="iso-8859-1" ?>
<newsitem itemid="435342" id="root" date="1997-03-12" xml:lang="en">
<title>USA: Toys R Us says outlook &quot;excellent&quot;.</title>
<headline>Toys R Us says outlook &quot;excellent&quot;.</headline>
<dateline>PARAMUS, N.J. 1997-03-12</dateline>
<text>
<p>Toys R Us Inc said Wednesday its outlook for this year was excellent.</p>
<p>The company reported a 1.0 percent increase in sales for the fiscal fourth quarter, ended February 1, to a record $4.67 billion, and a 5.0 percent increase for the year, to a record $9.93 billion.</p>
<p>It said the fourth quarter and year had 13 and 52 weeks, respectively, while the year-ago periods were 14 and 53 weeks long.</p>
<p>Excluding non-recurring items, fourth quarter earnings per share were $1.38. The First Call consensus estimate was $1.42.  </p>
<p>For the year, Toys R Us said, earnings excluding non-recurring charges were up 12 percent, to $465 million, or $1.68 per share.</p>
<p>&quot;We are pleased that each of our divisions experienced comparable-store sales increases and improved operating earnings in 1996,&quot; Chief Executive Michael Goldstein said.</p>
<p>&quot;Our comparable U.S.A. toy store sales increased over 2.0 percent for the year.</p>
<p>&quot;Internationally, our Canadian toy stores had high-single-digit comparable-store sales gains for the year. Our U.K. comparable-store sales were up mid-single-digits.&quot;  </p>
<p>He said, &quot;Our Japanese toy stores also posted increased comparable-store sales for 1996. Lower comparable-store sales were reported for Germany, France, Spain and Australia.</p>
<p>&quot;At Kids R Us, comparable-store sales increased mid-single-digits and operating profits were up over 35 percent for the year.&quot;</p>
<p>During the year, Goldstein said, the company opened 13 &quot;Concept 2000&quot; stores, its new toy store design. &quot;We are quite pleased with the results ... We will accelerate the roll-out of our new design by remodeling approximately 57 existing stores to the 'Concept 2000' format in 1997.  </p>
<p>&quot;We also saw the birth of our new division, Babies R Us. Our merger with Baby Superstore on February 3, 1997, has quickly catapulted Babies R Us into the premier retailer of juvenile products in the United States.&quot;</p>
<p>Goldstein further commented, &quot;The outlook for 1997 (ending in early 1998) is excellent due to the abundance of strong new product offerings.</p>
<p>&quot;The video game business is quite vibrant with outstanding sales of Nintendo (Co Ltd ) 64 in the United States and Canada as well as an excellent initial launch in Europe on March 1.&quot;  </p>
<p>He said, &quot;The Sony (Corp) Playstation continues to sell well worldwide, and recent price reductions will undoubtedly accelerate hardware sales.</p>
<p>&quot;In addition, 1997 will be an outstanding year for children-oriented movies with related toy products. Currently, the 'Star Wars' movie is creating strong consumer demand at our stores.</p>
<p>&quot;With the current strength of video games and action figures, our same-store sales at our U.S. and Canadian toy stores for the first five weeks of our fiscal year have been excellent.  </p>
<p>&quot;Our international same-store sales are also quite strong.&quot;</p>
<p>In 1996, Toys R Us said, it opened 30 toy stores and two KidsWorld stores in the United States. Internationally, 32 toy stores were opened.</p>
<p>The company's franchising operation added 27 stores to the Toys R Us family, including five new countries: Indonesia, Italy, Saudi Arabia, South Africa and Turkey.</p>
<p>It said Kids R Us and Babies R Us opened seven and six stores, respectively. Store expansion plans include about 25 new toy stores and five new Kids R Us stores in the United States. In addition, it will add about 20 new Babies R Us locations.</p>
<p>&quot;Internationally, we will open approximately 40 new stores, including 15 franchise stores,&quot; it said.</p>
<p>((--New York Newsdesk 212-859-1610))</p>
</text>
<copyright>(c) Reuters Limited 1997</copyright>
<metadata>
<codes class="bip:countries:1.0">
  <code code="USA">
    <editdetail attribution="Reuters BIP Coding Group" action="confirmed" date="1997-03-12"/>
  </code>
</codes>
<codes class="bip:industries:1.0">
  <code code="I65400">
    <editdetail attribution="Reuters BIP Coding Group" action="confirmed" date="1997-03-12"/>
  </code>
  <code code="I6540030">
    <editdetail attribution="Reuters BIP Coding Group" action="confirmed" date="1997-03-12"/>
  </code>
</codes>
<codes class="bip:topics:1.0">
  <code code="C15">
    <editdetail attribution="Reuters BIP Coding Group" action="confirmed" date="1997-03-12"/>
  </code>
  <code code="C152">
    <editdetail attribution="Reuters BIP Coding Group" action="confirmed" date="1997-03-12"/>
  </code>
  <code code="CCAT">
    <editdetail attribution="Reuters BIP Coding Group" action="confirmed" date="1997-03-12"/>
  </code>
</codes>
<dc element="dc.date.created" value="1997-03-12"/>
<dc element="dc.publisher" value="Reuters Holdings Plc"/>
<dc element="dc.date.published" value="1997-03-12"/>
<dc element="dc.source" value="Reuters"/>
<dc element="dc.creator.location" value="PARAMUS, N.J."/>
<dc element="dc.creator.location.country.name" value="USA"/>
<dc element="dc.source" value="Reuters"/>
</metadata>
</newsitem>
