<?xml version="1.0" encoding="iso-8859-1" ?>
<newsitem itemid="435356" id="root" date="1997-03-12" xml:lang="en">
<title>USA: AOL sued by Ben Ezra Weinstein.</title>
<headline>AOL sued by Ben Ezra Weinstein.</headline>
<dateline>ALBUQUERQUE, N.M. 1997-03-12</dateline>
<text>
<p>Ben Ezra Weinstein and Co Inc said it sued America Online Inc in a New Mexico court seeking undisclosed damages for what the company claimed was AOL's failure to correct erroneous stock quotations.</p>
<p>Ben Ezra Weinstein said the lawsuit was filed in the District Court of Bernalillo County, Albuquerque, New Mexico on Tuesday.</p>
<p>An AOL spokeswoman said she was unaware of the suit and would not comment until the online service's lawyers had reviewed the complaint.  </p>
<p>In a statement, a Ben Ezra Weinstein official said damages could reach into the &quot;multi-million&quot; dollar range.</p>
<p>The company said it made repeated attempts to have America Online stop reporting lower than actual price quotes and higher than actual volume of its stock.</p>
<p>The company said that the errors caused great confusion among its investors and resulted in the stock losing more than one third of its value on March 5.</p>
<p>The suit alleges that America Online knew a problem existed for weeks but failed to correct it or warn its subscribers.</p>
<p>Ben Ezra Weinstein markets a low-cost Internet-based method to assist companies in filing public or private offerings.</p>
<p>((-- E. Auchard, New York newsdesk, 212-859-1736))</p>
</text>
<copyright>(c) Reuters Limited 1997</copyright>
<metadata>
<codes class="bip:countries:1.0">
  <code code="USA">
    <editdetail attribution="Reuters BIP Coding Group" action="confirmed" date="1997-03-12"/>
  </code>
</codes>
<codes class="bip:industries:1.0">
  <code code="I83940">
    <editdetail attribution="Reuters BIP Coding Group" action="confirmed" date="1997-03-12"/>
  </code>
</codes>
<codes class="bip:topics:1.0">
  <code code="C12">
    <editdetail attribution="Reuters BIP Coding Group" action="confirmed" date="1997-03-12"/>
  </code>
  <code code="CCAT">
    <editdetail attribution="Reuters BIP Coding Group" action="confirmed" date="1997-03-12"/>
  </code>
  <code code="GCAT">
    <editdetail attribution="Reuters BIP Coding Group" action="confirmed" date="1997-03-12"/>
  </code>
  <code code="GCRIM">
    <editdetail attribution="Reuters BIP Coding Group" action="confirmed" date="1997-03-12"/>
  </code>
</codes>
<dc element="dc.date.created" value="1997-03-12"/>
<dc element="dc.publisher" value="Reuters Holdings Plc"/>
<dc element="dc.date.published" value="1997-03-12"/>
<dc element="dc.source" value="Reuters"/>
<dc element="dc.creator.location" value="ALBUQUERQUE, N.M."/>
<dc element="dc.creator.location.country.name" value="USA"/>
<dc element="dc.source" value="Reuters"/>
</metadata>
</newsitem>
