<?xml version="1.0" encoding="iso-8859-1" ?>
<newsitem itemid="435344" id="root" date="1997-03-12" xml:lang="en">
<title>USA: Tadiran Limited Q4 shr $0.49 vs $0.56.</title>
<headline>Tadiran Limited Q4 shr $0.49 vs $0.56.</headline>
<dateline>NEW YORK 1997-03-12</dateline>
<text>
<p>TADIRAN LIMITED</p>
<p>			CONDENSED CONSOLIDATED STATEMENT OF INCOME</p>
<p>			   (in thousands, except per share data)</p>
<p>					 (unaudited)</p>
<p>			    Three Months Ended    Full Year Ended</p>
<p>				  December 31,	    December 31,</p>
<p>				 1996	 1995	 1996	 1995</p>
<p>Sales and revenues   $268,509   $283,115 $1,116,838 $1,048,790</p>
<p> Net income		$9,625    $10,978    $92,720    $27,577</p>
<p>Earnings per share	$0.49	$0.56	$4.73	$1.41</p>
<p>Shares outstanding     19,614     19,614     19,614     19,614</p>
</text>
<copyright>(c) Reuters Limited 1997</copyright>
<metadata>
<codes class="bip:countries:1.0">
  <code code="USA">
    <editdetail attribution="Reuters BIP Coding Group" action="confirmed" date="1997-03-12"/>
  </code>
</codes>
<codes class="bip:industries:1.0">
  <code code="I34430">
    <editdetail attribution="Reuters BIP Coding Group" action="confirmed" date="1997-03-12"/>
  </code>
</codes>
<codes class="bip:topics:1.0">
  <code code="C15">
    <editdetail attribution="Reuters BIP Coding Group" action="confirmed" date="1997-03-12"/>
  </code>
  <code code="C151">
    <editdetail attribution="Reuters BIP Coding Group" action="confirmed" date="1997-03-12"/>
  </code>
  <code code="C1511">
    <editdetail attribution="Reuters BIP Coding Group" action="confirmed" date="1997-03-12"/>
  </code>
  <code code="CCAT">
    <editdetail attribution="Reuters BIP Coding Group" action="confirmed" date="1997-03-12"/>
  </code>
</codes>
<dc element="dc.date.created" value="1997-03-12"/>
<dc element="dc.publisher" value="Reuters Holdings Plc"/>
<dc element="dc.date.published" value="1997-03-12"/>
<dc element="dc.source" value="Reuters"/>
<dc element="dc.creator.location" value="NEW YORK"/>
<dc element="dc.creator.location.country.name" value="USA"/>
<dc element="dc.source" value="Reuters"/>
</metadata>
</newsitem>
