<?xml version="1.0" encoding="iso-8859-1" ?>
<newsitem itemid="435309" id="root" date="1997-03-12" xml:lang="en">
<title>USA: WSCC board approves Pacific Intertie increase.</title>
<headline>WSCC board approves Pacific Intertie increase.</headline>
<dateline>LOS ANGELES 1997-03-12</dateline>
<text>
<p>The Western Systems Coordinating Council's (WSCC) Board of Trustees approved late Tuesday a plan to raise capacity on the Pacific Intertie to 6,250 megawatts (MW), the Bonneville Power Administration (BPA) said Wednesday.</p>
<p>The plan is now before WSCC's 91 member systems for their approval.</p>
<p>BPA has been seeking since November approval to raise the Intertie capacity, which has been capped at 5,200 MW out of a rated capacity of 7,900 MW, since last summer when two blackouts hit the West.</p>
<p>The &quot;winter&quot; plan to raise the limit to 6,250 MW was given to the entire WSCC membership on Monday, and they will have 10 working days to review it.</p>
<p>If the members approve the plan, the WSCC board will hold a teleconference March 21 to &quot;reaffirm&quot; their vote, but information on exactly when when the Intertie capacity would be raised was not available.</p>
<p>BPA's &quot;spring&quot; operating studies, which support raising the capacity to 7,800 MW where also discussed at Tuesday's board meeting, but no official actions were taken, the BPA spokeswoman said.</p>
<p>But a special WSCC study group is expected to present spring operating recommendations to the board on March 20 and a board meeting will be held April 24 to complete the process of &quot;taking on a spring transfer limit,&quot; the BPA spokeswoman said.</p>
<p>((--D Beasley, Los Angeles bureau + 1 213 955 6761))</p>
</text>
<copyright>(c) Reuters Limited 1997</copyright>
<metadata>
<codes class="bip:countries:1.0">
  <code code="USA">
    <editdetail attribution="Reuters BIP Coding Group" action="confirmed" date="1997-03-12"/>
  </code>
</codes>
<codes class="bip:industries:1.0">
  <code code="I16100">
    <editdetail attribution="Reuters BIP Coding Group" action="confirmed" date="1997-03-12"/>
  </code>
</codes>
<codes class="bip:topics:1.0">
  <code code="C13">
    <editdetail attribution="Reuters BIP Coding Group" action="confirmed" date="1997-03-12"/>
  </code>
  <code code="C24">
    <editdetail attribution="Reuters BIP Coding Group" action="confirmed" date="1997-03-12"/>
  </code>
  <code code="CCAT">
    <editdetail attribution="Reuters BIP Coding Group" action="confirmed" date="1997-03-12"/>
  </code>
</codes>
<dc element="dc.date.created" value="1997-03-12"/>
<dc element="dc.publisher" value="Reuters Holdings Plc"/>
<dc element="dc.date.published" value="1997-03-12"/>
<dc element="dc.source" value="Reuters"/>
<dc element="dc.creator.location" value="LOS ANGELES"/>
<dc element="dc.creator.location.country.name" value="USA"/>
<dc element="dc.source" value="Reuters"/>
</metadata>
</newsitem>
