<?xml version="1.0" encoding="iso-8859-1" ?>
<newsitem itemid="435399" id="root" date="1997-03-12" xml:lang="en">
<title>USA: Sea Containers Q4 shr profit $0.30 vs loss.</title>
<headline>Sea Containers Q4 shr profit $0.30 vs loss.</headline>
<dateline>NEW YORK 1997-03-12</dateline>
<text>
<p>1996			1995</p>
<p> Shr profit		 $0.30     loss	 $0.20</p>
<p> Net profit		 4,016   profit	 2,225</p>
<p> Revs		     289,935		  123,262</p>
<p> Avg shrs primary	13,405		   11,174</p>
<p>	  12 MONTHS</p>
<p> Shr profit		 $1.20   profit	 $8.27</p>
<p> Net profit		15,032   profit	91,659</p>
<p> Revs		     871,651		  497,420</p>
<p> Avg shrs primary	12,483		   11,089</p>
<p>(All data above 000s except per share numbers)</p>
<p>NOTE: Full company name is Sea Containers Ltd.</p>
</text>
<copyright>(c) Reuters Limited 1997</copyright>
<metadata>
<codes class="bip:countries:1.0">
  <code code="USA">
    <editdetail attribution="Reuters BIP Coding Group" action="confirmed" date="1997-03-12"/>
  </code>
</codes>
<codes class="bip:industries:1.0">
  <code code="I74000">
    <editdetail attribution="Reuters BIP Coding Group" action="confirmed" date="1997-03-12"/>
  </code>
</codes>
<codes class="bip:topics:1.0">
  <code code="C15">
    <editdetail attribution="Reuters BIP Coding Group" action="confirmed" date="1997-03-12"/>
  </code>
  <code code="C151">
    <editdetail attribution="Reuters BIP Coding Group" action="confirmed" date="1997-03-12"/>
  </code>
  <code code="C1511">
    <editdetail attribution="Reuters BIP Coding Group" action="confirmed" date="1997-03-12"/>
  </code>
  <code code="CCAT">
    <editdetail attribution="Reuters BIP Coding Group" action="confirmed" date="1997-03-12"/>
  </code>
</codes>
<dc element="dc.date.created" value="1997-03-12"/>
<dc element="dc.publisher" value="Reuters Holdings Plc"/>
<dc element="dc.date.published" value="1997-03-12"/>
<dc element="dc.source" value="Reuters"/>
<dc element="dc.creator.location" value="NEW YORK"/>
<dc element="dc.creator.location.country.name" value="USA"/>
<dc element="dc.source" value="Reuters"/>
</metadata>
</newsitem>
