<?xml version="1.0" encoding="iso-8859-1" ?>
<newsitem itemid="435388" id="root" date="1997-03-12" xml:lang="en">
<title>USA: AEP Cook 2 power plant trips off line.</title>
<headline>AEP Cook 2 power plant trips off line.</headline>
<dateline>NEW YORK 1997-03-12</dateline>
<text>
<p>American Electric Power Co's 1,090 megawatt (MW) Cook 2 nuclear power plant tripped off line Tuesday after a feed regulator valve controller failed, the Nuclear Regulatory Commission (NRC) said Wednesday.</p>
<p>The unit is being kept in hot standby and tentatively set to restart on Friday, the NRC said in its daily status report.  </p>
<p>An American Electric Power spokesman said technicians had not yet determined how long the plant would be off line for repairs, but said the outage was not expected to last more than four days.</p>
<p>&quot;They haven't really narrowed it down yet, but it probably will not be much longer than three or four days,&quot; said spokesman Bill Schalk.</p>
<p>The unit is located in Bridgman, Mich.</p>
<p>The adjoining 1,020 megawatt Cook nuclear power unit 1 has been shut since Feb 28 for scheduled maintenance and refueling and was expected to return to service near April 14.</p>
<p>((--New York Power Desk +1 212 859 1627))</p>
</text>
<copyright>(c) Reuters Limited 1997</copyright>
<metadata>
<codes class="bip:countries:1.0">
  <code code="USA">
    <editdetail attribution="Reuters BIP Coding Group" action="confirmed" date="1997-03-12"/>
  </code>
</codes>
<codes class="bip:industries:1.0">
  <code code="I16100">
    <editdetail attribution="Reuters BIP Coding Group" action="confirmed" date="1997-03-12"/>
  </code>
  <code code="I1610109">
    <editdetail attribution="Reuters BIP Coding Group" action="confirmed" date="1997-03-12"/>
  </code>
</codes>
<codes class="bip:topics:1.0">
  <code code="C21">
    <editdetail attribution="Reuters BIP Coding Group" action="confirmed" date="1997-03-12"/>
  </code>
  <code code="C24">
    <editdetail attribution="Reuters BIP Coding Group" action="confirmed" date="1997-03-12"/>
  </code>
  <code code="CCAT">
    <editdetail attribution="Reuters BIP Coding Group" action="confirmed" date="1997-03-12"/>
  </code>
</codes>
<dc element="dc.date.created" value="1997-03-12"/>
<dc element="dc.publisher" value="Reuters Holdings Plc"/>
<dc element="dc.date.published" value="1997-03-12"/>
<dc element="dc.source" value="Reuters"/>
<dc element="dc.creator.location" value="NEW YORK"/>
<dc element="dc.creator.location.country.name" value="USA"/>
<dc element="dc.source" value="Reuters"/>
</metadata>
</newsitem>
