<?xml version="1.0" encoding="iso-8859-1" ?>
<newsitem itemid="435396" id="root" date="1997-03-12" xml:lang="en">
<title>USA: First Call Earnings Surprises March 11.</title>
<headline>First Call Earnings Surprises March 11.</headline>
<dateline>NEW YORK 1997-03-12</dateline>
<text>
<p>The following are lists of positive and negative earnings surprises compiled by First Call. Earnings surprises and historical information are provided by First Call.</p>
<p>				 First Call Earnings Surprises</p>
<p>Positive Surprises</p>
<p>------------------</p>
<p>						  First Call</p>
<p>						  Consensus Actual</p>
<p>Company Name	    Ticker   Period    EPS     EPS  Surp</p>
<p>Barrett Resources Cor BRR     Q4Dec96    0.32    0.41  28.1%</p>
<p>Supreme International SUPI    Q4Jan97    0.32    0.36  12.5%</p>
<p>Thermo Instrument Sys THI     Q4Dec96    0.31    0.34   9.7%</p>
<p>Marisa Christina Inc. MRSA    Q4Dec96    0.30    0.32   6.7%</p>
<p>Hauser Chemical Resea HAUS    Q3Jan97   -0.13    0.00     N+</p>
<p>Ivax Corp.		IVX     Q4Dec96   -0.21   -0.02     N+</p>
<p>John Alden Financial  JA	Q4Dec96   -0.29   -0.13     N+</p>
<p>PDT Inc.		  PDTI    Q4Dec96   -0.34   -0.28     N+</p>
<p>O.I. Corp.		OICO    Q4Dec96    0.06    0.12    N/A</p>
<p>Negative Surprises</p>
<p>------------------</p>
<p>						  First Call</p>
<p>						  Consensus Actual</p>
<p>Company Name	    Ticker   Period    EPS     EPS  Surp</p>
<p>Safeguard Health Ente SFGD    Q4Dec96    0.22    0.05  -77.3%</p>
<p>Recoton Corp.	   RCOT    Q4Dec96    0.56    0.18  -67.9%</p>
<p>Manchester Equipment  MANC    Q2Jan97    0.15    0.10  -33.3%</p>
<p>Darden Restaurants    DRI     Q3Feb97    0.11    0.10   -9.1%</p>
<p>Great Atlantic &amp; Paci GAP     Q4Feb97    0.65    0.60   -7.7%</p>
<p>Fotoball USA	    FUSA    Q4Dec96    0.08    0.01     N/A</p>
<p>				Other Companies Reporting Today</p>
<p>Positive Reports</p>
<p>----------------</p>
<p>						  First Call</p>
<p>						  Consensus Actual</p>
<p>Company Name	    Ticker   Period    EPS     EPS     Diff</p>
<p>Copart Inc.	     CPRT    Q2Jan97    0.22    0.23    4.5%</p>
<p>Borders Group Inc     BGP     Q4Jan97    1.58    1.63    3.2%</p>
<p>Veritas DGC	     VTS     Q2Jan97    0.34    0.35    2.9%</p>
<p>Penncorp Financial Gr PFG     Q4Dec96    0.74    0.76    2.7%</p>
<p>Newpark Resources Inc NR	Q4Dec96    0.49    0.50    2.0%</p>
<p>CUC International, In CU	Q4Jan97    0.23    0.23    0.0%</p>
<p>Loehmann's Holdings   LOEH    Q4Jan97    0.14    0.14    0.0%</p>
<p>New Plan Realty Trust NPR     Q2Jan97    0.43    0.43    0.0%</p>
<p>Pride Petroleum Servi PRDE    Q4Dec96    0.25    0.25    0.0%</p>
<p>Phillips-Van Heusen C PVH     Q4Jan97    0.29    0.29    0.0%</p>
<p>Rush Enterprises, Inc RUSH    Q4Dec96    0.24    0.24    0.0%</p>
<p>Petroleum Heat &amp; Powe HEAT    Q4Dec96   -0.03   -0.02	N+</p>
<p>Graham Field Health P GFI     Q4Dec96    0.08    0.08     N/A</p>
<p>Harken Energy Corp    HEC     Q4Dec96    0.00    0.00     N/A</p>
<p>Negative Reports</p>
<p>----------------</p>
<p>						  First Call</p>
<p>						  Consensus Actual</p>
<p>Company Name	    Ticker   Period    EPS     EPS     Diff</p>
<p>National Auto Credit  NAK     Q4Jan97    0.25    0.24   -4.0%</p>
<p>Chico S Fas Inc.	CHCS    Q4Jan97   -0.06   -0.07	N-</p>
<p>Charming Shoppes	CHRS    Q4Jan97    0.03    0.02     N/A</p>
<p>Legend:</p>
<p>N/A	All or some data necessary for calculation is unavailabble.</p>
<p>N/C	Not Calculable, e.g. divisor (Mean estimate) = 0, and there is</p>
<p>	   more than one estimate.</p>
<p>N+	 Actual EPS is larger than Mean estimate. Mean estimate is negatiive</p>
<p>	   or zero.</p>
<p>N-	 Actual EPS is smaller than Mean estimate. Mean estimate is negative</p>
<p>	   or zero.</p>
</text>
<copyright>(c) Reuters Limited 1997</copyright>
<metadata>
<codes class="bip:countries:1.0">
  <code code="USA">
    <editdetail attribution="Reuters BIP Coding Group" action="confirmed" date="1997-03-12"/>
  </code>
</codes>
<codes class="bip:topics:1.0">
  <code code="C15">
    <editdetail attribution="Reuters BIP Coding Group" action="confirmed" date="1997-03-12"/>
  </code>
  <code code="C152">
    <editdetail attribution="Reuters BIP Coding Group" action="confirmed" date="1997-03-12"/>
  </code>
  <code code="CCAT">
    <editdetail attribution="Reuters BIP Coding Group" action="confirmed" date="1997-03-12"/>
  </code>
</codes>
<dc element="dc.date.created" value="1997-03-12"/>
<dc element="dc.publisher" value="Reuters Holdings Plc"/>
<dc element="dc.date.published" value="1997-03-12"/>
<dc element="dc.source" value="Reuters"/>
<dc element="dc.creator.location" value="NEW YORK"/>
<dc element="dc.creator.location.country.name" value="USA"/>
<dc element="dc.source" value="Reuters"/>
</metadata>
</newsitem>
