<?xml version="1.0" encoding="iso-8859-1" ?>
<newsitem itemid="435457" id="root" date="1997-03-12" xml:lang="en">
<title>USA: ALPINE SKIING-WOMEN'S STANDINGS AFTER WORLD CUP FINALS RACE.</title>
<headline>ALPINE SKIING-WOMEN'S STANDINGS AFTER WORLD CUP FINALS RACE.</headline>
<dateline>VAIL, Colorado 1997-03-12</dateline>
<text>
<p>World Cup women's</p>
<p>standings after Wednesday's downhill race at the World Cup</p>
<p>Finals:</p>
<p>Final downhill standings</p>
<p>  1. Renate Goetschl (Austria)	     483 points</p>
<p>  2. Heidi Zurbriggen (Switzerland)	466</p>
<p>  3. Warwara Zelenskaja (Russia)	   423</p>
<p>  4. Pernilla Wiberg (Sweden)		412</p>
<p>  5. Katja Seizinger (Germany)	     405</p>
<p>  6. Isolde Kostner (Italy)		  365</p>
<p>  7. Hilde Gerg (Germany)		    265</p>
<p>  8. Carole Montillet (France)	     240</p>
<p>  9. Hilary Lindh (U.S.)		     236</p>
<p> 10. Stefanie Schuster (Austria)	   212</p>
<p> 11. Katharina Gutensohn (Germany)	 207</p>
<p> 12. Alexandra Meissnitzer (Austria)     195</p>
<p> 13. Florence Masnada (France)	     191</p>
<p> 14. Regina Haeusl (Germany)		 150</p>
<p> 15. Regine Cavagnoud (France)	     137</p>
<p> 16. Ingeborg Helen Marken (Norway)	124</p>
<p> 17. Miriam Vogt (Germany)		   117</p>
<p> 18. Bibiana Perez (Italy)		   111</p>
<p> 19. Barbara Merlin (Italy)		   93</p>
<p> 20. Melanie Turgeon (Canada)		 90</p>
<p>Overall standings</p>
<p>  1. Wiberg				    1,815</p>
<p>  2. Seizinger				 1,184</p>
<p>  3. Gerg					1,020</p>
<p>  4. Deborah Compagnoni (Italy)	    827</p>
<p>  5. Kostner				     783</p>
<p>  6. Zurbriggen				  767</p>
<p>  7. Anita Wachter (Austria)		 694</p>
<p>  8. Goetschl				    647</p>
<p>  9. Zelenskaja				  588</p>
<p> 10. Ertl					  502</p>
<p> 11. Urska Hrovat (Slovenia)		 428</p>
<p> 12. Claudia Riegler (New Zealand)	 389</p>
<p> 13. Masnada				     387</p>
<p> 14. Schuster				    377</p>
<p> 15. Montillet				   370</p>
<p> 16. Gutensohn				   360</p>
<p> 17. Meissnitzer				 358</p>
<p> 18. Karin Roten (Switzerland)	     347</p>
<p> 19. Patricia Chauvet (France)	     311</p>
<p> 20. Elfi Eder (Austria)		     306</p>
</text>
<copyright>(c) Reuters Limited 1997</copyright>
<metadata>
<codes class="bip:countries:1.0">
  <code code="USA">
    <editdetail attribution="Reuters BIP Coding Group" action="confirmed" date="1997-03-12"/>
  </code>
</codes>
<codes class="bip:topics:1.0">
  <code code="GCAT">
    <editdetail attribution="Reuters BIP Coding Group" action="confirmed" date="1997-03-12"/>
  </code>
  <code code="GSPO">
    <editdetail attribution="Reuters BIP Coding Group" action="confirmed" date="1997-03-12"/>
  </code>
</codes>
<dc element="dc.date.created" value="1997-03-12"/>
<dc element="dc.publisher" value="Reuters Holdings Plc"/>
<dc element="dc.date.published" value="1997-03-12"/>
<dc element="dc.source" value="Reuters"/>
<dc element="dc.creator.location" value="VAIL, Colorado"/>
<dc element="dc.creator.location.country.name" value="USA"/>
<dc element="dc.source" value="Reuters"/>
</metadata>
</newsitem>
