<?xml version="1.0" encoding="iso-8859-1" ?>
<newsitem itemid="435480" id="root" date="1997-03-12" xml:lang="en">
<title>USA: TENNIS-CUP RESULTS FROM INDIAN WELLS.</title>
<headline>TENNIS-CUP RESULTS FROM INDIAN WELLS.</headline>
<dateline>INDIAN WELLS, California 1997-03-11</dateline>
<text>
<p>Results at the $2.3 million Champions Cup tennis tournament on Tuesday (prefix number denotes seeding):</p>
<p>First round:</p>
<p>Byron Black (Zimbabwe) beat 9-Alberto Costa (Spain) 6-2 6-2</p>
<p>Mark Philippoussis (Australia) beat 10-Andre Agassi (U.S.) 7- 6 (7-5) 7-6 (7-5)</p>
<p>13-Marc Rosset (Switzerland) beat Mariano Zabaleta (Argentina) 6-3 7-5</p>
<p>Jiri Novak (Czech Republic) beat Marc Goellner (Germany) 5-7 6-4 6-2</p>
<p>Bohdan Ulihrach (Czech Republic) beat Hernan Gumy (Argentina) 4-6 6-1 6-0</p>
<p>Chris Woodruff (U.S.) beat Justin Gimelstob (U.S.) 6-4 6-7 (7-9) 6-3</p>
<p>Jonas Bjorkman (Sweden) beat Andrea Gaudenzi (Italy) 6-1 6-3</p>
<p>Javier Sanchez (Spain) beat Richey Reneberg (U.S.) 6-4 5-7 6-4</p>
<p>Second round:</p>
<p>2-Thomas Muster (Austria) beat Adrian Voinea (Romania) 6-2 6-4</p>
</text>
<copyright>(c) Reuters Limited 1997</copyright>
<metadata>
<codes class="bip:countries:1.0">
  <code code="USA">
    <editdetail attribution="Reuters BIP Coding Group" action="confirmed" date="1997-03-12"/>
  </code>
</codes>
<codes class="bip:topics:1.0">
  <code code="GCAT">
    <editdetail attribution="Reuters BIP Coding Group" action="confirmed" date="1997-03-12"/>
  </code>
  <code code="GSPO">
    <editdetail attribution="Reuters BIP Coding Group" action="confirmed" date="1997-03-12"/>
  </code>
</codes>
<dc element="dc.date.created" value="1997-03-11"/>
<dc element="dc.publisher" value="Reuters Holdings Plc"/>
<dc element="dc.date.published" value="1997-03-12"/>
<dc element="dc.source" value="Reuters"/>
<dc element="dc.creator.location" value="INDIAN WELLS, California"/>
<dc element="dc.creator.location.country.name" value="USA"/>
<dc element="dc.source" value="Reuters"/>
</metadata>
</newsitem>
