<?xml version="1.0" encoding="iso-8859-1" ?>
<newsitem itemid="435486" id="root" date="1997-03-12" xml:lang="en">
<title>UK: SOCCER-ENGLISH PREMIER LEAGUE SUMMARIES.</title>
<headline>SOCCER-ENGLISH PREMIER LEAGUE SUMMARIES.</headline>
<dateline>LONDON 1997-03-12</dateline>
<text>
<p>Summaries of Wednesday's English</p>
<p>premier league soccer matches:</p>
<p> Leeds		    0</p>
<p> Southampton	    0 -</p>
<p>Att: 25,913.</p>
<p>- - - -</p>
<p> Sheffield Wednesday  2 - Hirst 42, Stefanovic 63</p>
<p> Sunderland	     1 - Ball 28</p>
<p>HT: 1-1.  Att: 20,294.</p>
<p>- - - -</p>
<p> West Ham		 3 - Dicks 55 pen, Kitson 68, 90</p>
<p> Chelsea		  2 - Vialli 26, Hughes 87</p>
<p>HT: 0-1.  Att: 24,502.</p>
</text>
<copyright>(c) Reuters Limited 1997</copyright>
<metadata>
<codes class="bip:countries:1.0">
  <code code="UK">
    <editdetail attribution="Reuters BIP Coding Group" action="confirmed" date="1997-03-12"/>
  </code>
</codes>
<codes class="bip:topics:1.0">
  <code code="GCAT">
    <editdetail attribution="Reuters BIP Coding Group" action="confirmed" date="1997-03-12"/>
  </code>
  <code code="GSPO">
    <editdetail attribution="Reuters BIP Coding Group" action="confirmed" date="1997-03-12"/>
  </code>
</codes>
<dc element="dc.date.created" value="1997-03-12"/>
<dc element="dc.publisher" value="Reuters Holdings Plc"/>
<dc element="dc.date.published" value="1997-03-12"/>
<dc element="dc.source" value="Reuters"/>
<dc element="dc.creator.location" value="LONDON"/>
<dc element="dc.creator.location.country.name" value="UK"/>
<dc element="dc.source" value="Reuters"/>
</metadata>
</newsitem>
