<?xml version="1.0" encoding="iso-8859-1" ?>
<newsitem itemid="435418" id="root" date="1997-03-12" xml:lang="en">
<title>USA: EMERGENCY WEATHER CONDITIONS -  WSC - 11-MAR.</title>
<headline>EMERGENCY WEATHER CONDITIONS -  WSC - 11-MAR.</headline>
<text>
<p>Tropical Cyclone Justin, with 60 mph winds, is in the Coral Sea near 16.5s/151.0e, and nearly stationary. Little change in strength or little movement is expected during the next 36 hours. Justin will threaten shipping through the period as seas in the region will continue quite rough.</p>
<p>Tropical Cyclone Gavin, with 50 mph winds, is near 35s/177e, moving south southwest at 9 mph. Gavin is becoming extratropical at this time. It is expected to track just east of the north island of New Zealand as an extratropical storm system during the next 24 hours. This system is of some concern to shipping in the region due to rough seas and brisk winds.  </p>
<p>There are no further emergency statements at this time.  </p>
<p>There are no further emergency statements at this time.</p>
</text>
<copyright>(c) Reuters Limited 1997</copyright>
<metadata>
<codes class="bip:countries:1.0">
  <code code="NZ">
    <editdetail attribution="Reuters BIP Coding Group" action="confirmed" date="1997-03-12"/>
  </code>
  <code code="USA">
    <editdetail attribution="Reuters BIP Coding Group" action="confirmed" date="1997-03-12"/>
  </code>
</codes>
<codes class="bip:topics:1.0">
  <code code="GCAT">
    <editdetail attribution="Reuters BIP Coding Group" action="confirmed" date="1997-03-12"/>
  </code>
  <code code="GWEA">
    <editdetail attribution="Reuters BIP Coding Group" action="confirmed" date="1997-03-12"/>
  </code>
</codes>
<dc element="dc.publisher" value="Reuters Holdings Plc"/>
<dc element="dc.date.published" value="1997-03-12"/>
<dc element="dc.source" value="Reuters"/>
<dc element="dc.creator.location.country.name" value="USA"/>
<dc element="dc.source" value="Reuters"/>
</metadata>
</newsitem>
