<?xml version="1.0" encoding="iso-8859-1" ?>
<newsitem itemid="435436" id="root" date="1997-03-12" xml:lang="en">
<title>USA: TENNIS-SAMPRAS STUNNED BY ULIHRACH AT INDIAN WELLS.</title>
<headline>TENNIS-SAMPRAS STUNNED BY ULIHRACH AT INDIAN WELLS.</headline>
<dateline>INDIAN WELLS, California 1997-03-12</dateline>
<text>
<p>World number one Pete Sampras suffered his first defeat of 1997 when he was stunned by Bohdan Ulihrach of the Czech Republic at the Champions Cup on Wednesday.</p>
<p>Sampras, who took a 17-0 1997 match record into the second-round encounter, was ousted 7-6 (7-5) 7-5 by the 43rd-ranked Ulihrach.</p>
<p>The top seed had won his last four tournaments, including the Australian Open in January, and was victorious in his previous 34 hardcourt matches, dating back to last August in Cincinnati.</p>
<p>&quot;You know it's not going to last forever,&quot; Sampras said of his hot streaks, &quot;but you hope when you do lose, you lose to someone that outplays you.</p>
<p>&quot;He played okay, but I didn't play well. That adds a little bit of salt to the wound when you don't play the way you should play,&quot; Sampras lamented.</p>
<p>Shortly after Sampras's shocking defeat, fourth seed Goran Ivanisevic followed the top seed out the door.</p>
<p>The big-serving Croatian was bounced 7-5 6-3 by American doubles specialist Jonathan Stark, who was named to the U.S. Davis Cup team earlier in the day.</p>
<p>Sixth seed Thomas Enqvist of Sweden, the last player to beat Sampras on a hard court before Wednesday, also joined the casualty list, falling 6-4 6-4 to American Chris Woodruff, a semifinalist last week at Scottsdale.</p>
<p>&quot;Today I just don't feel I played the way I should,&quot; said Sampras, twice a champion here who had not lost to a player ranked below 30th in the world since last year's ATP Tour World Team Championships in Dusseldorf, when he was also beaten by Ulihrach.</p>
<p>The Czech was naturally delighted with his good fortune.</p>
<p>&quot;You can imagine how nice it is to beat him because he won 20 matches in a row,&quot; Ulihrach said. &quot;It's an unbelievable feeling.&quot;</p>
<p>Ulihrach had particular success playing to Sampras's weaker backhand side in the one hour and 28 minute match played in 102-degree (39 C) desert heat.</p>
<p>&quot;I've always had a problem, even though I've won here a couple of times. I never thought I played all that great here because of the dry weather. I just played very tentative tennis,&quot; Sampras said.</p>
<p>Sampras squandered three set points in the 12th game as the first-set went to a tie-break after neither player was able to break the other's serve.</p>
<p>Ulihrach failed on his first set point in the tiebreaker at 6-4 by double faulting. But he got lucky on the next point when his forehand from the baseline nicked the net and tumbled over onto Sampras's side.</p>
<p>They traded service breaks in the opening two games of the second set and stayed on serve until the last game.</p>
<p>Then, serving at 30-30, Sampras netted a forehand half volley, before falling victim to a screeching forehand crosscourt passing shot on the final point.</p>
<p>&quot;Well, it was pretty ugly today,&quot; Sampras said of his play.</p>
</text>
<copyright>(c) Reuters Limited 1997</copyright>
<metadata>
<codes class="bip:countries:1.0">
  <code code="CZREP">
    <editdetail attribution="Reuters BIP Coding Group" action="confirmed" date="1997-03-12"/>
  </code>
  <code code="USA">
    <editdetail attribution="Reuters BIP Coding Group" action="confirmed" date="1997-03-12"/>
  </code>
</codes>
<codes class="bip:topics:1.0">
  <code code="GCAT">
    <editdetail attribution="Reuters BIP Coding Group" action="confirmed" date="1997-03-12"/>
  </code>
  <code code="GSPO">
    <editdetail attribution="Reuters BIP Coding Group" action="confirmed" date="1997-03-12"/>
  </code>
</codes>
<dc element="dc.date.created" value="1997-03-12"/>
<dc element="dc.publisher" value="Reuters Holdings Plc"/>
<dc element="dc.date.published" value="1997-03-12"/>
<dc element="dc.source" value="Reuters"/>
<dc element="dc.creator.location" value="INDIAN WELLS, California"/>
<dc element="dc.creator.location.country.name" value="USA"/>
<dc element="dc.source" value="Reuters"/>
</metadata>
</newsitem>
