<?xml version="1.0" encoding="iso-8859-1" ?>
<newsitem itemid="435484" id="root" date="1997-03-12" xml:lang="en">
<title>UK: SOCCER-MIDDLESBROUGH LOSE BUT STILL MAKE IT TO LEAGUE CUP FINAL.</title>
<headline>SOCCER-MIDDLESBROUGH LOSE BUT STILL MAKE IT TO LEAGUE CUP FINAL.</headline>
<byline>Mike Collett</byline>
<dateline>LONDON 1997-03-12</dateline>
<text>
<p>Middlesbrough qualified for the first major cup final in their 121-year history on Wednesday despite being beaten 1-0 at home by Stockport County in the second leg of their English League Cup semifinal.</p>
<p>But Middlesbrough, who are also through to the semifinals of the F.A. Cup, survived the defeat to beat Stockport 2-1 on aggregate and clinch a place in the final against Leicester City at Wembley on April 6.</p>
<p>The expensively-assembled premier league team, who are struggling to avoid relegation to the first division, lived on their nerves after falling behind to a fifth minute goal scored by Sean Connelly.</p>
<p>Middlesbrough's only other final this century was a winning appearance in the 1976 semi-official Anglo-Scottish Cup. Before that they had been winners of the now defunct F.A. Amateur Cup in 1895 and 1898.</p>
<p>Stockport, assembled at a fraction of the cost of Bryan Robson's side, looked dead and buried after losing the home leg 2-0 two weeks ago but they revitalised their hopes when Connelly burst through after a quickly-taken free-kick and lashed an unstoppable angled shot past Middlesbrough keeper Mark Schwarzer with only five minutes played.</p>
<p>Stockport had a number of chances to score but their evening ended in disappointment. They had youngster Tony Dinning sent off for an off-the-ball trip on Italian Fabrizio Ravanelli in the closing stages and were left to rue what might have been.</p>
<p>In the premier league, West Ham improved their hopes of surviving the drop with a last-minute winner from Paul Kitson giving them a 3-2 victory over Chelsea at Upton Park.</p>
<p>Ruud Gullit's team appeared to have done enough to secure a point when Mark Hughes equalised with three minutes to play but Kitson's second goal of the night gave the Hammers three vital points. Julian Dicks (55th-minute penalty) and Gianluca Vialli, who put Chelsea ahead after 26 minutes, were the other scorers.</p>
<p>Fellow strugglers Southampton drew 0-0 at Leeds, while relegation-threatened Sunderland who surprisngly beat Manchester United 2-1 on Saturday, lost by the same score at Sheffield Wednesday after leading through Kevin Ball. David Hirst and Dejan Stefanovic scored for the home side who kept alive their push for a place in next season's UEFA Cup.</p>
</text>
<copyright>(c) Reuters Limited 1997</copyright>
<metadata>
<codes class="bip:countries:1.0">
  <code code="UK">
    <editdetail attribution="Reuters BIP Coding Group" action="confirmed" date="1997-03-12"/>
  </code>
</codes>
<codes class="bip:topics:1.0">
  <code code="GCAT">
    <editdetail attribution="Reuters BIP Coding Group" action="confirmed" date="1997-03-12"/>
  </code>
  <code code="GSPO">
    <editdetail attribution="Reuters BIP Coding Group" action="confirmed" date="1997-03-12"/>
  </code>
</codes>
<dc element="dc.date.created" value="1997-03-12"/>
<dc element="dc.publisher" value="Reuters Holdings Plc"/>
<dc element="dc.date.published" value="1997-03-12"/>
<dc element="dc.source" value="Reuters"/>
<dc element="dc.creator.location" value="LONDON"/>
<dc element="dc.creator.location.country.name" value="UK"/>
<dc element="dc.source" value="Reuters"/>
</metadata>
</newsitem>
