<?xml version="1.0" encoding="iso-8859-1" ?>
<newsitem itemid="435461" id="root" date="1997-03-12" xml:lang="en">
<title>FRANCE: CYCLING-PARIS-NICE FOURTH STAGE PLACINGS.</title>
<headline>CYCLING-PARIS-NICE FOURTH STAGE PLACINGS.</headline>
<dateline>CLERMONT-FERRAND, France 1997-03-12</dateline>
<text>
<p>Leading</p>
<p>placings in the 165-km fourth stage of the Paris-Nice race from</p>
<p>Montlucon on Wednesday:</p>
<p>1. Pascal Chanteur (France) Casino 3 hours 59 minutes 43</p>
<p>seconds</p>
<p>2. Laurent Dufaux (Switzerland) Festina</p>
<p>3. Laurent Jalabert (France) ONCE</p>
<p>4. Didier Rous (France) Festina</p>
<p>5. Benoit Salmon (France) Lotto</p>
<p>6. Santiago Blanco (Spain) Banesto</p>
<p>7. Gilles Bouvard (France) Festina     all same time as winner</p>
<p>8. Fabio Baldato (Italy) MG-Technogym  14 seconds behind</p>
<p>9. Frederic Pontier (France) Casino</p>
<p>10. Tom Steels (Belgium) Mapei</p>
<p>11. Vyacheslav Ekimov (Russia) US Postal</p>
<p>12. Nicolas Jalabert (France) Cofidis</p>
<p>13. Miguel Angel Martin Perdiguero (Spain) Kelme</p>
<p>14. Enrico Cassani (Italy) Polti</p>
<p>15. Jose Luis Arrieta (Spain) Banesto</p>
<p>16. Fabrice Gougot (France) Casino</p>
<p>17. Miguel Arroyo (Mexico) Big Mat</p>
<p>18. Pascal Lino (France) Big Mat</p>
<p>19. Franck Bouyer (France) Francaise des Jeux</p>
<p>20. Giuseppe Calcaterra (Italy) Saeco  all same time</p>
<p>Leading overall placings:</p>
<p> 1. Jalabert					    12:46:36</p>
<p> 2. Chanteur				 16 seconds behind</p>
<p> 3. Steels					    26 seconds</p>
<p> 4. Dufaux							28</p>
<p> 5. Rous							  30</p>
<p> 6. Christophe Moreau (France) Festina		  39</p>
<p> 7. Bouvard						     39</p>
<p> 8. Stephane Heulot (France) Francaise des Jeux     40</p>
<p> 9. Ekimov							42</p>
<p> 10 Blanco							44</p>
<p> 11. Salmon						     44</p>
<p> 12. Johan Museeuw (Belgium) Mapei			44</p>
<p> 13. Pascal Lino (France) Big Mat			 45</p>
<p> 14. Evgeny Berzin (Russia) Batik			 51</p>
<p> 15. Armand de las Cuevas (France) Banesto	    51</p>
<p> 16. Cassani						    52</p>
<p> 17. Richard Virenque (France) Festina		  52</p>
<p> 18. Ermanno Brignoli (Italy) Batik		     53</p>
<p> 19. Tony Rominger (Switzerland) Cofidis		55</p>
<p> 20. Max Sciandri (Britain) Francaise des Jeux	56</p>
</text>
<copyright>(c) Reuters Limited 1997</copyright>
<metadata>
<codes class="bip:countries:1.0">
  <code code="FRA">
    <editdetail attribution="Reuters BIP Coding Group" action="confirmed" date="1997-03-12"/>
  </code>
</codes>
<codes class="bip:topics:1.0">
  <code code="GCAT">
    <editdetail attribution="Reuters BIP Coding Group" action="confirmed" date="1997-03-12"/>
  </code>
  <code code="GSPO">
    <editdetail attribution="Reuters BIP Coding Group" action="confirmed" date="1997-03-12"/>
  </code>
</codes>
<dc element="dc.date.created" value="1997-03-12"/>
<dc element="dc.publisher" value="Reuters Holdings Plc"/>
<dc element="dc.date.published" value="1997-03-12"/>
<dc element="dc.source" value="Reuters"/>
<dc element="dc.creator.location" value="CLERMONT-FERRAND, France"/>
<dc element="dc.creator.location.country.name" value="FRANCE"/>
<dc element="dc.source" value="Reuters"/>
</metadata>
</newsitem>
