<?xml version="1.0" encoding="iso-8859-1" ?>
<newsitem itemid="435402" id="root" date="1997-03-12" xml:lang="en">
<title>USA: Ultimate Electronics Q4 net, share fall.</title>
<headline>Ultimate Electronics Q4 net, share fall.</headline>
<dateline>DENVER, Colo 1997-03-12</dateline>
<text>
<p>Qtr. ended		   Qtr. ended</p>
<p>			   Jan. 31,		     Jan. 31,</p>
<p>			     1997			 1996</p>
<p> Sales		  $83,623,000		  $88,467,000</p>
<p> Gross profit	  22,312,000		   22,765,000</p>
<p>Selling, general</p>
<p> &amp; administration    19,411,000		   19,496,000</p>
<p> Preopening expenses    427,000			468,000</p>
<p>Income from</p>
<p> operations	     2,474,000		    2,801,000</p>
<p> Interest expense	 771,000			541,000</p>
<p> Income before taxes  1,703,000		    2,260,000</p>
<p> Income tax expense     635,000			834,000</p>
<p> Net income	     1,068,000		    1,426,000</p>
<p> Earnings per share	  $.15			 $.21</p>
<p> Average shares	 6,995,000		    6,931,413</p>
<p>			  Year ended		   Year ended</p>
<p>			   Jan. 31,		     Jan. 31,</p>
<p>			     1997			 1996(a)</p>
<p>    Sales	    $261,154,000		 $251,807,000</p>
<p> Gross profit	  69,251,000		   67,464,000</p>
<p>Selling, general</p>
<p> &amp; administration    64,091,000		   57,371,000</p>
<p>  Preopening expenses   695,000		    2,154,000</p>
<p>Income from</p>
<p> operations	     4,465,000		    7,939,000</p>
<p> Interest expense     3,210,000		    1,866,000</p>
<p> Income before taxes  1,255,000		    6,073,000</p>
<p> Income tax expense     470,000		    2,241,000</p>
<p> Net income		 785,000		    3,832,000</p>
<p> Earnings per share	  $.11			 $.65</p>
<p>Average shares</p>
<p>  outstanding	   6,995,000		    5,906,025</p>
<p>NOTES: (a) results for 1996 exclude a $988,000 charge to net income for the cumulative effect of the change in accounting method for preopening expenses from amortizing the costs over the twelve months following the opening of a new store location to expensing the costs as incurred.</p>
<p>Full company name is Ultimate Electronics Inc.</p>
</text>
<copyright>(c) Reuters Limited 1997</copyright>
<metadata>
<codes class="bip:countries:1.0">
  <code code="USA">
    <editdetail attribution="Reuters BIP Coding Group" action="confirmed" date="1997-03-12"/>
  </code>
</codes>
<codes class="bip:industries:1.0">
  <code code="I65400">
    <editdetail attribution="Reuters BIP Coding Group" action="confirmed" date="1997-03-12"/>
  </code>
</codes>
<codes class="bip:topics:1.0">
  <code code="C15">
    <editdetail attribution="Reuters BIP Coding Group" action="confirmed" date="1997-03-12"/>
  </code>
  <code code="C151">
    <editdetail attribution="Reuters BIP Coding Group" action="confirmed" date="1997-03-12"/>
  </code>
  <code code="C1511">
    <editdetail attribution="Reuters BIP Coding Group" action="confirmed" date="1997-03-12"/>
  </code>
  <code code="CCAT">
    <editdetail attribution="Reuters BIP Coding Group" action="confirmed" date="1997-03-12"/>
  </code>
</codes>
<dc element="dc.date.created" value="1997-03-12"/>
<dc element="dc.publisher" value="Reuters Holdings Plc"/>
<dc element="dc.date.published" value="1997-03-12"/>
<dc element="dc.source" value="Reuters"/>
<dc element="dc.creator.location" value="DENVER, Colo"/>
<dc element="dc.creator.location.country.name" value="USA"/>
<dc element="dc.source" value="Reuters"/>
</metadata>
</newsitem>
