<?xml version="1.0" encoding="iso-8859-1" ?>
<newsitem itemid="435450" id="root" date="1997-03-12" xml:lang="en">
<title>USA: BASEBALL-GIANTS' SNOW HAS FRACTURED EYE SOCKET.</title>
<headline>BASEBALL-GIANTS' SNOW HAS FRACTURED EYE SOCKET.</headline>
<dateline>SCOTTSDALE, Arizona 1997-03-12</dateline>
<text>
<p>J.T. Snow of the San Francisco Giants suffered fractured left eye socket when he was hit by a Randy Johnson pitch during a Cactus League game on Tuesday.</p>
<p>The Giants announced Wednesday that a CT scan revealed a fracture of Snow's lower left eye orbit. The 29-year-old first baseman will be under observation for the next 7-to-10 days before a determination can be made about how long he will be sidelined.</p>
<p>Dr. Randall Tozer, who examined Snow, said Snow's vision was blurred due to the enormous amount of swelling around the eye, but added the health of the eye was good.</p>
<p>Johnson, the Seattle Mariners ace, had retired the first five batters he faced before throwing a pitch high and inside to Snow, who attempted to get out of the way.</p>
<p>The ball deflected off Snow's wrist and up into his face. X-rays on his wrist were negative, but Snow also suffered a laceration of his left eyelid.</p>
<p>Johnson, who is attempting a comeback after undergoing back surgery, rushed to Snow and knelt beside him after the errant pitch. Snow was removed from the field on a stretcher and taken to the hospital.</p>
<p>Snow is in his first season with the Giants after being acquired in a trade with the Anaheim Angels for pitchers Allen Watson and Fausto Macey.</p>
</text>
<copyright>(c) Reuters Limited 1997</copyright>
<metadata>
<codes class="bip:countries:1.0">
  <code code="USA">
    <editdetail attribution="Reuters BIP Coding Group" action="confirmed" date="1997-03-12"/>
  </code>
</codes>
<codes class="bip:topics:1.0">
  <code code="GCAT">
    <editdetail attribution="Reuters BIP Coding Group" action="confirmed" date="1997-03-12"/>
  </code>
  <code code="GSPO">
    <editdetail attribution="Reuters BIP Coding Group" action="confirmed" date="1997-03-12"/>
  </code>
</codes>
<dc element="dc.date.created" value="1997-03-12"/>
<dc element="dc.publisher" value="Reuters Holdings Plc"/>
<dc element="dc.date.published" value="1997-03-12"/>
<dc element="dc.source" value="Reuters"/>
<dc element="dc.creator.location" value="SCOTTSDALE, Arizona"/>
<dc element="dc.creator.location.country.name" value="USA"/>
<dc element="dc.source" value="Reuters"/>
</metadata>
</newsitem>
