<?xml version="1.0" encoding="iso-8859-1" ?>
<newsitem itemid="435430" id="root" date="1997-03-12" xml:lang="en">
<title>USA: Symons International Group Q4 results.</title>
<headline>Symons International Group Q4 results.</headline>
<dateline>INDIANAPOLIS 1997-03-11</dateline>
<text>
<p>1996			1995</p>
<p> Shr			  $0.49		    $0.19</p>
<p> Net			  4,363		    1,351</p>
<p> Revs			69,162		   12,422</p>
<p>(All data above 000s except per share numbers)</p>
<p>	  12 MONTHS</p>
<p> Shr			  $1.76		    $0.69</p>
<p> Net			 13,256		    4,821</p>
<p> Revs		     206,763		   52,640</p>
<p>(All data above 000s except per share numbers)</p>
<p>NOTE: Weighted average shares figures were not available.</p>
<p>((Chicago newsdesk (312) 408-8787))</p>
</text>
<copyright>(c) Reuters Limited 1997</copyright>
<metadata>
<codes class="bip:countries:1.0">
  <code code="USA">
    <editdetail attribution="Reuters BIP Coding Group" action="confirmed" date="1997-03-12"/>
  </code>
</codes>
<codes class="bip:topics:1.0">
  <code code="C15">
    <editdetail attribution="Reuters BIP Coding Group" action="confirmed" date="1997-03-12"/>
  </code>
  <code code="C151">
    <editdetail attribution="Reuters BIP Coding Group" action="confirmed" date="1997-03-12"/>
  </code>
  <code code="C1511">
    <editdetail attribution="Reuters BIP Coding Group" action="confirmed" date="1997-03-12"/>
  </code>
  <code code="CCAT">
    <editdetail attribution="Reuters BIP Coding Group" action="confirmed" date="1997-03-12"/>
  </code>
</codes>
<dc element="dc.date.created" value="1997-03-11"/>
<dc element="dc.publisher" value="Reuters Holdings Plc"/>
<dc element="dc.date.published" value="1997-03-12"/>
<dc element="dc.source" value="Reuters"/>
<dc element="dc.creator.location" value="INDIANAPOLIS"/>
<dc element="dc.creator.location.country.name" value="USA"/>
<dc element="dc.source" value="Reuters"/>
</metadata>
</newsitem>
