<?xml version="1.0" encoding="iso-8859-1" ?>
<newsitem itemid="435405" id="root" date="1997-03-12" xml:lang="en">
<title>USA: Marsh to buy Johnson &amp; Higgins - WSJ.</title>
<headline>Marsh to buy Johnson &amp; Higgins - WSJ.</headline>
<dateline>NEW YORK 1997-03-12</dateline>
<text>
<p>Marsh &amp; McLennan Cos is expected to announce today a pact to acquire insurance broker Johnson &amp; Higgins for $1.8 billion, the Wall Street Journal said in its electronic edition Wednesday.</p>
<p>The paper said people familiar with the matter believe the acquisition will be for a mix of stock and cash and add to earnings.</p>
<p>A day earlier Johnson &amp; Higgins, the third largest insurance broker in the United States, decined to comment on reports that it was considering going public or selling itself.</p>
<p>Wednesday's report said the deal with Marsh &amp; McLennan would include Johnson &amp; Higgins' benefits consultant business, A. Foster Higgins &amp; Co, which is one of the world's largest in the industry.</p>
<p>((-- New York newsdesk 212-859-1610))</p>
</text>
<copyright>(c) Reuters Limited 1997</copyright>
<metadata>
<codes class="bip:countries:1.0">
  <code code="USA">
    <editdetail attribution="Reuters BIP Coding Group" action="confirmed" date="1997-03-12"/>
  </code>
</codes>
<codes class="bip:industries:1.0">
  <code code="I83200">
    <editdetail attribution="Reuters BIP Coding Group" action="confirmed" date="1997-03-12"/>
  </code>
</codes>
<codes class="bip:topics:1.0">
  <code code="C18">
    <editdetail attribution="Reuters BIP Coding Group" action="confirmed" date="1997-03-12"/>
  </code>
  <code code="C181">
    <editdetail attribution="Reuters BIP Coding Group" action="confirmed" date="1997-03-12"/>
  </code>
  <code code="CCAT">
    <editdetail attribution="Reuters BIP Coding Group" action="confirmed" date="1997-03-12"/>
  </code>
</codes>
<dc element="dc.date.created" value="1997-03-12"/>
<dc element="dc.publisher" value="Reuters Holdings Plc"/>
<dc element="dc.date.published" value="1997-03-12"/>
<dc element="dc.source" value="Reuters"/>
<dc element="dc.creator.location" value="NEW YORK"/>
<dc element="dc.creator.location.country.name" value="USA"/>
<dc element="dc.source" value="Reuters"/>
</metadata>
</newsitem>
