<?xml version="1.0" encoding="iso-8859-1" ?>
<newsitem itemid="435495" id="root" date="1997-03-12" xml:lang="en">
<title>UK: CRICKET-STEWART STEPS DOWN AS SURREY CAPTAIN.</title>
<headline>CRICKET-STEWART STEPS DOWN AS SURREY CAPTAIN.</headline>
<dateline>LONDON 1997-03-12</dateline>
<text>
<p>Alec Stewart has resigned as Surrey captain after five years in charge in order to concentrate on his wicketkeeping duties.</p>
<p>Stewart enjoyed a highly successful tour with England to Zimbabwe and New Zealand as number three batsman and wicketkeeper.</p>
<p>He has previously kept wicket for Surrey in one-day games only but now plans to wear the gloves in most of Surrey's matches.</p>
<p>Adam Hollioake, who led England A on their productive visit to Australia, will take over from Stewart. Hollioake, 25, has been mentioned as a possible England skipper.</p>
<p>Gloucestershire have signed 26-year-old Tasmanian all-rounder Shaun Young as their overseas player on a one-year contract.</p>
</text>
<copyright>(c) Reuters Limited 1997</copyright>
<metadata>
<codes class="bip:countries:1.0">
  <code code="AUSTR">
    <editdetail attribution="Reuters BIP Coding Group" action="confirmed" date="1997-03-12"/>
  </code>
  <code code="NZ">
    <editdetail attribution="Reuters BIP Coding Group" action="confirmed" date="1997-03-12"/>
  </code>
  <code code="UK">
    <editdetail attribution="Reuters BIP Coding Group" action="confirmed" date="1997-03-12"/>
  </code>
  <code code="ZIMBAB">
    <editdetail attribution="Reuters BIP Coding Group" action="confirmed" date="1997-03-12"/>
  </code>
</codes>
<codes class="bip:topics:1.0">
  <code code="GCAT">
    <editdetail attribution="Reuters BIP Coding Group" action="confirmed" date="1997-03-12"/>
  </code>
  <code code="GSPO">
    <editdetail attribution="Reuters BIP Coding Group" action="confirmed" date="1997-03-12"/>
  </code>
</codes>
<dc element="dc.date.created" value="1997-03-12"/>
<dc element="dc.publisher" value="Reuters Holdings Plc"/>
<dc element="dc.date.published" value="1997-03-12"/>
<dc element="dc.source" value="Reuters"/>
<dc element="dc.creator.location" value="LONDON"/>
<dc element="dc.creator.location.country.name" value="UK"/>
<dc element="dc.source" value="Reuters"/>
</metadata>
</newsitem>
