<?xml version="1.0" encoding="iso-8859-1" ?>
<newsitem itemid="435419" id="root" date="1997-03-12" xml:lang="en">
<title>USA: Fotoball USA Inc Q4 shr profit $0.01.</title>
<headline>Fotoball USA Inc Q4 shr profit $0.01.</headline>
<dateline>SAN DIEGO 1997-03-11</dateline>
<text>
<p>Fotoball USA, Inc.</p>
<p>		  Condensed Statements Of Operations</p>
<p>			   (Unaudited)</p>
<p>			 Three Months Ended    Twelve Months Ended</p>
<p>			    December 31,	     December 31,</p>
<p>			   1996	 1995	  1996	 1995</p>
<p> Sales	     $7,817,549 $2,054,157 $25,997,162 $7,754,309</p>
<p> Gross Margins    1,570,190    837,534   7,528,687  3,451,665</p>
<p>Income (Loss) Before</p>
<p>   Taxes	     (40,977)  (117,398)   2,070,350     32,966</p>
<p> Net Income (Loss)   11,523   (88,798)   1,275,350	1,166</p>
<p>Net Income (Loss)</p>
<p>   Per Common Share     .01	(.03)	   .47	  NIL</p>
<p>Weighted Average Number</p>
<p>of Common Shares</p>
<p>   Outstanding    2,703,184  2,661,742   2,728,348  2,661,742</p>
</text>
<copyright>(c) Reuters Limited 1997</copyright>
<metadata>
<codes class="bip:countries:1.0">
  <code code="USA">
    <editdetail attribution="Reuters BIP Coding Group" action="confirmed" date="1997-03-12"/>
  </code>
</codes>
<codes class="bip:topics:1.0">
  <code code="C15">
    <editdetail attribution="Reuters BIP Coding Group" action="confirmed" date="1997-03-12"/>
  </code>
  <code code="C151">
    <editdetail attribution="Reuters BIP Coding Group" action="confirmed" date="1997-03-12"/>
  </code>
  <code code="C1511">
    <editdetail attribution="Reuters BIP Coding Group" action="confirmed" date="1997-03-12"/>
  </code>
  <code code="CCAT">
    <editdetail attribution="Reuters BIP Coding Group" action="confirmed" date="1997-03-12"/>
  </code>
</codes>
<dc element="dc.date.created" value="1997-03-11"/>
<dc element="dc.publisher" value="Reuters Holdings Plc"/>
<dc element="dc.date.published" value="1997-03-12"/>
<dc element="dc.source" value="Reuters"/>
<dc element="dc.creator.location" value="SAN DIEGO"/>
<dc element="dc.creator.location.country.name" value="USA"/>
<dc element="dc.source" value="Reuters"/>
</metadata>
</newsitem>
