<?xml version="1.0" encoding="iso-8859-1" ?>
<newsitem itemid="435410" id="root" date="1997-03-12" xml:lang="en">
<title>USA: Wash. state lawmakers angered by stadium ultimatum.</title>
<headline>Wash. state lawmakers angered by stadium ultimatum.</headline>
<byline>Tom Banse</byline>
<dateline>OLYMPIA, Washington 1997-03-11</dateline>
<text>
<p>Lawmakers in the U.S. state of Washington reacted angrily on Tuesday to an ultimatum set by the prospective buyer of the Seattle Seahawks football team, who wants a new stadium built.</p>
<p>Multibillionaire investor Paul Allen, the Microsoft Corp co-founder who last year negotiated an exclusive option to buy the National Football League franchise and keep it in the city, set a deadline of April 3 for legislative approval of a plan to finance construction of a new stadium.</p>
<p>He threatened to back out of the deal if the deadline was not met.</p>
<p>Washington state Representative Steve Van Luven said Allen had no business bossing the legislature around.</p>
<p>&quot;Nobody gives us ultimatums, including Paul Allen,&quot; said Van Luven. &quot;I don't care how much money he has. He does not own this place. He does not run this legislature. We run the legislature. We answer to the people.&quot;</p>
<p>Stadium-backers such as Van Luven and Democratic Governor Gary Locke vowed to press on. But Van Luven said Allen has made the job harder by irritating lawmakers with his threats to walk away.  </p>
<p>Prospects were never bright for passage of the proposal to build a $402 million stadium near downtown Seattle.</p>
<p>The governor's plan to finance the stadium with a package of specialty taxes on sports logo-bearing items, car rentals, admission and parking taxes, and $100 million of Allen's money has failed twice so far in legislative committees.</p>
<p>Whatever package lawmakers can agree on would then go to a statewide vote tentatively scheduled for June 3.</p>
<p>&quot;We still have a chance on this. Until we leave town, this issue is not dead,&quot; Van Luven said.</p>
<p>But in a statement issued on Monday night, Allen indicated that three weeks is the most he is willing to wait.</p>
<p>&quot;Since it takes 60 days to provide the required notice for an election, if acceptable legislation is not enacted by April 3 for a June 3 election, I will drop my option to purchase the team,&quot; Allen said.</p>
<p>Washington state election officials have echoed the need for quick action. Elections spokesman David Brine said the state and county need about two months to complete preparations for a public vote.</p>
</text>
<copyright>(c) Reuters Limited 1997</copyright>
<metadata>
<codes class="bip:countries:1.0">
  <code code="USA">
    <editdetail attribution="Reuters BIP Coding Group" action="confirmed" date="1997-03-12"/>
  </code>
</codes>
<codes class="bip:industries:1.0">
  <code code="I50100">
    <editdetail attribution="Reuters BIP Coding Group" action="confirmed" date="1997-03-12"/>
  </code>
  <code code="I5010031">
    <editdetail attribution="Reuters BIP Coding Group" action="confirmed" date="1997-03-12"/>
  </code>
  <code code="I97911">
    <editdetail attribution="Reuters BIP Coding Group" action="confirmed" date="1997-03-12"/>
  </code>
</codes>
<codes class="bip:topics:1.0">
  <code code="C13">
    <editdetail attribution="Reuters BIP Coding Group" action="confirmed" date="1997-03-12"/>
  </code>
  <code code="C24">
    <editdetail attribution="Reuters BIP Coding Group" action="confirmed" date="1997-03-12"/>
  </code>
  <code code="CCAT">
    <editdetail attribution="Reuters BIP Coding Group" action="confirmed" date="1997-03-12"/>
  </code>
</codes>
<dc element="dc.date.created" value="1997-03-11"/>
<dc element="dc.publisher" value="Reuters Holdings Plc"/>
<dc element="dc.date.published" value="1997-03-12"/>
<dc element="dc.source" value="Reuters"/>
<dc element="dc.creator.location" value="OLYMPIA, Washington"/>
<dc element="dc.creator.location.country.name" value="USA"/>
<dc element="dc.source" value="Reuters"/>
</metadata>
</newsitem>
