<?xml version="1.0" encoding="iso-8859-1" ?>
<newsitem itemid="435497" id="root" date="1997-03-12" xml:lang="en">
<title>UK: CRICKET-NOTTINGHAMSHIRE SEEK REPLACEMENT FOR CAIRNS.</title>
<headline>CRICKET-NOTTINGHAMSHIRE SEEK REPLACEMENT FOR CAIRNS.</headline>
<dateline>LONDON 1997-03-12</dateline>
<text>
<p>England county side Nottinghamshire are seeking a replacement for New Zealand all-rounder Chris Cairns who will undergo an operation on a chipped ankle bone this month.</p>
<p>Cairns, 27, is playing solely as a batsman in the current series against Sri Lanka and might not be able to bowl for Nottinghamshire until June or July.</p>
<p>The county are currently seeking a fast bowling replacement from either Australia or South Africa and a spokesman said they hoped to resolve the problem within the next two weeks.</p>
</text>
<copyright>(c) Reuters Limited 1997</copyright>
<metadata>
<codes class="bip:countries:1.0">
  <code code="NZ">
    <editdetail attribution="Reuters BIP Coding Group" action="confirmed" date="1997-03-12"/>
  </code>
  <code code="SRILAN">
    <editdetail attribution="Reuters BIP Coding Group" action="confirmed" date="1997-03-12"/>
  </code>
  <code code="UK">
    <editdetail attribution="Reuters BIP Coding Group" action="confirmed" date="1997-03-12"/>
  </code>
</codes>
<codes class="bip:topics:1.0">
  <code code="GCAT">
    <editdetail attribution="Reuters BIP Coding Group" action="confirmed" date="1997-03-12"/>
  </code>
  <code code="GSPO">
    <editdetail attribution="Reuters BIP Coding Group" action="confirmed" date="1997-03-12"/>
  </code>
</codes>
<dc element="dc.date.created" value="1997-03-12"/>
<dc element="dc.publisher" value="Reuters Holdings Plc"/>
<dc element="dc.date.published" value="1997-03-12"/>
<dc element="dc.source" value="Reuters"/>
<dc element="dc.creator.location" value="LONDON"/>
<dc element="dc.creator.location.country.name" value="UK"/>
<dc element="dc.source" value="Reuters"/>
</metadata>
</newsitem>
