<?xml version="1.0" encoding="iso-8859-1" ?>
<newsitem itemid="435448" id="root" date="1997-03-12" xml:lang="en">
<title>COSTA RICA: SOCCER-SEX BAN SLAPPED ON COSTA RICAN SQUAD.</title>
<headline>SOCCER-SEX BAN SLAPPED ON COSTA RICAN SQUAD.</headline>
<byline>Jose Loria</byline>
<dateline>SAN JOSE 1997-03-12</dateline>
<text>
<p>Costa Rica's national soccer squad have been banned from having sex until after their current round of World Cup qualifiers.</p>
<p>&quot;I need all the players in full possession of their physical and mental faculties for the games against Mexico and the United States,&quot; said the team's Argentine manager Horacio Cordero who imposed the ban on the 19 players.</p>
<p>Players complained the sex ban was an invasion of their private lives, although some reluctantly accepted the manager's decision.</p>
<p>&quot;Sex is normal and natural and from my point of view does not negatively affect the performance of an athlete,&quot; said Oscar Ramirez, a player from Costa Rica's squad that went to the World Cup finals in Italy in 1990.</p>
<p>The tall striker said he and his wife had sex two or three times a week despite him having matches on Sundays and midweek.</p>
<p>Costa Rica and Mexico meet on Sunday in one of the qualifying matches of the six-nation play-off group for CONCACAF, the zone which comprises North America, Central America and the Caribbean.</p>
<p>Cordero said the sex ban would continue until Costa Rica's final qualifier on March 23 against the United States. But things could have been worse. The final qualifiers are not due to be played until November 16.</p>
<p>Team doctor Willy Galvez defended the players' rights to have sex although he said it was not &quot;convenient&quot; for players to have relations within 48 hours before a game.</p>
</text>
<copyright>(c) Reuters Limited 1997</copyright>
<metadata>
<codes class="bip:countries:1.0">
  <code code="COSR">
    <editdetail attribution="Reuters BIP Coding Group" action="confirmed" date="1997-03-12"/>
  </code>
</codes>
<codes class="bip:topics:1.0">
  <code code="GCAT">
    <editdetail attribution="Reuters BIP Coding Group" action="confirmed" date="1997-03-12"/>
  </code>
  <code code="GSPO">
    <editdetail attribution="Reuters BIP Coding Group" action="confirmed" date="1997-03-12"/>
  </code>
</codes>
<dc element="dc.date.created" value="1997-03-12"/>
<dc element="dc.publisher" value="Reuters Holdings Plc"/>
<dc element="dc.date.published" value="1997-03-12"/>
<dc element="dc.source" value="Reuters"/>
<dc element="dc.creator.location" value="SAN JOSE"/>
<dc element="dc.creator.location.country.name" value="COSTA RICA"/>
<dc element="dc.source" value="Reuters"/>
</metadata>
</newsitem>
