<?xml version="1.0" encoding="iso-8859-1" ?>
<newsitem itemid="435459" id="root" date="1997-03-12" xml:lang="en">
<title>ISRAEL: SOCCER-SWEDEN BEAT ISRAEL 1-0 IN SOCCER FRIENDLY.</title>
<headline>SOCCER-SWEDEN BEAT ISRAEL 1-0 IN SOCCER FRIENDLY.</headline>
<dateline>TEL AVIV 1997-03-12</dateline>
<text>
<p>Sweden beat Israel 1-0 in an international soccer friendly here on Wednesday.</p>
<p>Scorer: Andreas Andersson 68</p>
<p>Attendance: 10,000</p>
<p>Lineups:</p>
<p>Israel: 1-Rafi Cohen; 2-Felix Halfon, 3-Moshe Glam (14-Alon Hazan 45th minute), 4-Amir Shelah, 5-Arik Bennado, 6-Nir Klinger, 7-Alon Mizrahi (19-Shai Holtzman 75th), 8-Yossi Abuksis (15-Guy Yitzhak 76th), 9-Ronnie Rosenthal, 10-Ran Ben-Shimon, 11-Eli Ohana</p>
<p>Sweden: 1-Thomas Ravelli (12-Magnus Hedman 45th); 2-Roland Nilsson, 3-Christian Carlsson, 4-Andreas Jacobsson, 5-Teddy Lucic (15-Niclas Alexandersson 72nd), 6-Johan Mjallby, 7-Hakan Mild, 8-Anders Andersson, 9-Andreas Andersson, 10-Kennet Andersson (Mathias Svensson 61st), 11-Jesper Blomqvist</p>
</text>
<copyright>(c) Reuters Limited 1997</copyright>
<metadata>
<codes class="bip:countries:1.0">
  <code code="ISRAEL">
    <editdetail attribution="Reuters BIP Coding Group" action="confirmed" date="1997-03-12"/>
  </code>
  <code code="SWED">
    <editdetail attribution="Reuters BIP Coding Group" action="confirmed" date="1997-03-12"/>
  </code>
</codes>
<codes class="bip:topics:1.0">
  <code code="GCAT">
    <editdetail attribution="Reuters BIP Coding Group" action="confirmed" date="1997-03-12"/>
  </code>
  <code code="GSPO">
    <editdetail attribution="Reuters BIP Coding Group" action="confirmed" date="1997-03-12"/>
  </code>
</codes>
<dc element="dc.date.created" value="1997-03-12"/>
<dc element="dc.publisher" value="Reuters Holdings Plc"/>
<dc element="dc.date.published" value="1997-03-12"/>
<dc element="dc.source" value="Reuters"/>
<dc element="dc.creator.location" value="TEL AVIV"/>
<dc element="dc.creator.location.country.name" value="ISRAEL"/>
<dc element="dc.source" value="Reuters"/>
</metadata>
</newsitem>
