<?xml version="1.0" encoding="iso-8859-1" ?>
<newsitem itemid="435401" id="root" date="1997-03-12" xml:lang="en">
<title>USA: Biomagnetic delisted from Nasdaq.</title>
<headline>Biomagnetic delisted from Nasdaq.</headline>
<dateline>SAN DIEGO 1997-03-12</dateline>
<text>
<p>Biomagnetic Technologies Inc said Wednesday it had been delisted by the Nasdaq National Market because it is unable to meet the criteria requiring companies to have at least $4 million in net tangible assets.</p>
<p>The company said the delisting was effective March 10. It said it expects to be traded in the OTC market.</p>
<p>The company develops Magnetic Source Imaging for research and clinical applications.</p>
<p>((--New York Newsdesk 212-859-1610))</p>
</text>
<copyright>(c) Reuters Limited 1997</copyright>
<metadata>
<codes class="bip:countries:1.0">
  <code code="USA">
    <editdetail attribution="Reuters BIP Coding Group" action="confirmed" date="1997-03-12"/>
  </code>
</codes>
<codes class="bip:industries:1.0">
  <code code="I37200">
    <editdetail attribution="Reuters BIP Coding Group" action="confirmed" date="1997-03-12"/>
  </code>
</codes>
<codes class="bip:topics:1.0">
  <code code="C14">
    <editdetail attribution="Reuters BIP Coding Group" action="confirmed" date="1997-03-12"/>
  </code>
  <code code="C15">
    <editdetail attribution="Reuters BIP Coding Group" action="confirmed" date="1997-03-12"/>
  </code>
  <code code="C152">
    <editdetail attribution="Reuters BIP Coding Group" action="confirmed" date="1997-03-12"/>
  </code>
  <code code="CCAT">
    <editdetail attribution="Reuters BIP Coding Group" action="confirmed" date="1997-03-12"/>
  </code>
</codes>
<dc element="dc.date.created" value="1997-03-12"/>
<dc element="dc.publisher" value="Reuters Holdings Plc"/>
<dc element="dc.date.published" value="1997-03-12"/>
<dc element="dc.source" value="Reuters"/>
<dc element="dc.creator.location" value="SAN DIEGO"/>
<dc element="dc.creator.location.country.name" value="USA"/>
<dc element="dc.source" value="Reuters"/>
</metadata>
</newsitem>
