<?xml version="1.0" encoding="iso-8859-1" ?>
<newsitem itemid="435469" id="root" date="1997-03-12" xml:lang="en">
<title>ITALY: MOTOR RACING-DRIVER MARTINI TESTIFIES AT SENNA TRIAL.</title>
<headline>MOTOR RACING-DRIVER MARTINI TESTIFIES AT SENNA TRIAL.</headline>
<dateline>IMOLA, Italy 1997-03-12</dateline>
<text>
<p>Former Formula One driver Pierluigi Martini told a court on Wednesday that he and other drivers had reservations about the surface of the Imola racetrack before Ayrton Senna died in a crash there in 1994.</p>
<p>But the Italian, testifying as a prosecution witness at the manslaughter trial of six defendants including team boss Frank Williams, did not blame the circuit.</p>
<p>&quot;For me the track didn't have anything to do with the accident,&quot; he told reporters later.</p>
<p>He did however say that the Tamburello bend where the Brazilian triple world champion died at the May 1 San Marino Grand Prix was a demanding stretch of track and acknowledged that there must have been a problem of some sort.</p>
<p>&quot;A driver like Ayrton Senna wouldn't have left the track at that point unless there was some kind of problem,&quot; he said.</p>
<p>&quot;A lot of things can happen in a race. In this particular case I don't know what happened,&quot; the Italian, called as an expert witness, told the court.</p>
<p>Those on trial are Frank Williams, Williams' team technical director Patrick Head, designer Adrian Newey, Belgian international race director Roland Bruynseraede and Imola officials Federico Bendinelli and Giorgio Poggi.</p>
<p>All six deny the charges of manslaughter.</p>
<p>Senna died when his Williams car left the track and hurtled into a concrete wall at around 210 kph.</p>
<p>Prosecutors blame a combination of mechanical failure and poor circuit design at the Tamburello.</p>
<p>Martini said he, Senna and others had noticed in the weeks before the race &quot;a small bump&quot; in the Tamburello bend which reduced a car's abilities to keep the racing line.</p>
<p>&quot;There was a small bump in the middle that unsettled the cars. I, Senna and others mentioned it 15 days before the Grand Prix,&quot; he told the court.</p>
<p>&quot;The racetrack officials were very efficient, they had it ground down a bit which was the only possible action but the situation only improved slightly,&quot; he added.</p>
<p>But Martini said that although the cars still grazed the surface with their aerodynamic side skirts, the drivers just needed to hold the correct line.</p>
<p>He said there was only one line into the Tamburello and the bump could not be avoided without going off the track.</p>
<p>Asked later whether such a bump could cause a steering column to break, Martini told reporters that he had never known one to. He also said that Senna's fast lap time seemed to indicate that his tyres were warmed up fully.</p>
<p>The Italian told the court that Senna had complained to him three weeks before the race that the handling of his car was &quot;nervous&quot; and there was little room for the driver.</p>
</text>
<copyright>(c) Reuters Limited 1997</copyright>
<metadata>
<codes class="bip:countries:1.0">
  <code code="BRAZ">
    <editdetail attribution="Reuters BIP Coding Group" action="confirmed" date="1997-03-12"/>
  </code>
  <code code="ITALY">
    <editdetail attribution="Reuters BIP Coding Group" action="confirmed" date="1997-03-12"/>
  </code>
</codes>
<codes class="bip:topics:1.0">
  <code code="GCAT">
    <editdetail attribution="Reuters BIP Coding Group" action="confirmed" date="1997-03-12"/>
  </code>
  <code code="GSPO">
    <editdetail attribution="Reuters BIP Coding Group" action="confirmed" date="1997-03-12"/>
  </code>
</codes>
<dc element="dc.date.created" value="1997-03-12"/>
<dc element="dc.publisher" value="Reuters Holdings Plc"/>
<dc element="dc.date.published" value="1997-03-12"/>
<dc element="dc.source" value="Reuters"/>
<dc element="dc.creator.location" value="IMOLA, Italy"/>
<dc element="dc.creator.location.country.name" value="ITALY"/>
<dc element="dc.source" value="Reuters"/>
</metadata>
</newsitem>
