<?xml version="1.0" encoding="iso-8859-1" ?>
<newsitem itemid="435446" id="root" date="1997-03-12" xml:lang="en">
<title>GERMANY: SOCCER-GERMAN FIRST DIVISION RESULTS/STANDINGS.</title>
<headline>SOCCER-GERMAN FIRST DIVISION RESULTS/STANDINGS.</headline>
<dateline>BONN 1997-03-12</dateline>
<text>
<p>Results of soccer matches played</p>
<p>in the German first division on Wednesday:</p>
<p> Borussia Dortmund	   3  Hansa Rostock		 0</p>
<p> Fortuna Duesseldorf	 2  Freiburg			1</p>
<p> 1860 Munich		   3  Bayer Leverkusen	    0</p>
<p> Armenia Bielefeld	   2  Bayern Munich		 0</p>
<p>Played on Tuesday:</p>
<p> Karlsruhe		     2  Bochum			  3</p>
<p> Werder Bremen		 2  St Pauli			1</p>
<p> Hamburg			 2  Borussia Moenchengladbach 1</p>
<p> Cologne			 1  VfB Stuttgart		 5</p>
<p> Schalke			 4  Duisburg			0</p>
<p>Bundesliga standings after Wednesday's games</p>
<p>				    P     W   D   L     F   A   Pts</p>
<p> Borussia Dortmund	   22    14   4   4    48  23    46</p>
<p> Bayern Munich		 22    12   7   3    38  24    43</p>
<p> VfB Stuttgart		 22    12   5   5    51  24    41</p>
<p> Bayer Leverkusen	    22    12   5   5    45  30    41</p>
<p> Schalke			 22    10   6   6    31  26    36</p>
<p> Karlsruhe		     22     9   6   7    38  28    33</p>
<p> Cologne			 22    10   3   9    37  37    33</p>
<p> Werder Bremen		 22     9   5   8    36  35    32</p>
<p> Bochum			  21     8   8   5    29  29    32</p>
<p> 1860 Munich		   22     8   6   8    37  38    30</p>
<p> Arminia Bielefeld	   22     8   5   9    28  33    29</p>
<p> Hamburg			 22     7   6   9    32  35    27</p>
<p> Duisburg			22     6   6  10    20  33    24</p>
<p> Borussia Moenchengladbach 22     6   5  11    20  27    23</p>
<p> Fortuna Duesseldorf	 21     6   4  11    16  31    22</p>
<p> St. Pauli		     21     5   4  12    26  41    19</p>
<p> Hansa Rostock		 22     4   6  12    21  32    18</p>
<p> Freiburg			21     4   1  16    21  48    13</p>
</text>
<copyright>(c) Reuters Limited 1997</copyright>
<metadata>
<codes class="bip:countries:1.0">
  <code code="GFR">
    <editdetail attribution="Reuters BIP Coding Group" action="confirmed" date="1997-03-12"/>
  </code>
</codes>
<codes class="bip:topics:1.0">
  <code code="GCAT">
    <editdetail attribution="Reuters BIP Coding Group" action="confirmed" date="1997-03-12"/>
  </code>
  <code code="GSPO">
    <editdetail attribution="Reuters BIP Coding Group" action="confirmed" date="1997-03-12"/>
  </code>
</codes>
<dc element="dc.date.created" value="1997-03-12"/>
<dc element="dc.publisher" value="Reuters Holdings Plc"/>
<dc element="dc.date.published" value="1997-03-12"/>
<dc element="dc.source" value="Reuters"/>
<dc element="dc.creator.location" value="BONN"/>
<dc element="dc.creator.location.country.name" value="GERMANY"/>
<dc element="dc.source" value="Reuters"/>
</metadata>
</newsitem>
