<?xml version="1.0" encoding="iso-8859-1" ?>
<newsitem itemid="435427" id="root" date="1997-03-12" xml:lang="en">
<title>USA: Justice official says phone transition takes time.</title>
<headline>Justice official says phone transition takes time.</headline>
<dateline>WASHINGTON 1997-03-11</dateline>
<text>
<p>Acting Assistant Attorney Joel Klein brushed aside complaints that consumers have been slow to see benefits of the new telecommunications law, saying Tuesday he was optimistic people will see the benefits of it.</p>
<p>&quot;I've seen some recent stories in the press complaining that consumers haven't yet received the benefits of the 1996 (telecommunications) act, but frankly I think such expectations are unrealistic,&quot; he told a Glasser Legalworks Seminar on competitive policy in communications.  </p>
<p>Klein said that after a century of a regulated telephone system, &quot;it won't be deregulated in a year and even after it is deregulated, it'll take time for competition to wring all the fat out of the system.&quot;</p>
<p>But he said that eventually consumers will &quot;truly get the best service at the lowest prices.&quot;</p>
<p>Klein said the government faces the paradox of choosing the form of intervention most likely to foster a free market in the future.  </p>
<p>&quot;We obviously think competition is the preferred alternative but it's very important that you get competition right in the transition,&quot; he told reporters after his speech. &quot;Short-term gains that aren't lasting are really not a good solution.&quot;</p>
<p>Klein said that he believes the government must lay out one set of rules that allows long distance and other companies to provide local telephone service and another set of rules that permits long distance and other companies to provide local service.</p>
<p>He said the government should also cut back fees charged long distance companies to connect to local carriers.</p>
<p>He said the government must also find a new way to pay the costs of providing telephone service to low-income families.</p>
</text>
<copyright>(c) Reuters Limited 1997</copyright>
<metadata>
<codes class="bip:countries:1.0">
  <code code="USA">
    <editdetail attribution="Reuters BIP Coding Group" action="confirmed" date="1997-03-12"/>
  </code>
</codes>
<codes class="bip:industries:1.0">
  <code code="I79020">
    <editdetail attribution="Reuters BIP Coding Group" action="confirmed" date="1997-03-12"/>
  </code>
</codes>
<codes class="bip:topics:1.0">
  <code code="C13">
    <editdetail attribution="Reuters BIP Coding Group" action="confirmed" date="1997-03-12"/>
  </code>
  <code code="C34">
    <editdetail attribution="Reuters BIP Coding Group" action="confirmed" date="1997-03-12"/>
  </code>
  <code code="CCAT">
    <editdetail attribution="Reuters BIP Coding Group" action="confirmed" date="1997-03-12"/>
  </code>
</codes>
<dc element="dc.date.created" value="1997-03-11"/>
<dc element="dc.publisher" value="Reuters Holdings Plc"/>
<dc element="dc.date.published" value="1997-03-12"/>
<dc element="dc.source" value="Reuters"/>
<dc element="dc.creator.location" value="WASHINGTON"/>
<dc element="dc.creator.location.country.name" value="USA"/>
<dc element="dc.source" value="Reuters"/>
</metadata>
</newsitem>
