<?xml version="1.0" encoding="iso-8859-1" ?>
<newsitem itemid="435409" id="root" date="1997-03-12" xml:lang="en">
<title>USA: EMERGENCY WEATHER CONDITIONS -  WSC - 12-MAR.</title>
<headline>EMERGENCY WEATHER CONDITIONS -  WSC - 12-MAR.</headline>
<text>
<p>Tropical Cyclone Justin, with 50 mph winds, is in the Coral Sea near 16.5s/151.5e, and nearly stationary. Little change in strength or little movement is expected during the next 48 hours. Justin will threaten shipping through the period as seas in the region will continue quite rough.</p>
</text>
<copyright>(c) Reuters Limited 1997</copyright>
<metadata>
<codes class="bip:countries:1.0">
  <code code="USA">
    <editdetail attribution="Reuters BIP Coding Group" action="confirmed" date="1997-03-12"/>
  </code>
</codes>
<codes class="bip:topics:1.0">
  <code code="GCAT">
    <editdetail attribution="Reuters BIP Coding Group" action="confirmed" date="1997-03-12"/>
  </code>
  <code code="GWEA">
    <editdetail attribution="Reuters BIP Coding Group" action="confirmed" date="1997-03-12"/>
  </code>
</codes>
<dc element="dc.publisher" value="Reuters Holdings Plc"/>
<dc element="dc.date.published" value="1997-03-12"/>
<dc element="dc.source" value="Reuters"/>
<dc element="dc.creator.location.country.name" value="USA"/>
<dc element="dc.source" value="Reuters"/>
</metadata>
</newsitem>
