<?xml version="1.0" encoding="iso-8859-1" ?>
<newsitem itemid="435414" id="root" date="1997-03-12" xml:lang="en">
<title>USA: Bonal International expanding facilities.</title>
<headline>Bonal International expanding facilities.</headline>
<dateline>SOUTHFIELD, Mich. 1997-03-11</dateline>
<text>
<p>Bonal International Inc said Tuesday it will expand its facilities by 50 percent through the lease of additional office space, effective April 1.</p>
<p>The move will increase its facilities by 3,900 square feet to 11,600 square feet and will accommodate 28 people of whom 15 will be new employees added over the next year.</p>
<p>Bonal develops sub-harmonic vibrational stress relief technology and manufacutres META-LAX Stress Relieving equipment.</p>
<p>		((Reuters Chicago Newsdesk (312) 408-8787))</p>
</text>
<copyright>(c) Reuters Limited 1997</copyright>
<metadata>
<codes class="bip:countries:1.0">
  <code code="USA">
    <editdetail attribution="Reuters BIP Coding Group" action="confirmed" date="1997-03-12"/>
  </code>
</codes>
<codes class="bip:topics:1.0">
  <code code="C24">
    <editdetail attribution="Reuters BIP Coding Group" action="confirmed" date="1997-03-12"/>
  </code>
  <code code="CCAT">
    <editdetail attribution="Reuters BIP Coding Group" action="confirmed" date="1997-03-12"/>
  </code>
</codes>
<dc element="dc.date.created" value="1997-03-11"/>
<dc element="dc.publisher" value="Reuters Holdings Plc"/>
<dc element="dc.date.published" value="1997-03-12"/>
<dc element="dc.source" value="Reuters"/>
<dc element="dc.creator.location" value="SOUTHFIELD, Mich."/>
<dc element="dc.creator.location.country.name" value="USA"/>
<dc element="dc.source" value="Reuters"/>
</metadata>
</newsitem>
