<?xml version="1.0" encoding="iso-8859-1" ?>
<newsitem itemid="435444" id="root" date="1997-03-12" xml:lang="en">
<title>USA: ALPINE SKIING-MEN'S STANDINGS AFTER WORLD CUP FINALS RACE.</title>
<headline>ALPINE SKIING-MEN'S STANDINGS AFTER WORLD CUP FINALS RACE.</headline>
<dateline>VAIL, Colorado 1997-03-12</dateline>
<text>
<p>World Cup men's</p>
<p>standings after Wednesday's downhill race at the World Cup</p>
<p>Finals:</p>
<p>Final downhill standings</p>
<p>  1. Luc Alphand (France)		 779 points</p>
<p>  2. Kristian Ghedina (Italy)	   700</p>
<p>  3. Fritz Strobl (Austria)	     571</p>
<p>  4. Werner Franz (Austria)	     517</p>
<p>  5. Josef Strobl (Austria)	     470</p>
<p>  6. Atle Skaardal (Norway)	     452</p>
<p>  7. Pietro Vitalini (Italy)	    380</p>
<p>  8. Franco Cavegn (Switzerland)	321</p>
<p>  9. William Besse (Switzerland)	288</p>
<p> 10. Werner Perathoner (Italy)	  238</p>
<p> 11. Andreas Schifferer (Austria)     234</p>
<p> 12. Hannes Trinkl (Austria)	    214</p>
<p> 13. Bruno Kernen (Switzerland)	 209</p>
<p> 14. Patrick Ortlieb (Austria)	  207</p>
<p> 15. Ed Podivinsky (Canada)	     206</p>
<p> 16. Lasse Kjus (Norway)		  173</p>
<p> 17. Hans Knaus (Austria)		 170</p>
<p> 18. Luca Cattaneo (Italy)		155</p>
<p> 19. Adrien Duvillard (France)	  119</p>
<p> 20. Roland Assinger (Austria)	  118</p>
<p>Overall standings</p>
<p>  1. Alphand				   1,101</p>
<p>  2. Aamodt					979</p>
<p>  3. Ghedina				     930</p>
<p>  4. Josef Strobl				901</p>
<p>  5. Michael Von Gruenigen (Switzerland) 722</p>
<p>  6. Knaus					 701</p>
<p>  7. Thomas Sykora (Austria)		 668</p>
<p>  8. Skaardal				    644</p>
<p>  9. Fritz Strobl				641</p>
<p> 10. Franz					 636</p>
<p> 11. Schifferer				  621</p>
<p> 12. Thomas Stangassinger (Austria)	590</p>
<p> 13. Lasse Kjus (Norway)		     569</p>
<p> 14. Guenther Mader (Austria)		553</p>
<p> 15. Steve Locher (Switzerland)	    449</p>
<p> 16. Vitalini				    419</p>
<p> 17. Sebastien Amiez (France)		396</p>
<p> 18. Kernen					394</p>
<p> 19. Perathoner				  368</p>
<p> 20. Fredrik Nyborg (Sweden)		 360</p>
</text>
<copyright>(c) Reuters Limited 1997</copyright>
<metadata>
<codes class="bip:countries:1.0">
  <code code="FRA">
    <editdetail attribution="Reuters BIP Coding Group" action="confirmed" date="1997-03-12"/>
  </code>
  <code code="USA">
    <editdetail attribution="Reuters BIP Coding Group" action="confirmed" date="1997-03-12"/>
  </code>
</codes>
<codes class="bip:topics:1.0">
  <code code="GCAT">
    <editdetail attribution="Reuters BIP Coding Group" action="confirmed" date="1997-03-12"/>
  </code>
  <code code="GSPO">
    <editdetail attribution="Reuters BIP Coding Group" action="confirmed" date="1997-03-12"/>
  </code>
</codes>
<dc element="dc.date.created" value="1997-03-12"/>
<dc element="dc.publisher" value="Reuters Holdings Plc"/>
<dc element="dc.date.published" value="1997-03-12"/>
<dc element="dc.source" value="Reuters"/>
<dc element="dc.creator.location" value="VAIL, Colorado"/>
<dc element="dc.creator.location.country.name" value="USA"/>
<dc element="dc.source" value="Reuters"/>
</metadata>
</newsitem>
