<?xml version="1.0" encoding="iso-8859-1" ?>
<newsitem itemid="435447" id="root" date="1997-03-12" xml:lang="en">
<title>USA: ALPINE SKIING-MEN'S DOWNHILL RESULTS AT WORLD CUP FINALS.</title>
<headline>ALPINE SKIING-MEN'S DOWNHILL RESULTS AT WORLD CUP FINALS.</headline>
<dateline>VAIL, Colorado 1997-03-12</dateline>
<text>
<p>Results of Wednesday's</p>
<p>men's downhill race at the World Cup Finals, according to</p>
<p>provisional timings:</p>
<p>  1. Fritz Strobl (Austria) one minute 38.29 seconds</p>
<p>  2. Kristian Ghedina (Italy)	  1:38.66</p>
<p>  3. Hannes Trinkle (Austria)	  1:38.68</p>
<p>  4. Werner Franz (Austria)	    1:38.73</p>
<p>  5. Josef Strobl (Austria)	    1:38.87</p>
<p>  6. Andreas Schifferer (Austria)    1:38.88</p>
<p>  7. Luca Cattaneo (Italy)	     1:39.16</p>
<p>  8. Bruno Kernen (Switzerland)	1:39.24</p>
<p>  9. Luc Alphand (France)		1:39.29</p>
<p> 10. Patrick Ortlieb (Austria)	 1:39.43</p>
<p> 11. Kjetil Andre Aamodt (Norway)    1:39.44</p>
<p> 12. Franco Cavegn (Switzerland)     1:39.45</p>
<p> 13. Pietro Vitalini (Italy)	   1:39.46</p>
<p> 14. Hans Knaus (Austria)		1:39.59</p>
<p> 15.=Atle Saardal (Norway)	     1:39.66</p>
<p> 15.=Werner Perathoner (Italy)	 1:39.66</p>
<p> 17. Ed Podivinsky (Canada)	    1:39.85</p>
<p> 18.=Roland Assinger (Austria)	 1:40.09</p>
<p> 18.=Luke Sauder (Canada)		1:40.09</p>
<p> 20. Peter Runggaldier (Italy)	 1:40.21</p>
<p> 21. Markus Herrmann (Switzerland)   1:40.27</p>
<p> 22. Stefan Krauss (Germany)	   1:40.28</p>
<p> 23. William Besse (Switzerland)     1:40.43</p>
<p> 24. Matteo Berbenni (Italy)	   1:41.92</p>
</text>
<copyright>(c) Reuters Limited 1997</copyright>
<metadata>
<codes class="bip:countries:1.0">
  <code code="AUST">
    <editdetail attribution="Reuters BIP Coding Group" action="confirmed" date="1997-03-12"/>
  </code>
  <code code="USA">
    <editdetail attribution="Reuters BIP Coding Group" action="confirmed" date="1997-03-12"/>
  </code>
</codes>
<codes class="bip:topics:1.0">
  <code code="GCAT">
    <editdetail attribution="Reuters BIP Coding Group" action="confirmed" date="1997-03-12"/>
  </code>
  <code code="GSPO">
    <editdetail attribution="Reuters BIP Coding Group" action="confirmed" date="1997-03-12"/>
  </code>
</codes>
<dc element="dc.date.created" value="1997-03-12"/>
<dc element="dc.publisher" value="Reuters Holdings Plc"/>
<dc element="dc.date.published" value="1997-03-12"/>
<dc element="dc.source" value="Reuters"/>
<dc element="dc.creator.location" value="VAIL, Colorado"/>
<dc element="dc.creator.location.country.name" value="USA"/>
<dc element="dc.source" value="Reuters"/>
</metadata>
</newsitem>
