<?xml version="1.0" encoding="iso-8859-1" ?>
<newsitem itemid="435415" id="root" date="1997-03-12" xml:lang="en">
<title>USA: V Band Corp Q1 full results.</title>
<headline>V Band Corp Q1 full results.</headline>
<dateline>ELMSFORD, N.Y.</dateline>
<text>
<p>Financial Summary</p>
<p>			 (in thousands, except per share data)</p>
<p> Quarter ended Jan. 31,		  1997		    1996</p>
<p>Sales</p>
<p> Equipment				 $ 6,106		$ 7,312</p>
<p> Service				     1,396		  1,238</p>
<p>     Total Sales			   7,502		  8,550</p>
<p> Net income (loss)		    (174)(a)		     68</p>
<p> Average shares outstanding	    5,328		  5,323</p>
<p> Net income (loss) per share	   (.03)		    .01</p>
<p>NOTE: (a)  Excluding Licom's operating loss, the company's net income was $21,000 for the first quarter of 1997 as compared to $77,000 for the first quarter of 1996.</p>
<p>-- New York Newsdesk 212 859-1610</p>
</text>
<copyright>(c) Reuters Limited 1997</copyright>
<metadata>
<codes class="bip:countries:1.0">
  <code code="USA">
    <editdetail attribution="Reuters BIP Coding Group" action="confirmed" date="1997-03-12"/>
  </code>
</codes>
<codes class="bip:industries:1.0">
  <code code="I34400">
    <editdetail attribution="Reuters BIP Coding Group" action="confirmed" date="1997-03-12"/>
  </code>
</codes>
<codes class="bip:topics:1.0">
  <code code="C15">
    <editdetail attribution="Reuters BIP Coding Group" action="confirmed" date="1997-03-12"/>
  </code>
  <code code="C151">
    <editdetail attribution="Reuters BIP Coding Group" action="confirmed" date="1997-03-12"/>
  </code>
  <code code="CCAT">
    <editdetail attribution="Reuters BIP Coding Group" action="confirmed" date="1997-03-12"/>
  </code>
</codes>
<dc element="dc.publisher" value="Reuters Holdings Plc"/>
<dc element="dc.date.published" value="1997-03-12"/>
<dc element="dc.source" value="Reuters"/>
<dc element="dc.creator.location" value="ELMSFORD, N.Y."/>
<dc element="dc.creator.location.country.name" value="USA"/>
<dc element="dc.source" value="Reuters"/>
</metadata>
</newsitem>
