<?xml version="1.0" encoding="iso-8859-1" ?>
<newsitem itemid="435491" id="root" date="1997-03-12" xml:lang="en">
<title>UK: SOCCER-MOORE'S ARRIVAL COULD HASTEN ROY'S DEPARTURE FROM FOREST.</title>
<headline>SOCCER-MOORE'S ARRIVAL COULD HASTEN ROY'S DEPARTURE FROM FOREST.</headline>
<dateline>LONDON 1997-03-12</dateline>
<text>
<p>Dutchman Bryan Roy looks set to be shown the door at Nottingham Forest this summer following a public clash with Dave Bassett and Wednesday's arrival of one-million-pound striker Ian Moore from Tranmere.</p>
<p>Forest's new general manager Bassett was considering whether to fine the Dutch international for his show of dissent during the 1-1 draw at Blackburn Rovers on Tuesday, at the same time as tying up the loose ends on 20-year-old Moore's transfer from Tranmere.</p>
<p>Bassett was furious at the way Roy disputed the decision to substitute him at Ewood Park and the gesture of disgust the player made towards first team coach Liam O'Kane.</p>
<p>Bassett said: &quot;I'm not prepared to tolerate that kind of behaviour from anyone and he's looking at a possible fine. What he did is being derogatory to his team mates and to the coaching staff and to me.</p>
<p>&quot;He seems to think he's bigger than the team. This is a team game and players, especially one of his calibre, should be professional enough to deal with it. If he's substituted then that is it and he should accept it, not make public gestures like that and question people's authority.</p>
<p>&quot;Bryan feels he is being made a scapegoat for the situation we're in. I don't know what has given him that impression.&quot;</p>
<p>It is the second time in less than a week that Roy has been involved in public dissent with club officials. Last Wednesday he clashed with player-manager Stuart Pearce in the 3-0 defeat by Sheffield Wednesday.</p>
<p>With the signing of Pierre Van Hooydonk and the arrival of England under-21 striker Moore, Roy's days at the City Ground seem to be numbered.</p>
<p>His contract runs out next season and Forest could be ready to allow him to return to the Netherlands for a cut-price fee.</p>
</text>
<copyright>(c) Reuters Limited 1997</copyright>
<metadata>
<codes class="bip:countries:1.0">
  <code code="UK">
    <editdetail attribution="Reuters BIP Coding Group" action="confirmed" date="1997-03-12"/>
  </code>
</codes>
<codes class="bip:topics:1.0">
  <code code="GCAT">
    <editdetail attribution="Reuters BIP Coding Group" action="confirmed" date="1997-03-12"/>
  </code>
  <code code="GSPO">
    <editdetail attribution="Reuters BIP Coding Group" action="confirmed" date="1997-03-12"/>
  </code>
</codes>
<dc element="dc.date.created" value="1997-03-12"/>
<dc element="dc.publisher" value="Reuters Holdings Plc"/>
<dc element="dc.date.published" value="1997-03-12"/>
<dc element="dc.source" value="Reuters"/>
<dc element="dc.creator.location" value="LONDON"/>
<dc element="dc.creator.location.country.name" value="UK"/>
<dc element="dc.source" value="Reuters"/>
</metadata>
</newsitem>
