<?xml version="1.0" encoding="iso-8859-1" ?>
<newsitem itemid="435437" id="root" date="1997-03-12" xml:lang="en">
<title>USA: TENNIS-CHAMPIONS CUP MEN'S RESULTS FROM INDIAN WELLS.</title>
<headline>TENNIS-CHAMPIONS CUP MEN'S RESULTS FROM INDIAN WELLS.</headline>
<dateline>INDIAN WELLS, California 1997-03-12</dateline>
<text>
<p>Results at the $2.3 million Champions Cup men's tennis tournament on Wednesday (prefix number denotes seeding):</p>
<p>Second round</p>
<p>Bohdan Ulihrach (Czech Republic) beat 1-Pete Sampras (U.S.) 7-6 (7-5) 7-5</p>
<p>Jonathan Stark (U.S.) beat 4-Goran Ivanisevic (Croatia) 7-5 6-3</p>
<p>Chris Woodruff (U.S.) beat 6-Thomas Enqvist (Sweden) 6-4 6-4</p>
<p>13-Marc Rosset (Switzerland) beat Hendrik Dreekman (Germany) 3-6 6-3 7-6 (7-4)</p>
<p>14-Alberto Berasategui (Spain) beat Nicklas Kulti (Sweden) 6-3 6-7 (6-8) 6-3</p>
<p>Cedric Pioline (France) beat Sandon Stolle (Australia) 6-4 6-4</p>
<p>Byron Black (Zimbabwe) beat Alex O'Brien (U.S.) 3-6 6-1 7-6 (7-3)</p>
<p>Francisco Clavet (Spain) beat Javier Sanchez (Spain) 6-4 4-6 7-6 (8-6)</p>
</text>
<copyright>(c) Reuters Limited 1997</copyright>
<metadata>
<codes class="bip:countries:1.0">
  <code code="USA">
    <editdetail attribution="Reuters BIP Coding Group" action="confirmed" date="1997-03-12"/>
  </code>
</codes>
<codes class="bip:topics:1.0">
  <code code="GCAT">
    <editdetail attribution="Reuters BIP Coding Group" action="confirmed" date="1997-03-12"/>
  </code>
  <code code="GSPO">
    <editdetail attribution="Reuters BIP Coding Group" action="confirmed" date="1997-03-12"/>
  </code>
</codes>
<dc element="dc.date.created" value="1997-03-12"/>
<dc element="dc.publisher" value="Reuters Holdings Plc"/>
<dc element="dc.date.published" value="1997-03-12"/>
<dc element="dc.source" value="Reuters"/>
<dc element="dc.creator.location" value="INDIAN WELLS, California"/>
<dc element="dc.creator.location.country.name" value="USA"/>
<dc element="dc.source" value="Reuters"/>
</metadata>
</newsitem>
