<?xml version="1.0" encoding="iso-8859-1" ?>
<newsitem itemid="435435" id="root" date="1997-03-12" xml:lang="en">
<title>USA: LogiMetrics enters financing agreement.</title>
<headline>LogiMetrics enters financing agreement.</headline>
<dateline>PLAINVIEW, N.Y. 1997-03-11</dateline>
<text>
<p>LogiMetrics Inc on Tuesday said it entered a preliminary agreement with MBF Capital Corp for $1.5 million in financing.</p>
<p>MBF Capital is controlled by Mark B. Fisher, a former director of the company, it said.</p>
<p>The agreement calls for MBF to form a limited partnership to purchase $1.25 million of convertible senior subordinated debentures and warrants entitling it to purchase 3.75 million shares of the LogiMetrics' common stock for a total purchase price of $1.5 million.</p>
<p>LogiMetrics said the debentures, maturing in December 31, 1998, would pay 12 percent interest at a rate of 12 percent a year, subject to adjustment in certain circumstances. The debentures will be convertible into an aggregate of 3.0 million shares, subject to certain anti-dilution adjustments.</p>
<p>Fisher will have the right to appoint one member of the LogiMetrics board so long as the debentures are outstanding or the partnership owns at least 7.5 percent of the company's outstanding common stock.</p>
</text>
<copyright>(c) Reuters Limited 1997</copyright>
<metadata>
<codes class="bip:countries:1.0">
  <code code="USA">
    <editdetail attribution="Reuters BIP Coding Group" action="confirmed" date="1997-03-12"/>
  </code>
</codes>
<codes class="bip:topics:1.0">
  <code code="C17">
    <editdetail attribution="Reuters BIP Coding Group" action="confirmed" date="1997-03-12"/>
  </code>
  <code code="CCAT">
    <editdetail attribution="Reuters BIP Coding Group" action="confirmed" date="1997-03-12"/>
  </code>
</codes>
<dc element="dc.date.created" value="1997-03-11"/>
<dc element="dc.publisher" value="Reuters Holdings Plc"/>
<dc element="dc.date.published" value="1997-03-12"/>
<dc element="dc.source" value="Reuters"/>
<dc element="dc.creator.location" value="PLAINVIEW, N.Y."/>
<dc element="dc.creator.location.country.name" value="USA"/>
<dc element="dc.source" value="Reuters"/>
</metadata>
</newsitem>
