<?xml version="1.0" encoding="iso-8859-1" ?>
<newsitem itemid="435462" id="root" date="1997-03-12" xml:lang="en">
<title>CZECH REPUBLIC: SOCCER-CZECH REPUBLIC BEAT POLAND 2-1 IN FRIENDLY INTERNATIONAL.</title>
<headline>SOCCER-CZECH REPUBLIC BEAT POLAND 2-1 IN FRIENDLY INTERNATIONAL.</headline>
<dateline>OSTRAVA, Czech Republic 1997-03-12</dateline>
<text>
<p>The Czech</p>
<p>Republic beat Poland 2-1 (halftime 1-0) in a friendly soccer</p>
<p>international on Wednesday.</p>
<p>Scorers:</p>
<p>Czech Republic - Pavel Kuka 21, Karel Rada 63</p>
<p>Poland - Jacek Zielinski 90</p>
<p>Attendance: 15,817</p>
</text>
<copyright>(c) Reuters Limited 1997</copyright>
<metadata>
<codes class="bip:countries:1.0">
  <code code="CZREP">
    <editdetail attribution="Reuters BIP Coding Group" action="confirmed" date="1997-03-12"/>
  </code>
  <code code="POL">
    <editdetail attribution="Reuters BIP Coding Group" action="confirmed" date="1997-03-12"/>
  </code>
</codes>
<codes class="bip:topics:1.0">
  <code code="GCAT">
    <editdetail attribution="Reuters BIP Coding Group" action="confirmed" date="1997-03-12"/>
  </code>
  <code code="GSPO">
    <editdetail attribution="Reuters BIP Coding Group" action="confirmed" date="1997-03-12"/>
  </code>
</codes>
<dc element="dc.date.created" value="1997-03-12"/>
<dc element="dc.publisher" value="Reuters Holdings Plc"/>
<dc element="dc.date.published" value="1997-03-12"/>
<dc element="dc.source" value="Reuters"/>
<dc element="dc.creator.location" value="OSTRAVA, Czech Republic"/>
<dc element="dc.creator.location.country.name" value="CZECH REPUBLIC"/>
<dc element="dc.source" value="Reuters"/>
</metadata>
</newsitem>
