<?xml version="1.0" encoding="iso-8859-1" ?>
<newsitem itemid="435496" id="root" date="1997-03-12" xml:lang="en">
<title>UK: HORSE RACING-CHELTENHAM GOLD CUP PENPIX.</title>
<headline>HORSE RACING-CHELTENHAM GOLD CUP PENPIX.</headline>
<dateline>LONDON 1997-03-12</dateline>
<text>
<p>Following are penpix of leading contenders in Thursday's Cheltenham Gold Cup:</p>
<p>- - - -</p>
<p>IMPERIAL CALL - Last year's winner, heads powerful Irish challenge.</p>
<p>Trainer: Fergie Sutherland</p>
<p>Jockey: Conor O'DwyerOdds: 9-2 favourite</p>
<p>Strengths: Proven over course and distance and a tough perfomer at the highest level.</p>
<p>Weaknesses: Has been below his best this season and yet to win in three races (fallen once, slipped up on the flat in another race). Beaten by Danoli last time out, but finished with cut leg.</p>
<p>- - - -</p>
<p>COOME HILL - Impressive chaser who goes from strength to strength.</p>
<p>Trainer: Walter Dennis</p>
<p>Jockey: Jamie Osborne</p>
<p>Odds: 11-2</p>
<p>Strengths: Has done very little wrong this season apart from an uncharacteristic fall at Sandown. Very impressive on his most recent outing.</p>
<p>Weakness: Yet to prove himself at this class, meeting top performers at level weights.</p>
<p>- - - -</p>
<p>DORANS PRIDE - Second of the Irish challengers and sure to carry plenty of support. Winner of 1995 Stayers Hurdle at Cheltenham Festival. Twice nearly died of colic.</p>
<p>Trainer: Michael Hourigan</p>
<p>Jockey: Shane Broderick</p>
<p>Odds: 6-1</p>
<p>Strengths: Has been brought along quietly in novice chase company winning five in succession, although fell last time out.</p>
<p>Weaknesses: Lacks experience at highest chase level and not suited by fast or firm going. Horse may not run if ground becomes too quick.</p>
<p>- - - -</p>
<p>DANOLI - Third of the Irish and sure to bring the house down if he wins. A great favourite among the Irish and carries a local priest's blessing. Enjoyed brilliant hurdling success in 1994 and 1995, recovering from broken fetlock.</p>
<p>Trainer: Tom FoleyJockey: Tommy Treacy</p>
<p>Odds: 13-2</p>
<p>Strengths: A class performer as a hurdler, looked every bit a Gold Cup winner last time when beating previous Cheltenham heroes Jodami and Imperial Call.</p>
<p>Weaknesses: Jumping is not 100 percent reliable. Has fallen twice this season. Still a novice.</p>
<p>- - - -</p>
<p>DUBLIN FLYER - Exciting front-runner with plenty of class. Trainer: Tim ForsterJockey: Brendan Powell</p>
<p>Odds: 10-1</p>
<p>Strengths: Brave, spectacular jumper who invariably sets the pace.</p>
<p>Weaknesses: May be too old at 11 and not guaranteed to last the three mile two furlong (5.2 km) trip. Disappointed in last year's Gold Cup.</p>
<p>- - - -</p>
<p>ONE MAN - Handsome grey horse; heads the four-strong team of trainer Gordon Richards. Flopped when hot favourite last year.Trainer: Gordon Richards</p>
<p>Jockey: Richard Dunwoody</p>
<p>Odds: 10-1</p>
<p>Strengths. Arguably the best chaser in Britain after winning the King George VI chase at Kempton in December for the second time in succession.</p>
<p>Weaknesses: Big disappointment in last year's Gold Cup, prompting suggestion he neither likes the track nor the distance.</p>
</text>
<copyright>(c) Reuters Limited 1997</copyright>
<metadata>
<codes class="bip:countries:1.0">
  <code code="UK">
    <editdetail attribution="Reuters BIP Coding Group" action="confirmed" date="1997-03-12"/>
  </code>
</codes>
<codes class="bip:topics:1.0">
  <code code="GCAT">
    <editdetail attribution="Reuters BIP Coding Group" action="confirmed" date="1997-03-12"/>
  </code>
  <code code="GSPO">
    <editdetail attribution="Reuters BIP Coding Group" action="confirmed" date="1997-03-12"/>
  </code>
</codes>
<dc element="dc.date.created" value="1997-03-12"/>
<dc element="dc.publisher" value="Reuters Holdings Plc"/>
<dc element="dc.date.published" value="1997-03-12"/>
<dc element="dc.source" value="Reuters"/>
<dc element="dc.creator.location" value="LONDON"/>
<dc element="dc.creator.location.country.name" value="UK"/>
<dc element="dc.source" value="Reuters"/>
</metadata>
</newsitem>
