<?xml version="1.0" encoding="iso-8859-1" ?>
<newsitem itemid="435460" id="root" date="1997-03-12" xml:lang="en">
<title>ITALY: CYCLING-TIRRENO-ADRIATICO TIME TRIAL RESULTS.</title>
<headline>CYCLING-TIRRENO-ADRIATICO TIME TRIAL RESULTS.</headline>
<dateline>SORRENTO, Italy 1997-03-12</dateline>
<text>
<p>Leading placings in the</p>
<p>opening four km individual time trial of the Tirreno-Adriatico</p>
<p>cycle race on Wednesday (Italian unless stated):</p>
<p> 1. Rolf Sorensen (Denmark) 4 minutes 38.93 seconds</p>
<p> 2. Erik Dekker (Netherlands)	 1 second behind</p>
<p> 3. Maurizio Fondriest		  2</p>
<p> 4. Gabriele Colombo		    3</p>
<p> 5. Leon Van Bon (Netherlands)	</p>
<p> 6. Gianluca Pianegonda		 both same time</p>
<p> 7. Frank Corvers (Belgium)	   4</p>
<p> 8. Roberto Petito			</p>
<p> 9. Paolo Savoldelli		    both same time</p>
<p> 10.Michele Bartoli		     5</p>
</text>
<copyright>(c) Reuters Limited 1997</copyright>
<metadata>
<codes class="bip:countries:1.0">
  <code code="ITALY">
    <editdetail attribution="Reuters BIP Coding Group" action="confirmed" date="1997-03-12"/>
  </code>
</codes>
<codes class="bip:topics:1.0">
  <code code="GCAT">
    <editdetail attribution="Reuters BIP Coding Group" action="confirmed" date="1997-03-12"/>
  </code>
  <code code="GSPO">
    <editdetail attribution="Reuters BIP Coding Group" action="confirmed" date="1997-03-12"/>
  </code>
</codes>
<dc element="dc.date.created" value="1997-03-12"/>
<dc element="dc.publisher" value="Reuters Holdings Plc"/>
<dc element="dc.date.published" value="1997-03-12"/>
<dc element="dc.source" value="Reuters"/>
<dc element="dc.creator.location" value="SORRENTO, Italy"/>
<dc element="dc.creator.location.country.name" value="ITALY"/>
<dc element="dc.source" value="Reuters"/>
</metadata>
</newsitem>
