<?xml version="1.0" encoding="iso-8859-1" ?>
<newsitem itemid="435416" id="root" date="1997-03-12" xml:lang="en">
<title>USA: Microlog Corp Q1 shr $0.15 vs $0.11.</title>
<headline>Microlog Corp Q1 shr $0.15 vs $0.11.</headline>
<dateline>GERMANTOWN, Md. 1997-03-11</dateline>
<text>
<p>Operating Results</p>
<p>		   For the First Quarter Ended January 31,</p>
<p>						   1997		 1996</p>
<p> Revenues				$7,093,502	  $5,915,273</p>
<p> Income from operations		 606,717	     496,689</p>
<p> Net Income				 668,821	     465,150</p>
<p> Earnings Per Share			  0.15		  0.11</p>
<p>Weighted Average Number of</p>
<p> Shares Outstanding:		  4,544,678	   4,397,058</p>
<p>((-- New York Newsdesk 212 859-1700))</p>
</text>
<copyright>(c) Reuters Limited 1997</copyright>
<metadata>
<codes class="bip:countries:1.0">
  <code code="USA">
    <editdetail attribution="Reuters BIP Coding Group" action="confirmed" date="1997-03-12"/>
  </code>
</codes>
<codes class="bip:industries:1.0">
  <code code="I34400">
    <editdetail attribution="Reuters BIP Coding Group" action="confirmed" date="1997-03-12"/>
  </code>
</codes>
<codes class="bip:topics:1.0">
  <code code="C15">
    <editdetail attribution="Reuters BIP Coding Group" action="confirmed" date="1997-03-12"/>
  </code>
  <code code="C151">
    <editdetail attribution="Reuters BIP Coding Group" action="confirmed" date="1997-03-12"/>
  </code>
  <code code="CCAT">
    <editdetail attribution="Reuters BIP Coding Group" action="confirmed" date="1997-03-12"/>
  </code>
</codes>
<dc element="dc.date.created" value="1997-03-11"/>
<dc element="dc.publisher" value="Reuters Holdings Plc"/>
<dc element="dc.date.published" value="1997-03-12"/>
<dc element="dc.source" value="Reuters"/>
<dc element="dc.creator.location" value="GERMANTOWN, Md."/>
<dc element="dc.creator.location.country.name" value="USA"/>
<dc element="dc.source" value="Reuters"/>
</metadata>
</newsitem>
