<?xml version="1.0" encoding="iso-8859-1" ?>
<newsitem itemid="435488" id="root" date="1997-03-12" xml:lang="en">
<title>UK: SOCCER-SCOTTISH PREMIER DIVISION SUMMARY.</title>
<headline>SOCCER-SCOTTISH PREMIER DIVISION SUMMARY.</headline>
<dateline>GLASGOW 1997-03-12</dateline>
<text>
<p>Summary of Wednesday's Scottish</p>
<p>premier division soccer match:</p>
<p> Rangers	  0 Dundee United  2</p>
<p>- Winters 29, Olafsson 47</p>
<p>HT: 0-1.  Att: 49,192.</p>
</text>
<copyright>(c) Reuters Limited 1997</copyright>
<metadata>
<codes class="bip:countries:1.0">
  <code code="UK">
    <editdetail attribution="Reuters BIP Coding Group" action="confirmed" date="1997-03-12"/>
  </code>
</codes>
<codes class="bip:topics:1.0">
  <code code="GCAT">
    <editdetail attribution="Reuters BIP Coding Group" action="confirmed" date="1997-03-12"/>
  </code>
  <code code="GSPO">
    <editdetail attribution="Reuters BIP Coding Group" action="confirmed" date="1997-03-12"/>
  </code>
</codes>
<dc element="dc.date.created" value="1997-03-12"/>
<dc element="dc.publisher" value="Reuters Holdings Plc"/>
<dc element="dc.date.published" value="1997-03-12"/>
<dc element="dc.source" value="Reuters"/>
<dc element="dc.creator.location" value="GLASGOW"/>
<dc element="dc.creator.location.country.name" value="UK"/>
<dc element="dc.source" value="Reuters"/>
</metadata>
</newsitem>
