<?xml version="1.0" encoding="iso-8859-1" ?>
<newsitem itemid="435420" id="root" date="1997-03-12" xml:lang="en">
<title>USA: Enova says to buy back up to 3 mln shrs.</title>
<headline>Enova says to buy back up to 3 mln shrs.</headline>
<dateline>SAN DIEGO 1997-03-11</dateline>
<text>
<p>Enova Corp said on Tuesday that its board of directors has authorized the company to purchase up to 3 million shares of its outstanding common stock.</p>
<p>Under the board authorization, purchases may be made periodically either in the open market or through private transactions, the company said.</p>
<p>As of December 31, 1996, there were approximately 116.6 million shares of Enova common stock outstanding, the company said.</p>
<p>Enova anticipates that this repurchase will not affect its ability to engage in transactions in the future that are to be accounted for as a pooling of interests, including the pending merger with Pacific Enterprises, the company said.</p>
</text>
<copyright>(c) Reuters Limited 1997</copyright>
<metadata>
<codes class="bip:countries:1.0">
  <code code="USA">
    <editdetail attribution="Reuters BIP Coding Group" action="confirmed" date="1997-03-12"/>
  </code>
</codes>
<codes class="bip:topics:1.0">
  <code code="C17">
    <editdetail attribution="Reuters BIP Coding Group" action="confirmed" date="1997-03-12"/>
  </code>
  <code code="C171">
    <editdetail attribution="Reuters BIP Coding Group" action="confirmed" date="1997-03-12"/>
  </code>
  <code code="C18">
    <editdetail attribution="Reuters BIP Coding Group" action="confirmed" date="1997-03-12"/>
  </code>
  <code code="C181">
    <editdetail attribution="Reuters BIP Coding Group" action="confirmed" date="1997-03-12"/>
  </code>
  <code code="CCAT">
    <editdetail attribution="Reuters BIP Coding Group" action="confirmed" date="1997-03-12"/>
  </code>
</codes>
<dc element="dc.date.created" value="1997-03-11"/>
<dc element="dc.publisher" value="Reuters Holdings Plc"/>
<dc element="dc.date.published" value="1997-03-12"/>
<dc element="dc.source" value="Reuters"/>
<dc element="dc.creator.location" value="SAN DIEGO"/>
<dc element="dc.creator.location.country.name" value="USA"/>
<dc element="dc.source" value="Reuters"/>
</metadata>
</newsitem>
