<?xml version="1.0" encoding="iso-8859-1" ?>
<newsitem itemid="435468" id="root" date="1997-03-12" xml:lang="en">
<title>UK: HORSE RACING-MARTHA'S SON CROWNED CHAMPION TWO-MILER.</title>
<headline>HORSE RACING-MARTHA'S SON CROWNED CHAMPION TWO-MILER.</headline>
<byline>Paul Majendie</byline>
<dateline>CHELTENHAM, England 1997-03-12</dateline>
<text>
<p>Martha's Son jumped superbly and powered up the Cheltenham Hill in spectacular fashion on Wednesday to be crowned champion two-mile chaser.</p>
<p>The 9-1 shot, ridden by Rodney Farrant and back at his sparkling best after being laid off for 18 months with injury, landed the Queen Mother Champion Chase at the shrine of steeplechasing with a two-and-a-half length victory over the 6-1 chance Ask Tom. Viking Flagship, who was bidding for a third victory in the race, finished third, half a length back.</p>
<p>Veteran trainer Tim Forster, who saw his charge Maamur killed at Cheltenham on Tuesday, said of Martha's Son: &quot;He is the sweetest, kindest, nicest horse I have ever had to deal with.</p>
<p>&quot;A child of five could ride him. You could take him down to Ludlow (Forster's training base), tie him up and go shopping.&quot;</p>
<p>Martha's Son won his first nine races over fences but then was sidelined by injury. He returned to racing at Kempton only to fall at the second fence. On Wednesday he was foot perfect.</p>
<p>&quot;No horse had had a more imperfect preparation,&quot; Forster said, praising jockey Farrant for what he called a brilliant ride.</p>
<p>Ask Tom led the field at a steady pace just ahead of the hot favourite Strong Promise who put paid to his chances when clouting the third last.</p>
<p>Martha's Son was well placed throughout and produced a faultless round of jumping to run out a gutsy winner.</p>
<p>Viking Flagship could never get an effective challenge and last year's winner Klairon Davis finished a disappointing fourth.</p>
<p>Arctic Kinsman was withdrawn at the start after breaking a blood vessel</p>
<p>Irish supporters had their first chance to celebrate when the 6-5 favourite Istabraq came from last to first to land the Sun Alliance Hurdle.</p>
<p>Istabraq, the 11th festival success for Irish champion jockey Charlie Swann, showed real courage after being bumped badly at the second last.</p>
<p>&quot;I would say it was courage alone that got her through. No other horse would have finished in the first 10,&quot; said trainer Aidan O'Brien.</p>
<p>The winning owner, J.P McManus, paid a rich tribute afterwards to John Durkan, who recommended Istabraq to him and is now being treated for leukaemia in a New York hospital.</p>
<p>Durkan was given the good news by mobile telephone from the unsaddling enclosure.</p>
</text>
<copyright>(c) Reuters Limited 1997</copyright>
<metadata>
<codes class="bip:countries:1.0">
  <code code="UK">
    <editdetail attribution="Reuters BIP Coding Group" action="confirmed" date="1997-03-12"/>
  </code>
</codes>
<codes class="bip:topics:1.0">
  <code code="GCAT">
    <editdetail attribution="Reuters BIP Coding Group" action="confirmed" date="1997-03-12"/>
  </code>
  <code code="GSPO">
    <editdetail attribution="Reuters BIP Coding Group" action="confirmed" date="1997-03-12"/>
  </code>
</codes>
<dc element="dc.date.created" value="1997-03-12"/>
<dc element="dc.publisher" value="Reuters Holdings Plc"/>
<dc element="dc.date.published" value="1997-03-12"/>
<dc element="dc.source" value="Reuters"/>
<dc element="dc.creator.location" value="CHELTENHAM, England"/>
<dc element="dc.creator.location.country.name" value="UK"/>
<dc element="dc.source" value="Reuters"/>
</metadata>
</newsitem>
