<?xml version="1.0" encoding="iso-8859-1" ?>
<newsitem itemid="435489" id="root" date="1997-03-12" xml:lang="en">
<title>UK: SOCCER-SCOTTISH PREMIER DIVISION STANDINGS.</title>
<headline>SOCCER-SCOTTISH PREMIER DIVISION STANDINGS.</headline>
<dateline>GLASGOW 1997-03-12</dateline>
<text>
<p>Scottish premier division</p>
<p>soccer standings after Wednesday's match:</p>
<p>			    Pl   W   D   L   F  A   Pts</p>
<p>  1. Rangers	    29  21   5   3  71  26   68</p>
<p>  2. Celtic	     29  20   3   6  66  27   63</p>
<p>  3. Dundee United    29  15   7   7  41  24   52</p>
<p>  4. Hearts	     29  11   8  10  40  39   41</p>
<p>  5. Aberdeen	   29   9  10  10  40  46   37</p>
<p>  6. Dunfermline	29  10   5  14  42  54   35</p>
<p>  7. Motherwell	 29   7   8  14  34  50   29</p>
<p>  8. Hibernian	  29   7   8  14  29  47   29</p>
<p>  9. Kilmarnock	 29   8   3  18  34  55   27</p>
<p> 10. Raith		29   6   5  18  26  55   23</p>
</text>
<copyright>(c) Reuters Limited 1997</copyright>
<metadata>
<codes class="bip:countries:1.0">
  <code code="UK">
    <editdetail attribution="Reuters BIP Coding Group" action="confirmed" date="1997-03-12"/>
  </code>
</codes>
<codes class="bip:topics:1.0">
  <code code="GCAT">
    <editdetail attribution="Reuters BIP Coding Group" action="confirmed" date="1997-03-12"/>
  </code>
  <code code="GSPO">
    <editdetail attribution="Reuters BIP Coding Group" action="confirmed" date="1997-03-12"/>
  </code>
</codes>
<dc element="dc.date.created" value="1997-03-12"/>
<dc element="dc.publisher" value="Reuters Holdings Plc"/>
<dc element="dc.date.published" value="1997-03-12"/>
<dc element="dc.source" value="Reuters"/>
<dc element="dc.creator.location" value="GLASGOW"/>
<dc element="dc.creator.location.country.name" value="UK"/>
<dc element="dc.source" value="Reuters"/>
</metadata>
</newsitem>
