<?xml version="1.0" encoding="iso-8859-1" ?>
<newsitem itemid="435432" id="root" date="1997-03-12" xml:lang="en">
<title>USA: Grand Court reduces size of share offering.</title>
<headline>Grand Court reduces size of share offering.</headline>
<dateline>BOCA RATON, Fla. 1997-03-11</dateline>
<text>
<p>Grand Court Lifestyles Inc said on Tuesday it had reduced the size of its proposed initial public offering of common and convertible preferred stock.</p>
<p>The company is reducing its offering of senior convertible redeemable preferred stock to 1.5 million from 5 million and its common stock to 1.5 million shares from 2.6 million shares, Grand Court said.  </p>
<p>Grand Court said 300,000 shares of common stock are being offered by the selling security holders and the remainder of the shares are offered by the company.</p>
<p>It is anticipated that the initial offering price of both the convertible preferred stock and the common stock will remain at $10.00 per share, the company said.</p>
<p>Proceeds from the offering will fall to $22.5 million instead of the $62 million that was originally anticipated, the company said.</p>
<p>Proceeds will be used to fund development of new adult living communities, Grand Court said.</p>
<p>The company may seek to obtain construction financing from sources that may require lower equity contributions from the developer, engage in refinancings of newly developed communities or issue additional debt to generate funds, Grand Court said.</p>
<p>National Securities Corp of Seattle is the managing underwriter for the offering, the company said.</p>
</text>
<copyright>(c) Reuters Limited 1997</copyright>
<metadata>
<codes class="bip:countries:1.0">
  <code code="USA">
    <editdetail attribution="Reuters BIP Coding Group" action="confirmed" date="1997-03-12"/>
  </code>
</codes>
<codes class="bip:industries:1.0">
  <code code="I85000">
    <editdetail attribution="Reuters BIP Coding Group" action="confirmed" date="1997-03-12"/>
  </code>
</codes>
<codes class="bip:topics:1.0">
  <code code="C17">
    <editdetail attribution="Reuters BIP Coding Group" action="confirmed" date="1997-03-12"/>
  </code>
  <code code="C171">
    <editdetail attribution="Reuters BIP Coding Group" action="confirmed" date="1997-03-12"/>
  </code>
  <code code="CCAT">
    <editdetail attribution="Reuters BIP Coding Group" action="confirmed" date="1997-03-12"/>
  </code>
</codes>
<dc element="dc.date.created" value="1997-03-11"/>
<dc element="dc.publisher" value="Reuters Holdings Plc"/>
<dc element="dc.date.published" value="1997-03-12"/>
<dc element="dc.source" value="Reuters"/>
<dc element="dc.creator.location" value="BOCA RATON, Fla."/>
<dc element="dc.creator.location.country.name" value="USA"/>
<dc element="dc.source" value="Reuters"/>
</metadata>
</newsitem>
