<?xml version="1.0" encoding="iso-8859-1" ?>
<newsitem itemid="435481" id="root" date="1997-03-12" xml:lang="en">
<title>USA: TENNIS-WILLIAMS BEATS MAJOLI IN CALIFORNIA.</title>
<headline>TENNIS-WILLIAMS BEATS MAJOLI IN CALIFORNIA.</headline>
<dateline>INDIAN WELLS, California 1997-03-11</dateline>
<text>
<p>American</p>
<p>teenager Venus Williams beat her first top-10 player,</p>
<p>upsetting fifth-seed Iva Majoli of Croatia 7-5 3-6 7-5 in the</p>
<p>$1.25 million Evert Cup women's tennis tournament on Tuesday</p>
<p>The 16-year-old Williams, playing in her first tournament</p>
<p>of the year, qualified for the tournament on a wild card.</p>
<p>Williams, ranked 211th, won two qualifying rounds and</p>
<p>three main draw matches to reach the quarterfinals where she</p>
<p>will play American Lindsay Davenport.</p>
<p>The fourth-seeded Davenport moved into the quarterfinals</p>
<p>with a quick 6-2 6-1 third round victory over 14th-seeded</p>
<p>Ruxandra Dragomir of Romania.</p>
<p>Willims and Majoli went toe-to-toe under a scorching sun</p>
<p>for two hours and 33 minutes.</p>
<p>The real drama came in the 10th game of the third set with</p>
<p>Williams serving. She faced two match points on her serve in</p>
<p>that game, but saved them both, the second with a 109 mph (175</p>
<p>kph) ace.</p>
<p>Majoli looked very fatigued in the 11th game, posting four</p>
<p>straight unforced errors to lose her serve at love.</p>
<p>Serving in the last game, Williams finally took advantage</p>
<p>of her third match point with an incredible service winner.</p>
<p>&quot;Yes, I feel good beating a top 10 player,&quot; Williams said.</p>
<p>&quot;I don't think about playing top 10 players (or) that I got</p>
<p>all these points, look at all this prestige. I try to go out</p>
<p>there and stay relaxed.</p>
<p>&quot;Even in this match today, I wasn't playing anywhere near</p>
<p>what I can play,&quot; Williams said. &quot;I wasn't attacking the short</p>
<p>balls. The high balls, I wasn't taking those out of the air.</p>
<p>And, on the return of serves, I wasn't attacking those. It</p>
<p>was nothing near what I can do, and I know that if I can go</p>
<p>out there and just go for broke, you guys will see a real</p>
<p>match.&quot;</p>
</text>
<copyright>(c) Reuters Limited 1997</copyright>
<metadata>
<codes class="bip:countries:1.0">
  <code code="CRTIA">
    <editdetail attribution="Reuters BIP Coding Group" action="confirmed" date="1997-03-12"/>
  </code>
  <code code="USA">
    <editdetail attribution="Reuters BIP Coding Group" action="confirmed" date="1997-03-12"/>
  </code>
</codes>
<codes class="bip:topics:1.0">
  <code code="GCAT">
    <editdetail attribution="Reuters BIP Coding Group" action="confirmed" date="1997-03-12"/>
  </code>
  <code code="GSPO">
    <editdetail attribution="Reuters BIP Coding Group" action="confirmed" date="1997-03-12"/>
  </code>
</codes>
<dc element="dc.date.created" value="1997-03-11"/>
<dc element="dc.publisher" value="Reuters Holdings Plc"/>
<dc element="dc.date.published" value="1997-03-12"/>
<dc element="dc.source" value="Reuters"/>
<dc element="dc.creator.location" value="INDIAN WELLS, California"/>
<dc element="dc.creator.location.country.name" value="USA"/>
<dc element="dc.source" value="Reuters"/>
</metadata>
</newsitem>
