<?xml version="1.0" encoding="iso-8859-1" ?>
<newsitem itemid="435438" id="root" date="1997-03-12" xml:lang="en">
<title>USA: TENNIS-AGASSI, LEACH AND STARK NAMED TO U.S. DAVIS CUP TEAM.</title>
<headline>TENNIS-AGASSI, LEACH AND STARK NAMED TO U.S. DAVIS CUP TEAM.</headline>
<dateline>CARLSBAD, California 1997-03-12</dateline>
<text>
<p>Andre Agassi, Jonathan Stark and Rick Leach will join Jim Courier on the U.S. Davis Cup squad that will play the Netherlands in the quarter-finals next month, U.S. captain Tom Gullikson announced Wednesday.</p>
<p>Gullikson had named Courier to the team late last month, but held off selecting the rest of the squad due to the uncertain status of several top American players.</p>
<p>The 13th-ranked Agassi has struggled to find his form of late but takes a 22-4 singles record and a 13-match Davis Cup winning streak into the April 4-6 quarter-finals on hard court at the Palisades Tennis Club in Newport Beach, California.</p>
<p>Agassi last played Davis Cup in the 1995 semifinal victory over Sweden and was a member of the U.S. Davis Cup-winning teams in 1990 and 1992.</p>
<p>&quot;These three players, along with Jim Courier, all have Davis Cup experience,&quot; Gullikson said in a statement issued by the United States Tennis Association.</p>
<p>&quot;Agassi and Courier give us outstanding singles firepower, and Leach and Stark are a force in doubles,&quot; Gullikson said.</p>
<p>Leach, 7-1 in Davis Cup doubles, also was a member of the Cup-winning team in 1990 with former partner Jim Pugh.</p>
<p>Stark and Leach, the world's fifth-ranked doubles team, reached the Australian Open semifinals this year.</p>
<p>Courier, a member of Cup-winning teams in 1992 and 1995, won both his singles matches in the opening round against Brazil this year to raise his Davis Cup record to 11-7.</p>
<p>World number one Pete Sampras and third-ranked Michael Chang had indicated that they were not interested in playing Davis Cup until the later rounds.</p>
<p>And recent injuries to Agassi, Todd Martin and MaliVai Washington had forced Gullikson to hold off on naming his full team until Wednesday.</p>
</text>
<copyright>(c) Reuters Limited 1997</copyright>
<metadata>
<codes class="bip:countries:1.0">
  <code code="NETH">
    <editdetail attribution="Reuters BIP Coding Group" action="confirmed" date="1997-03-12"/>
  </code>
  <code code="USA">
    <editdetail attribution="Reuters BIP Coding Group" action="confirmed" date="1997-03-12"/>
  </code>
</codes>
<codes class="bip:topics:1.0">
  <code code="GCAT">
    <editdetail attribution="Reuters BIP Coding Group" action="confirmed" date="1997-03-12"/>
  </code>
  <code code="GSPO">
    <editdetail attribution="Reuters BIP Coding Group" action="confirmed" date="1997-03-12"/>
  </code>
</codes>
<dc element="dc.date.created" value="1997-03-12"/>
<dc element="dc.publisher" value="Reuters Holdings Plc"/>
<dc element="dc.date.published" value="1997-03-12"/>
<dc element="dc.source" value="Reuters"/>
<dc element="dc.creator.location" value="CARLSBAD, California"/>
<dc element="dc.creator.location.country.name" value="USA"/>
<dc element="dc.source" value="Reuters"/>
</metadata>
</newsitem>
