<?xml version="1.0" encoding="iso-8859-1" ?>
<newsitem itemid="435455" id="root" date="1997-03-12" xml:lang="en">
<title>ITALY: SOCCER-SAMPDORIA DISMAYED BY MIHAJLOVIC BAN.</title>
<headline>SOCCER-SAMPDORIA DISMAYED BY MIHAJLOVIC BAN.</headline>
<dateline>MILAN 1997-03-12</dateline>
<text>
<p>Sampdoria coach Sven-Goran Eriksson expressed amazement on Wednesday after his Yugoslav defender Sinisa Mihajlovic, sent off in a weekend serie A game, was handed a four match suspension.</p>
<p>&quot;Four matches are so many, too many,&quot; declared the Swedish coach, who leaves the club at the end of the season.</p>
<p>&quot;I was expecting two at the most.&quot;</p>
<p>Club sources indicated that Sampdoria, fourth in the league, were sure to protest the sporting judge's ruling.</p>
<p>Mihajlovic, in Belgrade for a match with the Yugoslav national team, led the list of suspensions that included Croat stars Alen Boksic and Mario Stanic.</p>
<p>Juventus striker Boksic, who had just returned to the Italian league leaders from a lengthy injury, was suspended for two matches and Parma defender Stanic for one game.</p>
<p>Mihajlovic was sent off on Sunday for aiming the ball at the referee after Atalanta were given a penalty.</p>
<p>Sampdoria lost the match 4-0.</p>
<p>The sporting judge said in his report that Mihajlovic had kicked the ball at the referee, without hitting him, and &quot;uttered a disrespectful phrase at the referee, accompanied by gestures that repeated the content&quot;.</p>
<p>Boksic came on as a 77th minute substitute in his first match since January and went off 10 minutes later for a foul in the 0-0 draw at Inter. It was his second red card of the season.</p>
<p>The judge said the Croat had hit Inter's Massimo Paganini in the face with his knee after bringing him down.</p>
<p>Inter's assistant coach Giacinto Facchetti was banned until March 24 for shouting abuse during the match.</p>
<p>Stanic, in his first season in Italian soccer, avoided expulsion in Parma's 2-1 win at Perugia but his booking brought him a suspension on accumulated points.</p>
<p>Other foreigners given one match bans were Fiorentina's Swede Stefan Schwarz and Vicenza's Uruguayan Marcelo Otero.</p>
</text>
<copyright>(c) Reuters Limited 1997</copyright>
<metadata>
<codes class="bip:countries:1.0">
  <code code="ITALY">
    <editdetail attribution="Reuters BIP Coding Group" action="confirmed" date="1997-03-12"/>
  </code>
</codes>
<codes class="bip:topics:1.0">
  <code code="GCAT">
    <editdetail attribution="Reuters BIP Coding Group" action="confirmed" date="1997-03-12"/>
  </code>
  <code code="GSPO">
    <editdetail attribution="Reuters BIP Coding Group" action="confirmed" date="1997-03-12"/>
  </code>
</codes>
<dc element="dc.date.created" value="1997-03-12"/>
<dc element="dc.publisher" value="Reuters Holdings Plc"/>
<dc element="dc.date.published" value="1997-03-12"/>
<dc element="dc.source" value="Reuters"/>
<dc element="dc.creator.location" value="MILAN"/>
<dc element="dc.creator.location.country.name" value="ITALY"/>
<dc element="dc.source" value="Reuters"/>
</metadata>
</newsitem>
