<?xml version="1.0" encoding="iso-8859-1" ?>
<newsitem itemid="435465" id="root" date="1997-03-12" xml:lang="en">
<title>USA: ALPINE SKIING-WIBERG WINS WOMENS' DOWNHILL AT WORLD CUP FINALS.</title>
<headline>ALPINE SKIING-WIBERG WINS WOMENS' DOWNHILL AT WORLD CUP FINALS.</headline>
<dateline>VAIL, Colorado 1997-03-12</dateline>
<text>
<p>Overall champion Pernilla Wiberg of Sweden won the women's downhill at the World Cup Finals on Wedensday, according to provisional results. </p>
<p>Renate Goetschl of Austria finished second to clinch the season's downhill title, with Katja Seizinger of Germany taking third.</p>
</text>
<copyright>(c) Reuters Limited 1997</copyright>
<metadata>
<codes class="bip:countries:1.0">
  <code code="SWED">
    <editdetail attribution="Reuters BIP Coding Group" action="confirmed" date="1997-03-12"/>
  </code>
  <code code="USA">
    <editdetail attribution="Reuters BIP Coding Group" action="confirmed" date="1997-03-12"/>
  </code>
</codes>
<codes class="bip:topics:1.0">
  <code code="GCAT">
    <editdetail attribution="Reuters BIP Coding Group" action="confirmed" date="1997-03-12"/>
  </code>
  <code code="GSPO">
    <editdetail attribution="Reuters BIP Coding Group" action="confirmed" date="1997-03-12"/>
  </code>
</codes>
<dc element="dc.date.created" value="1997-03-12"/>
<dc element="dc.publisher" value="Reuters Holdings Plc"/>
<dc element="dc.date.published" value="1997-03-12"/>
<dc element="dc.source" value="Reuters"/>
<dc element="dc.creator.location" value="VAIL, Colorado"/>
<dc element="dc.creator.location.country.name" value="USA"/>
<dc element="dc.source" value="Reuters"/>
</metadata>
</newsitem>
