<?xml version="1.0" encoding="iso-8859-1" ?>
<newsitem itemid="435413" id="root" date="1997-03-12" xml:lang="en">
<title>USA: ICF elects Hazel O'Leary to board.</title>
<headline>ICF elects Hazel O'Leary to board.</headline>
<dateline>FAIRFAX, Va. 1997-03-11</dateline>
<text>
<p>ICF Kaiser International Inc said Tuesday that former U.S. Secretary of Energy Hazel O'Leary has been elected to the company's board of directors.  She currently serves on the board of directors of Africare and The Keystone Center.</p>
<p>ICF Kaiser is an engineering, construction and consulting services company.</p>
</text>
<copyright>(c) Reuters Limited 1997</copyright>
<metadata>
<codes class="bip:countries:1.0">
  <code code="USA">
    <editdetail attribution="Reuters BIP Coding Group" action="confirmed" date="1997-03-12"/>
  </code>
</codes>
<codes class="bip:topics:1.0">
  <code code="C41">
    <editdetail attribution="Reuters BIP Coding Group" action="confirmed" date="1997-03-12"/>
  </code>
  <code code="C411">
    <editdetail attribution="Reuters BIP Coding Group" action="confirmed" date="1997-03-12"/>
  </code>
  <code code="CCAT">
    <editdetail attribution="Reuters BIP Coding Group" action="confirmed" date="1997-03-12"/>
  </code>
</codes>
<dc element="dc.date.created" value="1997-03-11"/>
<dc element="dc.publisher" value="Reuters Holdings Plc"/>
<dc element="dc.date.published" value="1997-03-12"/>
<dc element="dc.source" value="Reuters"/>
<dc element="dc.creator.location" value="FAIRFAX, Va."/>
<dc element="dc.creator.location.country.name" value="USA"/>
<dc element="dc.source" value="Reuters"/>
</metadata>
</newsitem>
