<?xml version="1.0" encoding="iso-8859-1" ?>
<newsitem itemid="435550" id="root" date="1997-03-12" xml:lang="en">
<title>ZIMBABWE: ZIMBABWE MONEY RATES SOFTER IN LIQUID MARKET.</title>
<headline>ZIMBABWE MONEY RATES SOFTER IN LIQUID MARKET.</headline>
<dateline>HARARE 1997-03-12</dateline>
<text>
<p>Short-term trading rates were quoted lower in Zimbabwe's money market which opened liquid on Wednesday, dealers said.</p>
<p>They said the central Reserve Bank auctioned Z$580 million of 30-day treasury bills, breaking from the usual 91-day paper it offers to discount houses. On Wednesday, the central bank sold the bills at 17.36 percent, down from 17.50 percent the previous day.</p>
<p>Meanwhile, treasury bills were being sold on the secondary market at 17 percent from 17.40 while call money, also trading at 17 percent, was half a percentage point easier.</p>
<p>NCD bills maturing after 30, 60 and 90 days were quoted at 18.25 and 17.50 percent (buying and selling respectively) from 18.75 and 17.85 percent while bankers acceptances were quoted stable at 18 percent (buying) but softer at 17 percent from 17.50 percent (selling).</p>
<p>Figures from the central bank indicated the market closed with a surplus of Z$141 million on Tuesday, up from Monday's Z$101.2 million.</p>
<p>-- Stella Mapenzauswa, Harare Newsroom +263-4 72 52 28/9</p>
</text>
<copyright>(c) Reuters Limited 1997</copyright>
<metadata>
<codes class="bip:countries:1.0">
  <code code="ZIMBAB">
    <editdetail attribution="Reuters BIP Coding Group" action="confirmed" date="1997-03-12"/>
  </code>
</codes>
<codes class="bip:topics:1.0">
  <code code="M13">
    <editdetail attribution="Reuters BIP Coding Group" action="confirmed" date="1997-03-12"/>
  </code>
  <code code="M131">
    <editdetail attribution="Reuters BIP Coding Group" action="confirmed" date="1997-03-12"/>
  </code>
  <code code="MCAT">
    <editdetail attribution="Reuters BIP Coding Group" action="confirmed" date="1997-03-12"/>
  </code>
</codes>
<dc element="dc.date.created" value="1997-03-12"/>
<dc element="dc.publisher" value="Reuters Holdings Plc"/>
<dc element="dc.date.published" value="1997-03-12"/>
<dc element="dc.source" value="Reuters"/>
<dc element="dc.creator.location" value="HARARE"/>
<dc element="dc.creator.location.country.name" value="ZIMBABWE"/>
<dc element="dc.source" value="Reuters"/>
</metadata>
</newsitem>
