<?xml version="1.0" encoding="iso-8859-1" ?>
<newsitem itemid="435541" id="root" date="1997-03-12" xml:lang="en">
<title>SPAIN: BASKETBALL-BARCELONA BEAT ALBA DESPITE SQUANDERING LEAD.</title>
<headline>BASKETBALL-BARCELONA BEAT ALBA DESPITE SQUANDERING LEAD.</headline>
<dateline>BARCELONA 1997-03-11</dateline>
<text>
<p>Barcelona made a meal out of qualifying for the next round of the European club championship on Tuesday despite going in at half-time with a 33-12 lead over Alba Berlin.</p>
<p>Alba recovered from a poor start to reduce a 26 point deficit to only four points in the final minutes, before Sasha Djordjevic ensured a 72-62 victory for the Spaniards.  Barcelona had won the first game 95-77 and take the tie 2-0.</p>
<p>The home side had quickly taken control in the opening minutes to move into a 12-3 lead.  But the poor play of Germans seemed to affect Barcelona, and in six minutes of sloppy play from both teams only one basket was scored, to leave the game at 12-5.</p>
<p>Barcelona's Roger Esteller and Roberto Duenas turned up the pressure to produce the 21-point lead at the break. In the second half the gap widened to 40-14 with six consecutive points from Djordjevic -- who had failed to score at all in the first half.</p>
<p>From there it was all downhill for Barcelona.</p>
<p>Coach Aito Garcia Reneses called a time-out at 53-39, but failed to stop the rot and in the end Barcelona had to thank triple-shot misses from Henrik Rodl and Henning Harnisch for the margin of victory.</p>
</text>
<copyright>(c) Reuters Limited 1997</copyright>
<metadata>
<codes class="bip:countries:1.0">
  <code code="GFR">
    <editdetail attribution="Reuters BIP Coding Group" action="confirmed" date="1997-03-12"/>
  </code>
  <code code="SPAIN">
    <editdetail attribution="Reuters BIP Coding Group" action="confirmed" date="1997-03-12"/>
  </code>
</codes>
<codes class="bip:topics:1.0">
  <code code="GCAT">
    <editdetail attribution="Reuters BIP Coding Group" action="confirmed" date="1997-03-12"/>
  </code>
  <code code="GSPO">
    <editdetail attribution="Reuters BIP Coding Group" action="confirmed" date="1997-03-12"/>
  </code>
</codes>
<dc element="dc.date.created" value="1997-03-11"/>
<dc element="dc.publisher" value="Reuters Holdings Plc"/>
<dc element="dc.date.published" value="1997-03-12"/>
<dc element="dc.source" value="Reuters"/>
<dc element="dc.creator.location" value="BARCELONA"/>
<dc element="dc.creator.location.country.name" value="SPAIN"/>
<dc element="dc.source" value="Reuters"/>
</metadata>
</newsitem>
