<?xml version="1.0" encoding="iso-8859-1" ?>
<newsitem itemid="435507" id="root" date="1997-03-12" xml:lang="en">
<title>RUSSIA: FIGURE SKATING-KAZAKOVA AND DMITRIEV BACK FOR RUSSIA.</title>
<headline>FIGURE SKATING-KAZAKOVA AND DMITRIEV BACK FOR RUSSIA.</headline>
<dateline>MOSCOW 1997-03-12</dateline>
<text>
<p>Former Olympic and world pairs champion Artur Dmitriev and his partner Oksana Kazakova have been restored to the Russian team for next month's world championships in Lausanne, team officials said on Wednesday.</p>
<p>Dmitriev and Kazakova were dropped for January's European championships after finishing fourth in the national trials but earned their recall in Hamilton, Ontario, two weeks ago by coming second and pushing compatriots, current world and European champions Marina Eltsova and Andrei Bushkov, into third place in the Champions Series final.</p>
<p>Evgenia Shishkova and Vadim Naumov, also former world champions, are the pair to be dropped. They were fifth at the Europeans.</p>
<p>Dmitriev won world, Olympic and European gold through the early 1990s with then-partner Natalia Mishkutienok. He made a successful comeback with Kazakova to win the European title last year, then they placed fifth in the world championships in Edmonton, Alberta.</p>
<p>Russia's third pair in Lausanne will be youngsters Elena Berezhnaia and Anton Sikharulidze, third at the Europeans where their country completed the first-ever sweep by winning all four titles.</p>
</text>
<copyright>(c) Reuters Limited 1997</copyright>
<metadata>
<codes class="bip:countries:1.0">
  <code code="CANA">
    <editdetail attribution="Reuters BIP Coding Group" action="confirmed" date="1997-03-12"/>
  </code>
  <code code="RUSS">
    <editdetail attribution="Reuters BIP Coding Group" action="confirmed" date="1997-03-12"/>
  </code>
</codes>
<codes class="bip:topics:1.0">
  <code code="GCAT">
    <editdetail attribution="Reuters BIP Coding Group" action="confirmed" date="1997-03-12"/>
  </code>
  <code code="GSPO">
    <editdetail attribution="Reuters BIP Coding Group" action="confirmed" date="1997-03-12"/>
  </code>
</codes>
<dc element="dc.date.created" value="1997-03-12"/>
<dc element="dc.publisher" value="Reuters Holdings Plc"/>
<dc element="dc.date.published" value="1997-03-12"/>
<dc element="dc.source" value="Reuters"/>
<dc element="dc.creator.location" value="MOSCOW"/>
<dc element="dc.creator.location.country.name" value="RUSSIA"/>
<dc element="dc.source" value="Reuters"/>
</metadata>
</newsitem>
