<?xml version="1.0" encoding="iso-8859-1" ?>
<newsitem itemid="435566" id="root" date="1997-03-12" xml:lang="en">
<title>LITHUANIA: STATE APPROVES BUTINGES SHARE ISSUE.</title>
<headline>STATE APPROVES BUTINGES SHARE ISSUE.</headline>
<dateline>VILNIUS 1997-03-12</dateline>
<text>
<p>The Lithuanian government on Wednesday approved the Butinges terminal's plan to boost its share capital to 261 million litas from 71.27 million litas.</p>
<p>&quot;The cabinet has approved the share capital increase in Butinges nafta,&quot; the government said in a statement.</p>
<p>The government recently said that it planned to reduce its majority stake in the oil terminal project to 34 percent.</p>
<p>Construction of the terminal, which will be used primarily to export Russian oil supplies to Western markets, is scheduled for completion in 1998.</p>
<p>Potential investors want Butinges to guarantee that Russian suppliers will use its facilities.</p>
<p>--Andrius Vilkancas Vilnius newsroom +370 2 22 35 18</p>
</text>
<copyright>(c) Reuters Limited 1997</copyright>
<metadata>
<codes class="bip:countries:1.0">
  <code code="LITH">
    <editdetail attribution="Reuters BIP Coding Group" action="confirmed" date="1997-03-12"/>
  </code>
</codes>
<codes class="bip:industries:1.0">
  <code code="I13000">
    <editdetail attribution="Reuters BIP Coding Group" action="confirmed" date="1997-03-12"/>
  </code>
</codes>
<codes class="bip:topics:1.0">
  <code code="C17">
    <editdetail attribution="Reuters BIP Coding Group" action="confirmed" date="1997-03-12"/>
  </code>
  <code code="C171">
    <editdetail attribution="Reuters BIP Coding Group" action="confirmed" date="1997-03-12"/>
  </code>
  <code code="CCAT">
    <editdetail attribution="Reuters BIP Coding Group" action="confirmed" date="1997-03-12"/>
  </code>
</codes>
<dc element="dc.date.created" value="1997-03-12"/>
<dc element="dc.publisher" value="Reuters Holdings Plc"/>
<dc element="dc.date.published" value="1997-03-12"/>
<dc element="dc.source" value="Reuters"/>
<dc element="dc.creator.location" value="VILNIUS"/>
<dc element="dc.creator.location.country.name" value="LITHUANIA"/>
<dc element="dc.source" value="Reuters"/>
</metadata>
</newsitem>
