<?xml version="1.0" encoding="iso-8859-1" ?>
<newsitem itemid="435558" id="root" date="1997-03-12" xml:lang="en">
<title>ROMANIA: RADIO ROMANIA AFTERNOON HEADLINES AT 1 PM.</title>
<headline>RADIO ROMANIA AFTERNOON HEADLINES AT 1 PM.</headline>
<dateline>BUCHAREST 1997-03-12</dateline>
<text>
<p>Radio Romania news:</p>
<p>* Romania's Foreign Minister Adrian Severin will met U.S. Secretary of State Madeline Albright in Washington during an official visit there next month, spokeswoman Gilda Lazar said in the weekly news briefing.</p>
<p>* Romanian Prime Minister Victor Ciorbea arrived in Budapest in a first official visit since his appointment last year. Hungary and Romania are expected to sign accords to boost economic cooperation.</p>
<p>* The Defence Ministry is likely to get in 1997 a budget representing 3.0 percent of the GDP, Defence Minister Victor Babiuc told a news conference. -- Bucharest Newsroom 40-1 3120264</p>
</text>
<copyright>(c) Reuters Limited 1997</copyright>
<metadata>
<codes class="bip:countries:1.0">
  <code code="ROM">
    <editdetail attribution="Reuters BIP Coding Group" action="confirmed" date="1997-03-12"/>
  </code>
</codes>
<codes class="bip:topics:1.0">
  <code code="GCAT">
    <editdetail attribution="Reuters BIP Coding Group" action="confirmed" date="1997-03-12"/>
  </code>
</codes>
<dc element="dc.date.created" value="1997-03-12"/>
<dc element="dc.publisher" value="Reuters Holdings Plc"/>
<dc element="dc.date.published" value="1997-03-12"/>
<dc element="dc.source" value="Reuters"/>
<dc element="dc.creator.location" value="BUCHAREST"/>
<dc element="dc.creator.location.country.name" value="ROMANIA"/>
<dc element="dc.source" value="Reuters"/>
</metadata>
</newsitem>
