<?xml version="1.0" encoding="iso-8859-1" ?>
<newsitem itemid="435562" id="root" date="1997-03-12" xml:lang="en">
<title>LATVIA: LATVIA-UNIBANKA OPENS NEW SAFE-DEPOSIT FACILITY.</title>
<headline>LATVIA-UNIBANKA OPENS NEW SAFE-DEPOSIT FACILITY.</headline>
<dateline>RIGA 1997-03-12</dateline>
<text>
<p>Unibanka, one of the leading Latvian banks, said on Wednesday it opened a new safe-deposit facility for 640 clients in its branch in the centre of Riga.</p>
<p>&quot;During the reconstruction and renovation of the branch building a new safe-deposit hall has been built,&quot; the bank said in a statement.</p>
<p>The cost of using these facilities is between 50 santimes and two lats depending on the size of the box.</p>
<p>Unibanka earlier had 100 safe-deposit boxes in two of its Riga branches.</p>
<p>-- Martinsh Gravitis, Riga Newsroom, +371 721 5240</p>
</text>
<copyright>(c) Reuters Limited 1997</copyright>
<metadata>
<codes class="bip:countries:1.0">
  <code code="LATV">
    <editdetail attribution="Reuters BIP Coding Group" action="confirmed" date="1997-03-12"/>
  </code>
</codes>
<codes class="bip:industries:1.0">
  <code code="I81402">
    <editdetail attribution="Reuters BIP Coding Group" action="confirmed" date="1997-03-12"/>
  </code>
</codes>
<codes class="bip:topics:1.0">
  <code code="C24">
    <editdetail attribution="Reuters BIP Coding Group" action="confirmed" date="1997-03-12"/>
  </code>
  <code code="CCAT">
    <editdetail attribution="Reuters BIP Coding Group" action="confirmed" date="1997-03-12"/>
  </code>
</codes>
<dc element="dc.date.created" value="1997-03-12"/>
<dc element="dc.publisher" value="Reuters Holdings Plc"/>
<dc element="dc.date.published" value="1997-03-12"/>
<dc element="dc.source" value="Reuters"/>
<dc element="dc.creator.location" value="RIGA"/>
<dc element="dc.creator.location.country.name" value="LATVIA"/>
<dc element="dc.source" value="Reuters"/>
</metadata>
</newsitem>
