<?xml version="1.0" encoding="iso-8859-1" ?>
<newsitem itemid="435531" id="root" date="1997-03-12" xml:lang="en">
<title>ITALY: SOCCER-SAMPDORIA'S MIHAJLOVIC AND JUVE'S BOKSIC GET BANS.</title>
<headline>SOCCER-SAMPDORIA'S MIHAJLOVIC AND JUVE'S BOKSIC GET BANS.</headline>
<dateline>MILAN 1997-03-12</dateline>
<text>
<p>Sampdoria's Yugoslav defender Sinisa Mihajlovic, picking up a four-match ban, led the list of suspensions in Italy's serie A on Wednesday while Croat stars Alen Boksic and Mario Stanic were also sidelined.</p>
<p>Juventus striker Boksic, who had just returned to the Italian league leaders from a lengthy injury, was suspended for two matches and Parma defender Stanic was banned for one game.</p>
<p>Mihajlovic was sent off on Sunday for aiming the ball at the referee after Atalanta were given a penalty.</p>
<p>Sampdoria lost the match 4-0.</p>
<p>The sporting judge said in his report that Mihajlovic had kicked the ball at the referee, without hitting him, and &quot;uttered a disrespectful phrase at the referee, accompanied by gestures that repeated the content&quot;.</p>
<p>Boksic came on as a 77th-minute substitute in his first match since January and went off 10 minutes later for a foul in the 0-0 draw at Inter. It was his second red card of the season.</p>
<p>The judge said the Croat had hit Inter's Massimo Paganini in the face with his knee after bringing him down.</p>
<p>Inter's assistant coach Giacinto Facchetti was banned until March 24 for shouting abuse during the match.</p>
<p>Stanic, in his first season in Italian soccer, avoided expulsion in Parma's 2-1 win at Perugia but his booking brought him a suspension on accumulated points.</p>
<p>Other foreigners given one-match bans were Fiorentina's Swede Stefan Schwarz and Vicenza's Uruguayan Marcelo Otero.</p>
</text>
<copyright>(c) Reuters Limited 1997</copyright>
<metadata>
<codes class="bip:countries:1.0">
  <code code="ITALY">
    <editdetail attribution="Reuters BIP Coding Group" action="confirmed" date="1997-03-12"/>
  </code>
</codes>
<codes class="bip:topics:1.0">
  <code code="GCAT">
    <editdetail attribution="Reuters BIP Coding Group" action="confirmed" date="1997-03-12"/>
  </code>
  <code code="GSPO">
    <editdetail attribution="Reuters BIP Coding Group" action="confirmed" date="1997-03-12"/>
  </code>
</codes>
<dc element="dc.date.created" value="1997-03-12"/>
<dc element="dc.publisher" value="Reuters Holdings Plc"/>
<dc element="dc.date.published" value="1997-03-12"/>
<dc element="dc.source" value="Reuters"/>
<dc element="dc.creator.location" value="MILAN"/>
<dc element="dc.creator.location.country.name" value="ITALY"/>
<dc element="dc.source" value="Reuters"/>
</metadata>
</newsitem>
