<?xml version="1.0" encoding="iso-8859-1" ?>
<newsitem itemid="435552" id="root" date="1997-03-12" xml:lang="en">
<title>ZIMBABWE: ZIMBABWE DOLLAR STARTS DAY MIXED ON CURRENCIES.</title>
<headline>ZIMBABWE DOLLAR STARTS DAY MIXED ON CURRENCIES.</headline>
<dateline>HARARE 1997-03-12</dateline>
<text>
<p>The Zimbabwe dollar was quoted softer on the U.S. dollar and sterling but gained against the mark and the rand in early Wednesday trade, foreign exchange dealers said.</p>
<p>&quot;There were a couple of banks buying (U.S. dollars) this morning -- they probably had a few payments to take care of,&quot; one dealer said.</p>
<p>At around 0755 GMT the Zimbabwe dollar was trading a cent weaker on the U.S. unit at 11.1575/1675 compared to late Tuesday's 11.1475/1575.</p>
<p>On the crosses, it dropped to 17.9000/9200 against sterling from 17.8700/8900 but edged up on the mark to 6.5400/5500 from 6.5600/5700. Against the South African rand, it was also quoted firmer at 2.5125/5225 compared to 2.5200/5300 the previous day.</p>
<p>--Stella Mapenzauswa, Harare Newsroom: +263-4 72 52 28/9</p>
</text>
<copyright>(c) Reuters Limited 1997</copyright>
<metadata>
<codes class="bip:countries:1.0">
  <code code="ZIMBAB">
    <editdetail attribution="Reuters BIP Coding Group" action="confirmed" date="1997-03-12"/>
  </code>
</codes>
<codes class="bip:topics:1.0">
  <code code="M13">
    <editdetail attribution="Reuters BIP Coding Group" action="confirmed" date="1997-03-12"/>
  </code>
  <code code="M132">
    <editdetail attribution="Reuters BIP Coding Group" action="confirmed" date="1997-03-12"/>
  </code>
  <code code="MCAT">
    <editdetail attribution="Reuters BIP Coding Group" action="confirmed" date="1997-03-12"/>
  </code>
</codes>
<dc element="dc.date.created" value="1997-03-12"/>
<dc element="dc.publisher" value="Reuters Holdings Plc"/>
<dc element="dc.date.published" value="1997-03-12"/>
<dc element="dc.source" value="Reuters"/>
<dc element="dc.creator.location" value="HARARE"/>
<dc element="dc.creator.location.country.name" value="ZIMBABWE"/>
<dc element="dc.source" value="Reuters"/>
</metadata>
</newsitem>
