<?xml version="1.0" encoding="iso-8859-1" ?>
<newsitem itemid="435521" id="root" date="1997-03-12" xml:lang="en">
<title>NETHERLANDS: SOCCER-HEERENVEEN SINK FEYENOORD IN DUTCH CUP.</title>
<headline>SOCCER-HEERENVEEN SINK FEYENOORD IN DUTCH CUP.</headline>
<dateline>ROTTERDAM 1997-03-12</dateline>
<text>
<p>Two late goals gave unfancied Heerenveen a shock 2-1 win against Feyenoord in the quarter-finals of the Dutch Cup on Wednesday.</p>
<p>The Dutch league's leading scorer, Dane John Dahl Tomasson, grabbed the winner seven minutes from time, firing home from short range after a cross by Igor Korneev.</p>
<p>Feyenoord, currently second in the league, left out regular strikers Henke Larsson and Gaston Taument. And the move appeared to pay off when they took the lead after 24 minutes when Henk Vos latched on to a Pablo Sanchez through-ball to beat goalkeeper Hans Vonk.</p>
<p>Feyenoord keeper Ed de Goey made a string of second-half saves to keep his side, cup winners four times in the last six years, in the game.</p>
<p>But, with 12 minutes left, striker Leroy Echteld levelled the scores, sweeping in a Boudewijn Pahlplatz cross, and Tomasson completed the comeback.</p>
<p>In another upset, second division Helmond Sport came from behind to knock out fith-placed Vitesse Arnhem 2-1.</p>
<p>The first division side went ahead after four minutes through Roy Makaay but goals by Pascal Boer in the 55th minute and Dennis Gerritsen in the 71st booked Helmond a surprise semifinal berth.</p>
<p>Willem II and Roda JC have already qualified for the last four in a competition that has already seen champions Ajax Amsterdam and league leaders PSV Eindhoven crash out.</p>
</text>
<copyright>(c) Reuters Limited 1997</copyright>
<metadata>
<codes class="bip:countries:1.0">
  <code code="NETH">
    <editdetail attribution="Reuters BIP Coding Group" action="confirmed" date="1997-03-12"/>
  </code>
</codes>
<codes class="bip:topics:1.0">
  <code code="GCAT">
    <editdetail attribution="Reuters BIP Coding Group" action="confirmed" date="1997-03-12"/>
  </code>
  <code code="GSPO">
    <editdetail attribution="Reuters BIP Coding Group" action="confirmed" date="1997-03-12"/>
  </code>
</codes>
<dc element="dc.date.created" value="1997-03-12"/>
<dc element="dc.publisher" value="Reuters Holdings Plc"/>
<dc element="dc.date.published" value="1997-03-12"/>
<dc element="dc.source" value="Reuters"/>
<dc element="dc.creator.location" value="ROTTERDAM"/>
<dc element="dc.creator.location.country.name" value="NETHERLANDS"/>
<dc element="dc.source" value="Reuters"/>
</metadata>
</newsitem>
