<?xml version="1.0" encoding="iso-8859-1" ?>
<newsitem itemid="435513" id="root" date="1997-03-12" xml:lang="en">
<title>USA: NBA BASKETBALL-JORDAN'S 32 MOVES HIM UP ON ALL-TIME LIST.</title>
<headline>NBA BASKETBALL-JORDAN'S 32 MOVES HIM UP ON ALL-TIME LIST.</headline>
<dateline>BOSTON 1997-03-12</dateline>
<text>
<p>Michael Jordan scored 32 points and moved up one spot on the NBA all-time scoring list as the Chicago Bulls defeated the Boston Celtics, 117-106 on Tuesday.</p>
<p>Jordan made two free throws with 2:49 remaining to move into sixth all-time, surpassing former Celtics great John Havlicek. Jordan now has 26,399 points in his career, four more than Havlicek.</p>
<p>&quot;It's kind of ironic,&quot; said Jordan of his milestone.  &quot;It was rewarding and expected. It is a great privilege to pass a great player like Havlicek, especially in this building.&quot;</p>
<p>Scottie Pippen added 27 points for the Bulls. Eric Williams scored 27 points for the Celtics.</p>
<p>In Atlanta, Steve Smith scored 27 points and Mookie Blaylock had 26 to lead the Atlanta Hawks to their fifth straight win, a 106-99 decision over the Utah Jazz.</p>
<p>Dikembe Mutombo added 17 points and 14 rebounds for Atlanta, which has won eight of its last nine games.</p>
<p>&quot;We wanted to push it up, we didn't want to walk with it,&quot; said Hawks coach Lenny Wilkens. &quot;Our backcourt can score, they can get to the hoop.&quot;</p>
<p>Karl Malone led the Jazz with 24 points.</p>
<p>In Charlotte, Anthony Mason had 24 points, 13 rebounds and eight assists and Glen Rice also had 24 points as the Charlotte Hornets won their sixth straight game, 98-92 over the Vancouver Grizzlies.</p>
<p>Vlade Divac had 11 points and Matt Geiger grabbed eight rebounds for the Hornets. Shareef Abdur-Rahim scored 24 points and Bryant Reeves added 21 points and 13 rebounds for the Grizzlies.</p>
<p>In Dallas, Michael Finley had 23 points, nine rebounds and six assists as the Dallas Mavericks stopped their seven-game losing streak and halted New York's seven-game winning streak with a 91-83 victory over the Knicks.</p>
<p>Erick Strickland had 22 points, including a 12-of-12 from the foul line, for the Mavericks, who ended their 11-game losing streak against New York and beat the Knicks in Dallas for the first time in six games.</p>
<p>In Denver, Penny Hardaway scored 27 points and Derek Strong added 20 to lead the Orlando Magic to a 96-91 victory over the Denver Nuggets.</p>
<p>Dennis Scott sank a three-pointer to give the Magic the lead for good, 92-89, with 1:48 left in the fourth quarter.</p>
<p>In Milwaukee, Tim Hardaway had a trio of three-pointers to key a 20-8 run that broke the game open in the third quarter as the Miami Heat continued their dominance of the Milwaukee Bucks with a 108-93 victory.</p>
<p>Hardaway had 29 points and 12 assists for the Heat.</p>
<p>Isaac Austin had 26 points and 10 rebounds for Miami.</p>
<p>At Minnesota, Stephon Marbury had 13 points and a key steal in the final six minutes of the game to outduel fellow rookie point guard Allen Iverson as the Minnesota Timberwolves rallied for a 104-100 victory over the Philadelphia 76ers.</p>
<p>Marbury finished with 24 points and nine assists and Kevin Garnett added 11 points and 12 rebounds for the Timberwolves.</p>
<p>Jerry Stackhouse had 34 points for the 76ers.</p>
<p>In Phoenix, Marcus Camby scored seven of his 23 points in the fourth quarter, including a key jumper with 51 seconds remaining, and Damon Stoudamire added 22 points as the Toronto Raptors held off the Phoenix Suns, 105-101.</p>
<p>Stoudamire had nine assists and Clifford Rozier contributed 20 points and 14 rebounds for Toronto.</p>
<p>In San Antonio, Kevin Willis recorded 19 points and nine rebounds and Hakeem Olajuwon added 17 and eight as the Houston Rockets completed a perfect five-game road trip with a 103-79 victory over the San Antonio Spurs.</p>
<p>Matt Bullard contributed 14 points for Houston, which has won six games in a row.</p>
<p>Monty Williams had 19 points and Dominique Wilkins 13 for San Antonio.</p>
<p>In Seattle, Sam Perkins came off the bench to score 20 points and Shawn Kemp had 16 points and 10 rebounds to lead the Seattle SuperSonics to a 93-80 victory over the Detroit Pistons.</p>
<p>Perkins, who missed Sunday's game with a cut above his eye and was doubtful for tonight, scored 11 points in the third quarter as Seattle took a 71-57 lead into the fourth.</p>
<p>In Portland, Rasheed Wallace scored 26 points and Kenny Anderson had 16 points, seven assists and six rebounds as the Portland Trail Blazers extended their season-high winning streak to seven games with a 109-105 win over the Los Angeles Clippers.</p>
<p>Isaiah Rider had 15 points for Portland.</p>
<p>In Sacramento, Chris Mills scored 21 points and Tyrone Hill added 17 and 13 rebounds as the Cleveland Cavaliers weathered a near six-minute scoreless drought in the fourth quarter and held on for an 88-85 victory over the Sacramento Kings.</p>
</text>
<copyright>(c) Reuters Limited 1997</copyright>
<metadata>
<codes class="bip:countries:1.0">
  <code code="USA">
    <editdetail attribution="Reuters BIP Coding Group" action="confirmed" date="1997-03-12"/>
  </code>
</codes>
<dc element="dc.date.created" value="1997-03-12"/>
<dc element="dc.publisher" value="Reuters Holdings Plc"/>
<dc element="dc.date.published" value="1997-03-12"/>
<dc element="dc.source" value="Reuters"/>
<dc element="dc.creator.location" value="BOSTON"/>
<dc element="dc.creator.location.country.name" value="USA"/>
<dc element="dc.source" value="Reuters"/>
</metadata>
</newsitem>
