<?xml version="1.0" encoding="iso-8859-1" ?>
<newsitem itemid="435517" id="root" date="1997-03-12" xml:lang="en">
<title>USA: NHL ICE HOCKEY - TUESDAY'S RESULTS.</title>
<headline>NHL ICE HOCKEY - TUESDAY'S RESULTS.</headline>
<dateline>NEW YORK 1997-03-12</dateline>
<text>
<p>Results of National Hockey</p>
<p>League games on Tuesday (home team in CAPS):</p>
<p> FLORIDA	  3  Ny Islanders    2</p>
<p> NEW JERSEY     6  Edmonton	  1</p>
<p> WASHINGTON     4  Vancouver	 1</p>
<p> BUFFALO	  3  Philadelphia    2 (OT)</p>
<p> St Louis	 4  SAN JOSE	  3</p>
</text>
<copyright>(c) Reuters Limited 1997</copyright>
<metadata>
<codes class="bip:countries:1.0">
  <code code="CANA">
    <editdetail attribution="Reuters BIP Coding Group" action="confirmed" date="1997-03-12"/>
  </code>
  <code code="USA">
    <editdetail attribution="Reuters BIP Coding Group" action="confirmed" date="1997-03-12"/>
  </code>
</codes>
<codes class="bip:topics:1.0">
  <code code="GCAT">
    <editdetail attribution="Reuters BIP Coding Group" action="confirmed" date="1997-03-12"/>
  </code>
  <code code="GSPO">
    <editdetail attribution="Reuters BIP Coding Group" action="confirmed" date="1997-03-12"/>
  </code>
</codes>
<dc element="dc.date.created" value="1997-03-12"/>
<dc element="dc.publisher" value="Reuters Holdings Plc"/>
<dc element="dc.date.published" value="1997-03-12"/>
<dc element="dc.source" value="Reuters"/>
<dc element="dc.creator.location" value="NEW YORK"/>
<dc element="dc.creator.location.country.name" value="USA"/>
<dc element="dc.source" value="Reuters"/>
</metadata>
</newsitem>
