<?xml version="1.0" encoding="iso-8859-1" ?>
<newsitem itemid="435510" id="root" date="1997-03-12" xml:lang="en">
<title>ISRAEL: SOCCER-SWEDEN BEAT ISRAEL IN SOCCER FRIENDLY.</title>
<headline>SOCCER-SWEDEN BEAT ISRAEL IN SOCCER FRIENDLY.</headline>
<dateline>TEL AVIV 1997-03-12</dateline>
<text>
<p>Sweden beat Israel 1-0 in an international soccer friendly on Wednesday, the winning goal coming from Andreas Andersson in the 68th minute.</p>
<p>Andersson beat two defenders on the right side of the Israeli goal and fired beyond the reach of goalkeeper Rafi Cohen.</p>
<p>The Israelis had dominated the first half and missed three good chances.</p>
<p>But Sweden took the initiative after the break as the hosts faded and defensive holes began to appear, one of which was found by Andersson.</p>
<p>&quot;We gave the Israelis too much space in the first half, we were disorganised and couldn't find our rhythm,&quot; said Swedish coach Tommy Svensson.</p>
<p>&quot;But in the second half we settled down and didn't allow Israel to develop their game. This was a very good test for us,&quot; he said.</p>
<p>Israel coach Shlomo Scharf said: &quot;We were naive in front of goal and our players lack the conviction and the stamina to play at this level.&quot;</p>
</text>
<copyright>(c) Reuters Limited 1997</copyright>
<metadata>
<codes class="bip:countries:1.0">
  <code code="ISRAEL">
    <editdetail attribution="Reuters BIP Coding Group" action="confirmed" date="1997-03-12"/>
  </code>
  <code code="SWED">
    <editdetail attribution="Reuters BIP Coding Group" action="confirmed" date="1997-03-12"/>
  </code>
</codes>
<codes class="bip:topics:1.0">
  <code code="GCAT">
    <editdetail attribution="Reuters BIP Coding Group" action="confirmed" date="1997-03-12"/>
  </code>
  <code code="GSPO">
    <editdetail attribution="Reuters BIP Coding Group" action="confirmed" date="1997-03-12"/>
  </code>
</codes>
<dc element="dc.date.created" value="1997-03-12"/>
<dc element="dc.publisher" value="Reuters Holdings Plc"/>
<dc element="dc.date.published" value="1997-03-12"/>
<dc element="dc.source" value="Reuters"/>
<dc element="dc.creator.location" value="TEL AVIV"/>
<dc element="dc.creator.location.country.name" value="ISRAEL"/>
<dc element="dc.source" value="Reuters"/>
</metadata>
</newsitem>
