<?xml version="1.0" encoding="iso-8859-1" ?>
<newsitem itemid="435516" id="root" date="1997-03-12" xml:lang="en">
<title>USA: NHL ICE HOCKEY - STANDINGS AFTER TUESDAY'S GAMES.</title>
<headline>NHL ICE HOCKEY - STANDINGS AFTER TUESDAY'S GAMES.</headline>
<dateline>NEW YORK 1997-03-12</dateline>
<text>
<p>Standings of National Hockey</p>
<p>League teams after games on Tuesday (tabulate under won, lost,</p>
<p>tied, goals for, goals against, points):</p>
<p>		 EASTERN CONFERENCE</p>
<p>		 NORTHEAST DIVISION</p>
<p>		    W   L   T   GF   GA   PTS</p>
<p> BUFFALO	 35  21  11  195  167   81</p>
<p> PITTSBURGH    32  28   6  228  216   70</p>
<p> HARTFORD	26  30  10  183  201   62</p>
<p> MONTREAL	24  32  13  210  243   61</p>
<p> OTTAWA	  22  32  13  184  197   57</p>
<p> BOSTON	  23  35   9  197  238   55</p>
<p>		   ATLANTIC DIVISION</p>
<p>		    W   L   T   GF   GA   PTS</p>
<p> PHILADELPHIA  38  20  10  226  173   86</p>
<p> NEW JERSEY    36  19  12  188  155   84</p>
<p> FLORIDA	 30  23  15  180  160   75</p>
<p> NY RANGERS    31  28   9  219  191   71</p>
<p> TAMPA BAY     27  32   7  184  206   61</p>
<p> WASHINGTON    27  33   7  170  188   61</p>
<p> NY ISLANDERS  23  34  10  183  198   56</p>
<p>		   WESTERN CONFERENCE</p>
<p>		   CENTRAL DIVISION</p>
<p>		    W   L   T   GF   GA   PTS</p>
<p> DALLAS	  40  23   5  205  165   85</p>
<p> DETROIT	 32  19  15  211  155   79</p>
<p> PHOENIX	 31  33   4  192  205   66</p>
<p> ST LOUIS	29  31   8  199  209   66</p>
<p> CHICAGO	 26  31  11  174  170   63</p>
<p> TORONTO	 25  37   5  196  231   55</p>
<p>		   PACIFIC DIVISION</p>
<p>		    W   L   T   GF   GA   PTS</p>
<p> X-COLORADO    41  17   9  228  163   91</p>
<p> EDMONTON	31  31   7  213  208   69</p>
<p> ANAHEIM	 28  30   9  195  194   65</p>
<p> CALGARY	 28  34   7  181  196   63</p>
<p> VANCOUVER     28  36   4  209  233   60</p>
<p> LOS ANGELES   25  35   9  184  224   59</p>
<p> SAN JOSE	23  37   7  172  220   53</p>
<p>X- Clinched playoff berth</p>
<p>	  WEDNESDAY, MARCH 12TH SCHEDULE</p>
<p> BOSTON AT HARTFORD	    </p>
<p> WASHINGTON AT NY RANGERS    </p>
<p> CHICAGO AT TORONTO	    </p>
<p> CALGARY AT COLORADO	   </p>
<p> PITTSBURGH AT PHOENIX	 </p>
<p> DETROIT AT ANAHEIM</p>
</text>
<copyright>(c) Reuters Limited 1997</copyright>
<metadata>
<codes class="bip:countries:1.0">
  <code code="CANA">
    <editdetail attribution="Reuters BIP Coding Group" action="confirmed" date="1997-03-12"/>
  </code>
  <code code="USA">
    <editdetail attribution="Reuters BIP Coding Group" action="confirmed" date="1997-03-12"/>
  </code>
</codes>
<codes class="bip:topics:1.0">
  <code code="GCAT">
    <editdetail attribution="Reuters BIP Coding Group" action="confirmed" date="1997-03-12"/>
  </code>
  <code code="GSPO">
    <editdetail attribution="Reuters BIP Coding Group" action="confirmed" date="1997-03-12"/>
  </code>
</codes>
<dc element="dc.date.created" value="1997-03-12"/>
<dc element="dc.publisher" value="Reuters Holdings Plc"/>
<dc element="dc.date.published" value="1997-03-12"/>
<dc element="dc.source" value="Reuters"/>
<dc element="dc.creator.location" value="NEW YORK"/>
<dc element="dc.creator.location.country.name" value="USA"/>
<dc element="dc.source" value="Reuters"/>
</metadata>
</newsitem>
