<?xml version="1.0" encoding="iso-8859-1" ?>
<newsitem itemid="435571" id="root" date="1997-03-12" xml:lang="en">
<title>ROMANIA: ROMANIA LEU LITTLE CHANGED, MARKET CONFUSED.</title>
<headline>ROMANIA LEU LITTLE CHANGED, MARKET CONFUSED.</headline>
<dateline>BUCHAREST 1997-03-12</dateline>
<text>
<p>Romania's leu closed Wednesday near 6,950 to the dollar, slightly firmer than 7,000 at opening amid slaken interbank activity, traders said.</p>
<p>Most dealers said their clients were confused by a central bank decision on Tuesday to release the leu rate for each day, which replaces the former reference rate, only once weekly.</p>
<p>&quot;My clients were mixed up because the central bank (BNR) decision lacks clarity,&quot; said one trader, adding that most companies had previously used the reference rate to reflect deals in book-keeping.</p>
<p>On Tuesday, the BNR said it had replaced the old reference rate, which served for statistical and accounting purposes, and would compute a daily exchange rate for the leu as an average of prices on the local market.</p>
<p>It said companies would have to use in book-keeping the exchange rates set by the banks where they hold their accounts.</p>
<p>On Wednesday, central bank officials declined to elaborate further on Tuesday's move saying details would be available on Friday when BNR governor Mugur Isarescu was expected to hold a news conference.</p>
<p>The new rate, to be used only for statistical purposes, would be sent daily to the Finance Ministry, the customs as well as to the prosecutor's office and the police. A list of daily rates would be released weekly to the media.</p>
<p>Dealers said short-term rates bobbed near 220 percent but most of them were reluctant to predict trends on the foreign exchange and money markets.</p>
<p>&quot;What can I say? The leu inched up although the money market doesn't face leu shortages. I don't know where the leu gets its support from,&quot; said one dealer.</p>
<p>Banks' quotes floated in wide ranges, with leu-dollar prices from 6,200/100 to 7,400/8,400.</p>
<p>Leu-dollar retail rates inched down towards 7,300/800 from some 7,100/400 in early trading hours.</p>
<p>-- Mirela Eremia, Bucharest Newsroom 40-1 3120264</p>
</text>
<copyright>(c) Reuters Limited 1997</copyright>
<metadata>
<codes class="bip:countries:1.0">
  <code code="ROM">
    <editdetail attribution="Reuters BIP Coding Group" action="confirmed" date="1997-03-12"/>
  </code>
</codes>
<codes class="bip:topics:1.0">
  <code code="M13">
    <editdetail attribution="Reuters BIP Coding Group" action="confirmed" date="1997-03-12"/>
  </code>
  <code code="M132">
    <editdetail attribution="Reuters BIP Coding Group" action="confirmed" date="1997-03-12"/>
  </code>
  <code code="MCAT">
    <editdetail attribution="Reuters BIP Coding Group" action="confirmed" date="1997-03-12"/>
  </code>
</codes>
<dc element="dc.date.created" value="1997-03-12"/>
<dc element="dc.publisher" value="Reuters Holdings Plc"/>
<dc element="dc.date.published" value="1997-03-12"/>
<dc element="dc.source" value="Reuters"/>
<dc element="dc.creator.location" value="BUCHAREST"/>
<dc element="dc.creator.location.country.name" value="ROMANIA"/>
<dc element="dc.source" value="Reuters"/>
</metadata>
</newsitem>
