<?xml version="1.0" encoding="iso-8859-1" ?>
<newsitem itemid="435536" id="root" date="1997-03-12" xml:lang="en">
<title>FRANCE: SOCCER-FRENCH LEAGUE PROGRAMME.</title>
<headline>SOCCER-FRENCH LEAGUE PROGRAMME.</headline>
<dateline>PARIS 1997-03-12</dateline>
<text>
<p>Schedule of matches in the French first division this weekend (standings in parentheses, all kick-off times GMT):</p>
<p>Thursday:</p>
<p>    Rennes (13) v Monaco (1)			   1930</p>
<p>Monaco goalkeeper Fabien Barthez sidelined following surgery on Monday on broken bone in right cheek. He had played the previous day in 0-0 home draw with Auxerre wearing a protective bandage. Leaders will be looking for win ahead of Newcastle's UEFA Cup visit on Tuesday against side who have lost only once at home this season.</p>
<p>Friday:</p>
<p>    Bastia (3) v Montpellier (12)		    1900</p>
<p>Corsicans will be looking to bounce back from worst defeat of season, 3-0 at Nantes last weekend. Montpellier are on song and unbeaten this year in league, climbing out of relegation zone to relative mid-table security.</p>
<p>    Nice (20) v Nantes (6)			     1900</p>
<p>Nantes, unbeaten in 21 league games, are gunning for berth in Europe and, with four away wins in succession, should be too strong for basement side Nice.</p>
<p>    Auxerre (7) v Cannes (14)			  1900</p>
<p>Champions looking for first win in seven matches and first goal in France in six -- although they scored in 3-1 European Cup loss away to Borussia Dortmund last week -- as they look to hang on to place in Europe. Cannes have easily worst attack over longer term with only 16 goals in 28 league games.</p>
<p>    Lille (17) v Nancy (19)			    1900</p>
<p>City of Lille could be facing double burst bubble this year with relegation from football's top flight after disappointment of failed bid to stage 2004 Olympic Games. Nancy look even more likely for the drop.</p>
<p>    Le Havre (15) v Paris St Germain (2)	   1900</p>
<p>PSG will be looking to renew challenge to leaders Monaco after recovering their self-esteem with first home win in four months against Lyon on Sunday. They are also near full strength again with defenders Jimmy Algerino and Didier Domi back in training.</p>
<p>    Marseille (9) v Strasbourg (4)		   1900</p>
<p>Former European champions are going through lean spell, conceding seven goals in last two games, and will find confident Strasbourg side featuring league's top scorer David Zitelli tough to beat.</p>
<p>Saturday:</p>
<p>    Metz (8) v Lens (16)				 1700</p>
<p>Lens play under new coach Roger Lemerre after sacking of Slavo Muslin. Metz, gunning for place in Europe, beat leaders Monaco in their last home game.</p>
<p>    Bordeaux (5) v Caen (18)			   1900</p>
<p>Unbeaten in the league this year, Bordeaux should put another nail in Caen's relegation coffin. France's Ibrahim Ba is back in training after recovering from injury, while fellow midfielder Stephane Ziani will have to wear a brace on his fractured hand.</p>
<p>    Lyon (11) v Guingamp (10)			  1900</p>
<p>Guingamp's counter-attacking game in which Stephane Carnot plays pivotal role has helped them take four points from last two games against big guns PSG and Marseille. Lyon will be looking to bounce back from 3-1 loss at PSG.</p>
</text>
<copyright>(c) Reuters Limited 1997</copyright>
<metadata>
<codes class="bip:countries:1.0">
  <code code="FRA">
    <editdetail attribution="Reuters BIP Coding Group" action="confirmed" date="1997-03-12"/>
  </code>
  <code code="MONAC">
    <editdetail attribution="Reuters BIP Coding Group" action="confirmed" date="1997-03-12"/>
  </code>
</codes>
<codes class="bip:topics:1.0">
  <code code="GCAT">
    <editdetail attribution="Reuters BIP Coding Group" action="confirmed" date="1997-03-12"/>
  </code>
  <code code="GSPO">
    <editdetail attribution="Reuters BIP Coding Group" action="confirmed" date="1997-03-12"/>
  </code>
</codes>
<dc element="dc.date.created" value="1997-03-12"/>
<dc element="dc.publisher" value="Reuters Holdings Plc"/>
<dc element="dc.date.published" value="1997-03-12"/>
<dc element="dc.source" value="Reuters"/>
<dc element="dc.creator.location" value="PARIS"/>
<dc element="dc.creator.location.country.name" value="FRANCE"/>
<dc element="dc.source" value="Reuters"/>
</metadata>
</newsitem>
