<?xml version="1.0" encoding="iso-8859-1" ?>
<newsitem itemid="435511" id="root" date="1997-03-12" xml:lang="en">
<title>USA: NFL AMERICAN FOOTBALL-CAROLINA PANTHERS PRESIDENT MCCORMACK RETIRES.</title>
<headline>NFL AMERICAN FOOTBALL-CAROLINA PANTHERS PRESIDENT MCCORMACK RETIRES.</headline>
<dateline>CHARLOTTE, North Carolina 1997-03-12</dateline>
<text>
<p>Mike McCormack, the driving force in building the expansion Carolina Panthers into title contenders in just two years, announced his retirement as the team's president on Wednesday.</p>
<p>The 66-year-old McCormack played a key role in obtaining an NFL franchise for Carolina and oversaw the team's rapid rise to the NFC Championship Game last season.</p>
<p>&quot;The success of the Panthers has been one of the most gratifying experiences of my career,&quot; McCormack said.</p>
<p>&quot;Seeing the organisation, team, and stadium evolve from a dream to reality has been more fulfilling than I can express,&quot; added McCormack, who said he decided to step down in order to spend more time with his children and grandchildren.</p>
<p>McCormack worked with architects in the design of the football facilities at Ericsson Stadium and guided the team through its extremely successful acquisition of players by expansion draft, free agency and the college draft.</p>
<p>McCormack also was instrumental in bringing NFL Coach of the Year Dom Capers and NFL Executive of the Year Bill Polian to Carolina.</p>
<p>&quot;It is impossible to measure the contributions of Mike in bringing the Carolina Panthers to the position we enjoy today,&quot; said team owner and founder Jerry Richardson. &quot;We will always be indebted to him. Just his presence gave our ownership group instant credibility.&quot;</p>
<p>When Carolina was awarded an NFL franchise on October 26, 1993, McCormack became general manager of the Panthers and was elevated to president in January of 1994.</p>
<p>McCormack was a former head coach with the Baltimore Colts and Philadelphia Eagles. He also served as a coach, president and general manager of the Seattle Seahawks.</p>
</text>
<copyright>(c) Reuters Limited 1997</copyright>
<metadata>
<codes class="bip:countries:1.0">
  <code code="USA">
    <editdetail attribution="Reuters BIP Coding Group" action="confirmed" date="1997-03-12"/>
  </code>
</codes>
<codes class="bip:topics:1.0">
  <code code="GCAT">
    <editdetail attribution="Reuters BIP Coding Group" action="confirmed" date="1997-03-12"/>
  </code>
  <code code="GSPO">
    <editdetail attribution="Reuters BIP Coding Group" action="confirmed" date="1997-03-12"/>
  </code>
</codes>
<dc element="dc.date.created" value="1997-03-12"/>
<dc element="dc.publisher" value="Reuters Holdings Plc"/>
<dc element="dc.date.published" value="1997-03-12"/>
<dc element="dc.source" value="Reuters"/>
<dc element="dc.creator.location" value="CHARLOTTE, North Carolina"/>
<dc element="dc.creator.location.country.name" value="USA"/>
<dc element="dc.source" value="Reuters"/>
</metadata>
</newsitem>
