<?xml version="1.0" encoding="iso-8859-1" ?>
<newsitem itemid="435565" id="root" date="1997-03-12" xml:lang="en">
<title>POLAND: LESS THAN HALF OF POLES HAVE ANY SAVINGS - SURVEY.</title>
<headline>LESS THAN HALF OF POLES HAVE ANY SAVINGS - SURVEY.</headline>
<dateline>WARSAW 1997-03-12</dateline>
<text>
<p>Only about 45 percent of Polish urban households have any savings and only about 35 percent use banking credit, a survey published on Wednesday showed.</p>
<p>The poll of 1,279 households was commissioned by state-owned Bank PKO BP and Bank Zachodni SA banks and Polcard payment card distributor and carried out by a research institution affiliated with the Polish Banking Association.</p>
<p>Bogumila Swat of Zachodni's research department, told a news conference the survey, conducted in October, allowed banks to better define market needs and areas which should be developed.</p>
<p>The survey showed most polled households had little knowledge of banking products, investment opportunities and most were reluctant to borrow from banks.</p>
<p>&quot;15,8 percent of those surveyed declared they would invest in bonds and stocks if they had more money but most savings are used for consumption,&quot; said Andrzej Ochocki, the survey's co-author.</p>
<p>Only seven percent of those surveyed declared they could live on their savings for more than a year and about 20 percent said their spare money would suffice for more than a month.</p>
<p>Out of those who said they were not using banking credit 29.6 percent said one should avoid borrowing at all, 21.3 percent saw no such need and 26.2 percent said interest rates were too high.</p>
<p>The poll also showed that despite consumer credit boom, which saw it doubling last year, longer term credits were still scarce because of high interest rates and relatively low incomes.</p>
<p>-- Warsaw Newsroom +48 22 653 9700</p>
</text>
<copyright>(c) Reuters Limited 1997</copyright>
<metadata>
<codes class="bip:countries:1.0">
  <code code="POL">
    <editdetail attribution="Reuters BIP Coding Group" action="confirmed" date="1997-03-12"/>
  </code>
</codes>
<codes class="bip:industries:1.0">
  <code code="I81402">
    <editdetail attribution="Reuters BIP Coding Group" action="confirmed" date="1997-03-12"/>
  </code>
</codes>
<codes class="bip:topics:1.0">
  <code code="C31">
    <editdetail attribution="Reuters BIP Coding Group" action="confirmed" date="1997-03-12"/>
  </code>
  <code code="CCAT">
    <editdetail attribution="Reuters BIP Coding Group" action="confirmed" date="1997-03-12"/>
  </code>
  <code code="E14">
    <editdetail attribution="Reuters BIP Coding Group" action="confirmed" date="1997-03-12"/>
  </code>
  <code code="ECAT">
    <editdetail attribution="Reuters BIP Coding Group" action="confirmed" date="1997-03-12"/>
  </code>
</codes>
<dc element="dc.date.created" value="1997-03-12"/>
<dc element="dc.publisher" value="Reuters Holdings Plc"/>
<dc element="dc.date.published" value="1997-03-12"/>
<dc element="dc.source" value="Reuters"/>
<dc element="dc.creator.location" value="WARSAW"/>
<dc element="dc.creator.location.country.name" value="POLAND"/>
<dc element="dc.source" value="Reuters"/>
</metadata>
</newsitem>
