<?xml version="1.0" encoding="iso-8859-1" ?>
<newsitem itemid="435526" id="root" date="1997-03-12" xml:lang="en">
<title>SPAIN: SOCCER-SPANISH CUP QUARTER-FINAL RESULTS.</title>
<headline>SOCCER-SPANISH CUP QUARTER-FINAL RESULTS.</headline>
<dateline>BARCELONA 1997-03-12</dateline>
<text>
<p>Results of Spanish Cup</p>
<p>quarter-final, second leg soccer matches on Wednesday:</p>
<p> Espanyol	 1  Las Palmas	 1</p>
<p>(Aggregate 1-1,. Las Palmas win on away goals rule)</p>
<p> Barcelona	v  Atletico Madrid  late kickoff</p>
<p>Playing Thursday:</p>
<p> Rayo Vallecano v  Real Betis	  </p>
<p> Celta Vigo     v  Racing Santander</p>
</text>
<copyright>(c) Reuters Limited 1997</copyright>
<metadata>
<codes class="bip:countries:1.0">
  <code code="SPAIN">
    <editdetail attribution="Reuters BIP Coding Group" action="confirmed" date="1997-03-12"/>
  </code>
</codes>
<codes class="bip:topics:1.0">
  <code code="GCAT">
    <editdetail attribution="Reuters BIP Coding Group" action="confirmed" date="1997-03-12"/>
  </code>
  <code code="GSPO">
    <editdetail attribution="Reuters BIP Coding Group" action="confirmed" date="1997-03-12"/>
  </code>
</codes>
<dc element="dc.date.created" value="1997-03-12"/>
<dc element="dc.publisher" value="Reuters Holdings Plc"/>
<dc element="dc.date.published" value="1997-03-12"/>
<dc element="dc.source" value="Reuters"/>
<dc element="dc.creator.location" value="BARCELONA"/>
<dc element="dc.creator.location.country.name" value="SPAIN"/>
<dc element="dc.source" value="Reuters"/>
</metadata>
</newsitem>
