<?xml version="1.0" encoding="iso-8859-1" ?>
<newsitem itemid="435534" id="root" date="1997-03-12" xml:lang="en">
<title>FRANCE: RUGBY UNION-AUCAGNE TAKES OVER FROM INJURED PENAUD.</title>
<headline>RUGBY UNION-AUCAGNE TAKES OVER FROM INJURED PENAUD.</headline>
<dateline>PARIS 1997-03-12</dateline>
<text>
<p>France changed their half-backs and one prop on Wednesday for the Five Nations' championship grand slam decider against Scotland at Parc des Princes on Saturday.</p>
<p>Pau fly-half David Aucagne takes over from the injured Alain Penaud, while Guy Accoceberry replaces Penaud's Brive team mate Philippe Carbonneau at scrum-half in the side announced by coach Jean-Claude Skrela.</p>
<p>Brive prop Didier Casadei wins his first cap in place of the suspended Christian Califano.</p>
<p>France - 15-Jean-Luc Sadourny; 14-Laurent Leflamand, 13-Christophe Lamaison, 12-Stephane Glas, 11-David Venditti; 10-David Aucagne, 9-Guy Accoceberry; 8-Fabien Pelous, 7-Olivier Magne, 6-Abdelatif Benazzi (captain), 5-Hugues Miorin, 4-Olivier Merle, 3-Franck Tournaire, 2-Marc Dal Maso, 1-Didier Casadei.</p>
</text>
<copyright>(c) Reuters Limited 1997</copyright>
<metadata>
<codes class="bip:countries:1.0">
  <code code="FRA">
    <editdetail attribution="Reuters BIP Coding Group" action="confirmed" date="1997-03-12"/>
  </code>
  <code code="IRE">
    <editdetail attribution="Reuters BIP Coding Group" action="confirmed" date="1997-03-12"/>
  </code>
  <code code="UK">
    <editdetail attribution="Reuters BIP Coding Group" action="confirmed" date="1997-03-12"/>
  </code>
</codes>
<codes class="bip:topics:1.0">
  <code code="GCAT">
    <editdetail attribution="Reuters BIP Coding Group" action="confirmed" date="1997-03-12"/>
  </code>
  <code code="GSPO">
    <editdetail attribution="Reuters BIP Coding Group" action="confirmed" date="1997-03-12"/>
  </code>
</codes>
<dc element="dc.date.created" value="1997-03-12"/>
<dc element="dc.publisher" value="Reuters Holdings Plc"/>
<dc element="dc.date.published" value="1997-03-12"/>
<dc element="dc.source" value="Reuters"/>
<dc element="dc.creator.location" value="PARIS"/>
<dc element="dc.creator.location.country.name" value="FRANCE"/>
<dc element="dc.source" value="Reuters"/>
</metadata>
</newsitem>
