<?xml version="1.0" encoding="iso-8859-1" ?>
<newsitem itemid="435556" id="root" date="1997-03-12" xml:lang="en">
<title>SLOVAKIA: INDICATORS - SLOVAKIA - UPDATED MARCH 10.</title>
<headline>INDICATORS - SLOVAKIA - UPDATED MARCH 10.</headline>
<text>
<p>KEY INTEREST RATES	     DISCOUNT		LOMBARD</p>
<p>  rate				  8.80		   15.00</p>
<p>  last changed		  Jan 12, 1996	 July 17, 1996</p>
<p>  former rate			 9.75		   13.00</p>
<p>INDICATORS - quarterly</p>
<p> GROSS DOMESTIC PRODUCT    Q1-Q3/96   Q3/96  Q1-Q3/95 Q3/95</p>
<p> real change yr/yr (pct)	+7.0    +6.9    +6.5    +8.2</p>
<p> absolute amount (skk bln)   432.7   152.7   383.0   135.4</p>
<p>(pct change)</p>
<p> household demand		 +7.8    +7.7    +6.6    -0.2</p>
<p> state administration demand +25.2   +29.0    -1.6    -1.1</p>
<p> gross capital creation	+30.5   +36.4    -0.9    +1.8</p>
<p> exports of goods/services    -3.9    +1.1     n/a    +6.4</p>
<p> imports of goods/services   +15.4   +27.3     n/a    +1.2</p>
<p> REAL INVESTMENTS INDEX	+31.7   +24.9     n/a   +17.7</p>
<p> AVERAGE WAGE INDEX	     FY/96   Q3/96   FY/95   Q3/95</p>
<p>  real (yr/yr)		    +6.2    +6.9    +4.4    +3.7</p>
<p>  nominal (yr/yr)		+12.4   +12.6   +14.3   +13.5</p>
<p> INDICATORS - monthly   Month    Pvs Month	Yr ago</p>
<p> SLOVAK CURRENT ACCT	FY/96    11MO'96	FY/95</p>
<p>  overall ($ million)  -1,940.8   -1,400.5   +391.4 (+648.8)</p>
<p>  trade balance	  -2,105.8   -1,596.8   -227.5  (+24.1)</p>
<p>  balance of services	+7.4	+37.9   +540.4 (+546.2)</p>
<p>  income balance	    -44.7	-22.6    -13.7  (-13.7)</p>
<p>  current transfers	+202.3     +181.0    +92.2  (+92.2)</p>
<p>CAPITAL ACCOUNT</p>
<p>  Total balance	   +2,143.8   +1,571.6   +993.9</p>
<p>  capital transfers	  +29.7	+29.7    +45.7</p>
<p>direct investment balance</p>
<p>  inv. in Slovak Republic +142.8     +108.8   +141.9</p>
<p>  Slovak investment abroad -48.5	-45.1     -7.9</p>
<p>portfolio investment balance</p>
<p>  inv. in Slovak Republic  +35.0	 +5.7    +74.4</p>
<p>  Slovak investment abroad +67.1	+61.7   +171.7</p>
<p>other long-term financial</p>
<p>  account		     +997.8     +496.3   +393.8</p>
<p> short-term fin. account  +919.9     +914.5    +91.3</p>
<p>Note. All figures are in millions of U.S. dollars and</p>
<p>subject to revision. Figures in the brackets have been revised.</p>
<p>The central bank used the following exchange rates in</p>
<p>calculating the figures: full year '96 (USD=30.647 SKK),</p>
<p>Jan-Nov'96 (USD=30.571 SKK), full year '95 (USD=29.735 SKK).</p>
<p>SLOVAK CONSUMER INFLATION  Jan 1997</p>
<p>  pct change mo/mo		   1.1	0.3	 0.6</p>
<p>  pct change yr/yr		   5.8	5.3	 n/a</p>
<p>Foodstuffs, soft drinks</p>
<p>  pct change month/month	   1.7	0.1	 0.7</p>
<p>  pct change year/year	     5.4	4.4	 n/a</p>
<p>Leisure and culture</p>
<p> pct change month/month	    1.4	0.4	 6.3</p>
<p>  pct change year/year	     4.1	9.1	 n/a</p>
<p>Hotels, cafes, restaurants</p>
<p>  pct change month/month	   1.3	0.4	-0.9</p>
<p>  pct change year/year	     7.7	5.3	 n/a</p>
<p>Transportation</p>
<p>  pct change month/month	   1.0	0.3	 0.1</p>
<p>  pct change year/year	     6.9	5.9	 n/a</p>
<p>Household, energy, utilities</p>
<p>and fuels</p>
<p>  pct change month/month	   0.6	0.3	 0.3</p>
<p>  pct change year/year	     5.4	5.1	 n/a</p>
<p>Alcohol, tobacco and</p>
<p>pharmaceuticals</p>
<p>  pct change month/month	   0.8	0.3	 0.4</p>
<p>  pct change year/year	     4.2	3.9	 n/a</p>
<p>Furniture, household appliances</p>
<p>and maintenance</p>
<p>  pct change month/month	   0.3	0.2	 0.0</p>
<p>  pct change year/year	     4.3	4.0	 n/a</p>
<p>Education</p>
<p>  pct change month/month	   0.9	0.2	-4.8</p>
<p>  pct change year/year	    12.5	6.1	 n/a</p>
<p>Healthcare</p>
<p>  pct change month/month	   0.4	0.1	-2.9</p>
<p>  pct change year/year	    11.1	7.4	 n/a</p>
<p>Clothes and shoes</p>
<p>  pct change month/month	   0.6	0.7	 0.4</p>
<p>  pct change year/year	     7.2	7.0	 n/a</p>
<p>Various goods and services</p>
<p>  pct change month/month	   0.7	0.1	-0.4</p>
<p>  pct change year/year	     4.4	3.3	 n/a</p>
<p> PRODUCER PRICES   Jan</p>
<p> Producer Price Index		6.1	4.9	n/a</p>
<p>Industrial production</p>
<p> pct change month/month	    1.6	n/a	n/a</p>
<p> pct change year/year		6.5	5.2	n/a</p>
<p> SLOVAK INDUSTRIAL OUTPUT  FY/96   Dec 96   Nov 96   Dec 95</p>
<p>  pct change yr/yr	   +2.5    +1.4	0.0     +8.3</p>
<p>Construction Output</p>
<p>  pct change yr/yr	   +3.7    +3.2     +6.4     -1.6</p>
<p>Note. All figures are subject to revision.</p>
<p> RETAIL SALES	   FY/96   Dec96   Nov96   FY/95  Dec 95</p>
<p> real pct change yr/yr +6.9   +3.7    +6.3    +2.0   +5.3</p>
<p> AVERAGE INDUST WAGES    FY/96   Dec 96   FY/95   Dec 95</p>
<p> nominal pct chg yr/yr  +14.6    +19.9   +15.9    +13.9</p>
<p> SLOVAK UNEMPLOYMENT	 Jan '97    Dec '96    Jan '96</p>
<p>  Total jobless		 353,605    329,749    387,086</p>
<p>  Percentage of workforce    13.59	12.84	13.73</p>
<p> SLOVAK FOREIGN TADE   Jan 97   Jan-Dec 96    Jan 96</p>
<p>  exports (SKK bln)    20.588     270.63	20.489</p>
<p>  imports		  27.649     335.17	22.614</p>
<p>  balance		  -7.061     -64.54	-2.125</p>
<p>HARD CURRENCY RESERVES  March 5  Feb 26  Jan 29  Dec 31/96</p>
<p>  NBS reserves ($bln)    3.457    3.514   3.418    3.473</p>
<p>  Commercial banks	 1.831    1.830   1.920    2.321</p>
<p>  Entire banking sector  5.288    5.344   5.338    5.794</p>
<p> SLOVAK MONEY SUPPLY  Jan 97  FY/96   Jan 96   FY/95</p>
<p>M2 overall</p>
<p>  pct change yr/yr    +15.5   +15.7   +21.0   +20.7</p>
<p>Note. The NBS's full-year target was an M2 expansion of</p>
<p>11.6 percent year-on-year. M2 measures currency, demand and</p>
<p>time deposits, savings deposits, and foreign currency deposits.</p>
<p> SLOVAK STATE BUDGET    Jan 97    1996    1995  1997 (plan)</p>
<p>(SKK bln)</p>
<p>  budget revenues	  n/a     166.3   163.1    171.1</p>
<p>  budget expenditures    n/a     191.8   171.4    208.0</p>
<p>  balance		   +2.9     -25.5    -8.3    -36.9</p>
<p>-- Bratislava Newsroom, 421-7-521-8402</p>
</text>
<copyright>(c) Reuters Limited 1997</copyright>
<metadata>
<codes class="bip:countries:1.0">
  <code code="SLVAK">
    <editdetail attribution="Reuters BIP Coding Group" action="confirmed" date="1997-03-12"/>
  </code>
</codes>
<codes class="bip:topics:1.0">
  <code code="E71">
    <editdetail attribution="Reuters BIP Coding Group" action="confirmed" date="1997-03-12"/>
  </code>
  <code code="ECAT">
    <editdetail attribution="Reuters BIP Coding Group" action="confirmed" date="1997-03-12"/>
  </code>
</codes>
<dc element="dc.publisher" value="Reuters Holdings Plc"/>
<dc element="dc.date.published" value="1997-03-12"/>
<dc element="dc.source" value="Reuters"/>
<dc element="dc.creator.location.country.name" value="SLOVAKIA"/>
<dc element="dc.source" value="Reuters"/>
</metadata>
</newsitem>
