<?xml version="1.0" encoding="iso-8859-1" ?>
<newsitem itemid="435523" id="root" date="1997-03-12" xml:lang="en">
<title>GERMANY: SOCCER-BAYERN SUFFER SECOND DEFEAT IN FOUR DAYS.</title>
<headline>SOCCER-BAYERN SUFFER SECOND DEFEAT IN FOUR DAYS.</headline>
<dateline>BONN 1997-03-12</dateline>
<text>
<p>Bayern Munich's championship campaign appeared to be coming off the rails on Wednesday as a 2-0 defeat at promoted Arminia Bielefeld -- their second loss in four days -- handed the Bundesliga initiative to Borussia Dortmund.</p>
<p>Bayern's second defeat in four days allowed Dortmund to open a three-point lead courtesy of a 3-0 win over Hansa Rostock.</p>
<p>The Bavarians had lost just once in 20 matches all season before their calamitous 5-2 defeat at Bayer Leverkusen on Sunday, a result which allowed reigning champions Dortmund to take over top spot.</p>
<p>And on Wednesday two first-half goals from German international striker Stefan Kuntz helped middle-of-the-table Bielefeld sink a weak Bayern again.</p>
<p>European Cup quarter-finalists Dortmund's home victory over Rostock saw former German international striker Karlheinz Riedle scoring twice.</p>
<p>In the second surprise of the evening fourth-placed Leverkusen were unable to match their weekend form and lost 3-0 at 1860 Munich.</p>
</text>
<copyright>(c) Reuters Limited 1997</copyright>
<metadata>
<codes class="bip:countries:1.0">
  <code code="GFR">
    <editdetail attribution="Reuters BIP Coding Group" action="confirmed" date="1997-03-12"/>
  </code>
</codes>
<codes class="bip:topics:1.0">
  <code code="GCAT">
    <editdetail attribution="Reuters BIP Coding Group" action="confirmed" date="1997-03-12"/>
  </code>
  <code code="GSPO">
    <editdetail attribution="Reuters BIP Coding Group" action="confirmed" date="1997-03-12"/>
  </code>
</codes>
<dc element="dc.date.created" value="1997-03-12"/>
<dc element="dc.publisher" value="Reuters Holdings Plc"/>
<dc element="dc.date.published" value="1997-03-12"/>
<dc element="dc.source" value="Reuters"/>
<dc element="dc.creator.location" value="BONN"/>
<dc element="dc.creator.location.country.name" value="GERMANY"/>
<dc element="dc.source" value="Reuters"/>
</metadata>
</newsitem>
