<?xml version="1.0" encoding="iso-8859-1" ?>
<newsitem itemid="435527" id="root" date="1997-03-12" xml:lang="en">
<title>GERMANY: SOCCER-GERMAN FIRST DIVISION SUMMARIES.</title>
<headline>SOCCER-GERMAN FIRST DIVISION SUMMARIES.</headline>
<dateline>BONN 1997-03-12</dateline>
<text>
<p>Summaries of soccer matches played in the German first division on Wednesday:</p>
<p> Borussia Dortmund	   3 - Riedle 60, 74 Chapuisat 68</p>
<p> Hansa Rostock		 0</p>
<p>HT: 0-0. Att: 54,200</p>
<p>- - - -</p>
<p> Fortuna Duesseldorf	 2 - Younga-Mouhani 40, 62</p>
<p> Freiburg			1 - Rath 90 pen</p>
<p>HT: 1-0. Att: 12,500</p>
<p>Red card: Juran (FD) 68</p>
<p>- - - -</p>
<p> 1860 Munich		   3 - Cerny 22, Winkler 42, 53</p>
<p> Bayer Leverkusen	    0</p>
<p>HT: 2-0. Att: 29,000</p>
<p>- - - -</p>
<p>Played on Tuesday:</p>
<p> Karlsruhe		     2 - Kirjakow 9, Stickroth 35</p>
<p> Bochum			  3 - Koezle 2, Fink 47, Donkow 57</p>
<p>HT: 1-2. Att: 22,000</p>
<p>- - - -</p>
<p> Werder Bremen		 2 - Brand 37, Scholz 51</p>
<p> St Pauli			1 - Scherz 18</p>
<p>HT: 1-1. Att: 26,500</p>
<p>- - - -</p>
<p> Hamburg			 2 - Salihamidzic 56 74</p>
<p> Borussia Moenchengladbach 1 - Lupescu 89</p>
<p>HT: 0-0. Att: 22,000</p>
<p>- - - -</p>
<p> Schalke			 4 - Anderbruegge 4, Held 66, Max 73,</p>
<p>					 Emmerling 90, o.g.</p>
<p> Duisburg			0</p>
<p>HT: 1-0. Att: 33,700</p>
<p>- - - -</p>
<p> Cologne			 1 - Steinmann 20</p>
<p> VfB Stuttgart		 5 - Bobic 21 33 86, Elber 55,</p>
<p>					 Lisztes 89</p>
<p>HT: 1-2. Att: 27,000</p>
</text>
<copyright>(c) Reuters Limited 1997</copyright>
<metadata>
<codes class="bip:countries:1.0">
  <code code="GFR">
    <editdetail attribution="Reuters BIP Coding Group" action="confirmed" date="1997-03-12"/>
  </code>
</codes>
<codes class="bip:topics:1.0">
  <code code="GCAT">
    <editdetail attribution="Reuters BIP Coding Group" action="confirmed" date="1997-03-12"/>
  </code>
  <code code="GSPO">
    <editdetail attribution="Reuters BIP Coding Group" action="confirmed" date="1997-03-12"/>
  </code>
</codes>
<dc element="dc.date.created" value="1997-03-12"/>
<dc element="dc.publisher" value="Reuters Holdings Plc"/>
<dc element="dc.date.published" value="1997-03-12"/>
<dc element="dc.source" value="Reuters"/>
<dc element="dc.creator.location" value="BONN"/>
<dc element="dc.creator.location.country.name" value="GERMANY"/>
<dc element="dc.source" value="Reuters"/>
</metadata>
</newsitem>
