<?xml version="1.0" encoding="iso-8859-1" ?>
<newsitem itemid="435548" id="root" date="1997-03-12" xml:lang="en">
<title>SOUTH AFRICA: MINISTER GIVES UNIONS ASSURANCE ON S.AFRICA BUDGET.</title>
<headline>MINISTER GIVES UNIONS ASSURANCE ON S.AFRICA BUDGET.</headline>
<dateline>CAPE TOWN 1997-03-12</dateline>
<text>
<p>Labour Minister Tito Mboweni sought to reassure leftist unions on Wednesday that South Africa's 1997/98 budget would address their concerns, but he acknowledged there were differences of approach.</p>
<p>&quot;There will of course be differences in terms of our approach here and there, on tax, a difference here and there between our approaches to exchange controls, but the fundamental approach is what all of us here would want to see,&quot; Mboweni said.</p>
<p>He was speaking after accepting a memorandum from public sector unions within the Congress of South African Trade Unions (Cosatu) which organised a demonstration of about 1,500 people outside parliament to coincide with Finance Minister Trevor Manuel's presentation of the budget.</p>
<p>The memorandum demanded higher corporate taxes, a special tax on the &quot;super rich&quot;, a capital gains tax and a luxury goods tax. </p>
<p>It described the current 45 percent tax on high income earners as too low. Anyone making more than 200,000 rand a year should be taxed 55 percent, the memorandum said.</p>
<p>&quot;Most of the elements contained in the memorandum have been accommodated,&quot; Mboweni said.</p>
<p>&quot;There'll be significant movement towards ensuring the needs of our people will be met... Let none of us believe all the problems of our country can be solved by the minister of finance this afternoon,&quot; he said.</p>
<p>&quot;We must be careful when we look at numbers, when somebody says 'you should just increase expenditure', and you don't look at the capacity of the government to actually spend the money, what you are saying is 'go and borrow the money, and pay the interest', and yet that money is not used,&quot; Mboweni said.</p>
<p>This would increase South Africa's debt burden, he added. </p>
<p>-- Cape Town newsroom +27 21 252-238</p>
</text>
<copyright>(c) Reuters Limited 1997</copyright>
<metadata>
<codes class="bip:countries:1.0">
  <code code="SAFR">
    <editdetail attribution="Reuters BIP Coding Group" action="confirmed" date="1997-03-12"/>
  </code>
</codes>
<codes class="bip:topics:1.0">
  <code code="C42">
    <editdetail attribution="Reuters BIP Coding Group" action="confirmed" date="1997-03-12"/>
  </code>
  <code code="CCAT">
    <editdetail attribution="Reuters BIP Coding Group" action="confirmed" date="1997-03-12"/>
  </code>
  <code code="E21">
    <editdetail attribution="Reuters BIP Coding Group" action="confirmed" date="1997-03-12"/>
  </code>
  <code code="E211">
    <editdetail attribution="Reuters BIP Coding Group" action="confirmed" date="1997-03-12"/>
  </code>
  <code code="E41">
    <editdetail attribution="Reuters BIP Coding Group" action="confirmed" date="1997-03-12"/>
  </code>
  <code code="ECAT">
    <editdetail attribution="Reuters BIP Coding Group" action="confirmed" date="1997-03-12"/>
  </code>
  <code code="GCAT">
    <editdetail attribution="Reuters BIP Coding Group" action="confirmed" date="1997-03-12"/>
  </code>
  <code code="GJOB">
    <editdetail attribution="Reuters BIP Coding Group" action="confirmed" date="1997-03-12"/>
  </code>
  <code code="GPOL">
    <editdetail attribution="Reuters BIP Coding Group" action="confirmed" date="1997-03-12"/>
  </code>
</codes>
<dc element="dc.date.created" value="1997-03-12"/>
<dc element="dc.publisher" value="Reuters Holdings Plc"/>
<dc element="dc.date.published" value="1997-03-12"/>
<dc element="dc.source" value="Reuters"/>
<dc element="dc.creator.location" value="CAPE TOWN"/>
<dc element="dc.creator.location.country.name" value="SOUTH AFRICA"/>
<dc element="dc.source" value="Reuters"/>
</metadata>
</newsitem>
