<?xml version="1.0" encoding="iso-8859-1" ?>
<newsitem itemid="435500" id="root" date="1997-03-12" xml:lang="en">
<title>SOUTH AFRICA: CRICKET-NATAL SWEEP PAST KENYA INTO SEMI-FINALS.</title>
<headline>CRICKET-NATAL SWEEP PAST KENYA INTO SEMI-FINALS.</headline>
<dateline>DURBAN 1997-03-12</dateline>
<text>
<p>Natal joined Western Province</p>
<p>and Mashonaland in the semi-finals of the Standard Bank Cup</p>
<p>cricket competition after an emphatic 104-run victory over Kenya</p>
<p>in their quarter-final match at Kingsmead on Wednesday.</p>
<p>The 1996-97 SuperSport Series champions stayed on course for</p>
<p>a possible domestic double after posting a challenging 240 for</p>
<p>six batting first. They then dismissed Kenya for a paltry 136 in</p>
<p>42.5 overs.</p>
<p>Kenya, who play in the International Cricket Council Trophy</p>
<p>in Malaysia later this month, got off to a useful start with an</p>
<p>opening partnership of 32 between Asif Karim (13) and Kennedy</p>
<p>Otieno (16).</p>
<p>But the cheap dismissal of their key batsmen -- Otieno,</p>
<p>Steve Tikolo (for two) and captain Maurice Odumbe (eight) -- put</p>
<p>Kenya on the back foot and they lost wickets at regular</p>
<p>intervals as the pressure of chasing 241 told.</p>
<p>All-rounder Thomas Odoyo produced a spanking 21 off 28 balls</p>
<p>towards the end but Natal outclassed their visitors in the field</p>
<p>with Neil Johnson taking 4-19 and off-spinner Pat Symcox 3-22.</p>
<p>Earlier, the home side were boosted by a fourth-wicket</p>
<p>partnership of 145 between opener Doug Watson and all-rounder</p>
<p>Derek Crookes as they made their impressive 240 for six after</p>
<p>being invited to bat first.</p>
<p>Watson, who top-scored with a patient 85, and Crookes, who</p>
<p>was made man of the match for his aggressive 72 from 84 balls</p>
<p>and his display in the field, hit Natal out of early innings</p>
<p>trouble when they had been pegged back to 33 for three in the</p>
<p>12th over.</p>
<p>Scoreboard:</p>
<p>Kenya</p>
<p>    A.Karim c Forde b Klusener		     13</p>
<p>    K.Otieno c Bruyns b Johnson		    16</p>
<p>    S.Tikolo b Johnson				  2</p>
<p>    M.Odumbe lbw b Symcox			     8</p>
<p>    H.Modi lbw b Symcox				19</p>
<p>    T.Suji c Crookes b Symcox			 9</p>
<p>    D.Tikolo st Forde b Symcox			1</p>
<p>    T.Odoyo c and b Klusener			 21</p>
<p>    M.Suji c Pollock b Johnson		     15</p>
<p>    S.Bwibo not out				     2</p>
<p>    B.Patel b Johnson				   4</p>
<p>    Extras						 26</p>
<p>    Total (all out in 42.5 overs)		 136   </p>
<p>Fall of wickets: 1-32 2-37 3-50 4-59 5-73 6-85 7-85 8-123</p>
<p>9-130.</p>
<p>Bowling: Pollock 5-1-12-0, Klusener 9-0-39-2, Johnson</p>
<p>7.5-1-19-4, Benkenstein 2-1-9-0, Symcox 9-1-22-3, Crookes</p>
<p>9-0-26-1, Rhodes 1-0-3-0.</p>
<p>Result: Natal won by 104 runs.</p>
<p>Man of the match: Derek Crookes.</p>
</text>
<copyright>(c) Reuters Limited 1997</copyright>
<metadata>
<codes class="bip:countries:1.0">
  <code code="KENYA">
    <editdetail attribution="Reuters BIP Coding Group" action="confirmed" date="1997-03-12"/>
  </code>
  <code code="SAFR">
    <editdetail attribution="Reuters BIP Coding Group" action="confirmed" date="1997-03-12"/>
  </code>
</codes>
<codes class="bip:topics:1.0">
  <code code="GCAT">
    <editdetail attribution="Reuters BIP Coding Group" action="confirmed" date="1997-03-12"/>
  </code>
  <code code="GSPO">
    <editdetail attribution="Reuters BIP Coding Group" action="confirmed" date="1997-03-12"/>
  </code>
</codes>
<dc element="dc.date.created" value="1997-03-12"/>
<dc element="dc.publisher" value="Reuters Holdings Plc"/>
<dc element="dc.date.published" value="1997-03-12"/>
<dc element="dc.source" value="Reuters"/>
<dc element="dc.creator.location" value="DURBAN"/>
<dc element="dc.creator.location.country.name" value="SOUTH AFRICA"/>
<dc element="dc.source" value="Reuters"/>
</metadata>
</newsitem>
