<?xml version="1.0" encoding="iso-8859-1" ?>
<newsitem itemid="435535" id="root" date="1997-03-12" xml:lang="en">
<title>FRANCE: SOCCER-FRENCH FIRST DIVISION STANDINGS.</title>
<headline>SOCCER-FRENCH FIRST DIVISION STANDINGS.</headline>
<dateline>PARIS 1997-03-12</dateline>
<text>
<p>Standings in the French first</p>
<p>division championship ahead of this weekend's matches:</p>
<p>    Standings		   P   W  D  L   F   G  Pts</p>
<p> 1. Monaco		     28  16  8  4  48  22  56</p>
<p> 2. Paris St Germain	 28  14 10  4  42  22  52</p>
<p> 3. Bastia		     27  14  6  7  38  29  48</p>
<p> 4. Strasbourg		 28  15  2 11  40  37  47</p>
<p> 5. Bordeaux		   28  12 10  6  44  30  46</p>
<p> 6. Nantes		     28  11 12  5  48  26  45</p>
<p> 7. Auxerre		    28  11 10  7  32  21  43</p>
<p> 8. Metz			 28  11 10  7  30  23  43</p>
<p> 9. Marseille		  28   9 10  9  31  30  37</p>
<p> 10. Guingamp		  28   9 10  9  26  26  37</p>
<p> 11. Lyon			28   9 10  9  36  42  37</p>
<p> 12. Montpellier	     28   7 12  9  24  27  33</p>
<p> 13. Rennes		    28   9  6 13  30  38  33</p>
<p> 14. Cannes		    28   7 11 10  16  25  32</p>
<p> 15. Le Havre		  28   7 10 11  25  32  31</p>
<p> 16. Lens			28   8  6 14  29  42  30</p>
<p> 17. Lille		     28   7  9 12  27  44  30</p>
<p> 18. Caen			27   5 10 12  23  33  25</p>
<p> 19. Nancy		     28   6  7 15  23  36  25</p>
<p> 20. Nice			28   4  7 17  22  49  19</p>
</text>
<copyright>(c) Reuters Limited 1997</copyright>
<metadata>
<codes class="bip:countries:1.0">
  <code code="FRA">
    <editdetail attribution="Reuters BIP Coding Group" action="confirmed" date="1997-03-12"/>
  </code>
  <code code="MONAC">
    <editdetail attribution="Reuters BIP Coding Group" action="confirmed" date="1997-03-12"/>
  </code>
</codes>
<codes class="bip:topics:1.0">
  <code code="GCAT">
    <editdetail attribution="Reuters BIP Coding Group" action="confirmed" date="1997-03-12"/>
  </code>
  <code code="GSPO">
    <editdetail attribution="Reuters BIP Coding Group" action="confirmed" date="1997-03-12"/>
  </code>
</codes>
<dc element="dc.date.created" value="1997-03-12"/>
<dc element="dc.publisher" value="Reuters Holdings Plc"/>
<dc element="dc.date.published" value="1997-03-12"/>
<dc element="dc.source" value="Reuters"/>
<dc element="dc.creator.location" value="PARIS"/>
<dc element="dc.creator.location.country.name" value="FRANCE"/>
<dc element="dc.source" value="Reuters"/>
</metadata>
</newsitem>
