<?xml version="1.0" encoding="iso-8859-1" ?>
<newsitem itemid="435544" id="root" date="1997-03-12" xml:lang="en">
<title>SOUTH AFRICA: SASOL WELCOMES S.AFRICAN FUEL LEVY CHANGES.</title>
<headline>SASOL WELCOMES S.AFRICAN FUEL LEVY CHANGES.</headline>
<dateline>CAPE TOWN 1997-03-12</dateline>
<text>
<p>Synthetic fuel producer Sasol Ltd said on Wednesday it was pleased that Finance Minister Trevor Manuel had reaffirmed an earlier cabinet decision on the phase-down of the floor price for tariff protection to synfuels.</p>
<p>&quot;Sasol fully supports the minister's proposal to decrease the equalisation fund levy and to increase the fuel tax accordingly,&quot; the company said in a statement.</p>
<p>The decrease was made possible by the phasing down of the protection floor price over the past year, as well as a relatively firm world oil price. As a result, the equalisation fund has accumulated a high balance, allowing for a reuction in the levy.</p>
<p>The equalisation fund levy will be cut by four cents a litre for petrol and 2.5 cents a litre for diesel as from April 2, while the fuel levy will be increased by the same amounts. This would have no effect on the pump price of fuel.</p>
<p>Sasol added that the synthetic fuel industry had enjoyed no tariff protection since November 1996. The floor price is to be reduced further to $17 a barrel on July 1, 1997.</p>
<p>-- Parliamentary office +27 21 403 2502</p>
</text>
<copyright>(c) Reuters Limited 1997</copyright>
<metadata>
<codes class="bip:countries:1.0">
  <code code="SAFR">
    <editdetail attribution="Reuters BIP Coding Group" action="confirmed" date="1997-03-12"/>
  </code>
</codes>
<codes class="bip:industries:1.0">
  <code code="I13000">
    <editdetail attribution="Reuters BIP Coding Group" action="confirmed" date="1997-03-12"/>
  </code>
  <code code="I1300003">
    <editdetail attribution="Reuters BIP Coding Group" action="confirmed" date="1997-03-12"/>
  </code>
  <code code="I14000">
    <editdetail attribution="Reuters BIP Coding Group" action="confirmed" date="1997-03-12"/>
  </code>
</codes>
<codes class="bip:topics:1.0">
  <code code="C13">
    <editdetail attribution="Reuters BIP Coding Group" action="confirmed" date="1997-03-12"/>
  </code>
  <code code="CCAT">
    <editdetail attribution="Reuters BIP Coding Group" action="confirmed" date="1997-03-12"/>
  </code>
  <code code="M14">
    <editdetail attribution="Reuters BIP Coding Group" action="confirmed" date="1997-03-12"/>
  </code>
  <code code="M143">
    <editdetail attribution="Reuters BIP Coding Group" action="confirmed" date="1997-03-12"/>
  </code>
  <code code="MCAT">
    <editdetail attribution="Reuters BIP Coding Group" action="confirmed" date="1997-03-12"/>
  </code>
</codes>
<dc element="dc.date.created" value="1997-03-12"/>
<dc element="dc.publisher" value="Reuters Holdings Plc"/>
<dc element="dc.date.published" value="1997-03-12"/>
<dc element="dc.source" value="Reuters"/>
<dc element="dc.creator.location" value="CAPE TOWN"/>
<dc element="dc.creator.location.country.name" value="SOUTH AFRICA"/>
<dc element="dc.source" value="Reuters"/>
</metadata>
</newsitem>
